{"type":"FeatureCollection","features":[{"type":"Feature","geometry":{"type":"MultiLineString","coordinates":[[[-122.43741068,37.790212522],[-122.437271512,37.789524368]]]},"properties":{"objectid":"6966","agency":null,"regulation":"Time limited","days":"M-F","hours":"800-1800","hrs_begin":"800","hrs_end":"1800","regdetails":null,"modified":null,"editor":null,"rpparea1":"G","rpparea2":null,"rpparea3":null,"fid_100":"5754","length_ft":"254","conflict":"0","enacted":null,"created_us":null,"created_da":null,"last_edite":null,"last_edi_1":null,"hrlimit":"2","created_user":null,"created_date":null,"last_edited_user":"MTA","last_edited_date":"2017-05-12 17:13:11-07:00","rpp_sym":"lapis lazuli, 2.5 pt, no dash","mtab_date":null,"mtab_motion":null,"mtab_reso_text":null,"sym_rpp2":"lapis lazuli, 2.5 pt, no dash | 2, M-F, 800-1800","globalid":null,"exceptions":"Yes. RPP holders are exempt from time limits.","from_time":"8am","to_time":"6pm","data_as_of":"2017-05-12T17:13:11.000","analysis_neighborhood":"Pacific Heights","supervisor_district":"2","data_loaded_at":"2026-06-13T10:29:08.190",":id":"row-pqxp-6uhi.tu5m",":version":"rv-6afb-mzsc_x23h",":created_at":"2026-06-13T17:29:18.307Z",":updated_at":"2026-06-13T17:29:18.307Z"}},{"type":"Feature","geometry":{"type":"MultiLineString","coordinates":[[[-122.426071073,37.79254413],[-122.425934296,37.791866088]]]},"properties":{"objectid":"2051","agency":null,"regulation":"Time limited","days":"M-F","hours":"800-1800","hrs_begin":"800","hrs_end":"1800","regdetails":null,"modified":null,"editor":null,"rpparea1":"G","rpparea2":null,"rpparea3":null,"fid_100":"5675","length_ft":"250","conflict":"0","enacted":null,"created_us":null,"created_da":null,"last_edite":null,"last_edi_1":null,"hrlimit":"2","created_user":null,"created_date":null,"last_edited_user":"MTA","last_edited_date":"2017-05-12 17:13:37-07:00","rpp_sym":"lapis lazuli, 2.5 pt, no dash","mtab_date":null,"mtab_motion":null,"mtab_reso_text":null,"sym_rpp2":"lapis lazuli, 2.5 pt, no dash | 2, M-F, 800-1800","globalid":null,"exceptions":"Yes. RPP holders are exempt from time limits.","from_time":"8am","to_time":"6pm","data_as_of":"2017-05-12T17:13:37.000","analysis_neighborhood":"Pacific Heights","supervisor_district":"2","data_loaded_at":"2026-06-13T10:29:08.190",":id":"row-f9t4.unap_zdbd",":version":"rv-jhnw-ycyj.jtwv",":created_at":"2026-06-13T17:29:18.307Z",":updated_at":"2026-06-13T17:29:18.307Z"}},{"type":"Feature","geometry":{"type":"MultiLineString","coordinates":[[[-122.443471371,37.786589488],[-122.443326268,37.785872433]]]},"properties":{"objectid":"4851","agency":null,"regulation":"Time limited","days":"M-F","hours":"800-1800","hrs_begin":"800","hrs_end":"1800","regdetails":null,"modified":null,"editor":null,"rpparea1":"G","rpparea2":null,"rpparea3":null,"fid_100":"6013","length_ft":"264","conflict":"0","enacted":null,"created_us":null,"created_da":null,"last_edite":null,"last_edi_1":null,"hrlimit":"2","created_user":null,"created_date":null,"last_edited_user":"MTA","last_edited_date":"2017-05-12 17:13:37-07:00","rpp_sym":"lapis lazuli, 2.5 pt, no dash","mtab_date":null,"mtab_motion":null,"mtab_reso_text":null,"sym_rpp2":"lapis lazuli, 2.5 pt, no dash | 2, M-F, 800-1800","globalid":null,"exceptions":"Yes. RPP holders are exempt from time limits.","from_time":"8am","to_time":"6pm","data_as_of":"2017-05-12T17:13:37.000","analysis_neighborhood":"Pacific Heights","supervisor_district":"2","data_loaded_at":"2026-06-13T10:29:08.190",":id":"row-34aa_6v9b~xnwc",":version":"rv-q6nz-mw5r~wwz3",":created_at":"2026-06-13T17:29:18.307Z",":updated_at":"2026-06-13T17:29:18.307Z"}},{"type":"Feature","geometry":{"type":"MultiLineString","coordinates":[[[-122.417589387,37.792346246],[-122.417520578,37.792007762]]]},"properties":{"objectid":"37","agency":null,"regulation":"Time limited","days":"M-Sa","hours":"800-2100","hrs_begin":"800","hrs_end":"2100","regdetails":null,"modified":null,"editor":null,"rpparea1":"C","rpparea2":"G","rpparea3":null,"fid_100":"4905","length_ft":"125","conflict":"0","enacted":null,"created_us":null,"created_da":null,"last_edite":null,"last_edi_1":null,"hrlimit":"2","created_user":null,"created_date":null,"last_edited_user":"MTA","last_edited_date":"2017-05-12 17:17:39-07:00","rpp_sym":"black, 2.5 pt, no dash","mtab_date":null,"mtab_motion":null,"mtab_reso_text":null,"sym_rpp2":"black, 2.5 pt, no dash | 2, M-Sa, 800-2100","globalid":null,"exceptions":"Yes. RPP holders are exempt from time limits.","from_time":"8am","to_time":"9pm","data_as_of":"2017-05-12T17:17:39.000","analysis_neighborhood":"Nob Hill","supervisor_district":"3","data_loaded_at":"2026-06-13T10:29:08.190",":id":"row-37yf_9va2~8ix7",":version":"rv-7qcp-rgra_7iq3",":created_at":"2026-06-13T17:29:18.307Z",":updated_at":"2026-06-13T17:29:18.307Z"}},{"type":"Feature","geometry":{"type":"MultiLineString","coordinates":[[[-122.420152227,37.795969514],[-122.420021916,37.795327353]]]},"properties":{"objectid":"3190","agency":null,"regulation":"Time limited","days":"M-Sa","hours":"800-2100","hrs_begin":"800","hrs_end":"2100","regdetails":null,"modified":null,"editor":null,"rpparea1":"A","rpparea2":"C","rpparea3":"G","fid_100":"4674","length_ft":"237","conflict":"0","enacted":null,"created_us":null,"created_da":null,"last_edite":null,"last_edi_1":null,"hrlimit":"2","created_user":null,"created_date":null,"last_edited_user":"MTA","last_edited_date":"2017-05-12 17:17:31-07:00","rpp_sym":"black, 2.5 pt, no dash","mtab_date":null,"mtab_motion":null,"mtab_reso_text":null,"sym_rpp2":"black, 2.5 pt, no dash | 2, M-Sa, 800-2100","globalid":null,"exceptions":"Yes. RPP holders are exempt from time limits.","from_time":"8am","to_time":"9pm","data_as_of":"2017-05-12T17:17:31.000","analysis_neighborhood":"Russian Hill","supervisor_district":"3","data_loaded_at":"2026-06-13T10:29:08.190",":id":"row-kv3e-pu8p.sc9r",":version":"rv-rzr7-uvqh~9q9u",":created_at":"2026-06-13T17:29:18.307Z",":updated_at":"2026-06-13T17:29:18.307Z"}},{"type":"Feature","geometry":{"type":"MultiLineString","coordinates":[[[-122.4384871,37.787219435],[-122.438344813,37.786516524]]]},"properties":{"objectid":"962","agency":null,"regulation":"Time limited","days":"M-F","hours":"800-1800","hrs_begin":"800","hrs_end":"1800","regdetails":null,"modified":null,"editor":null,"rpparea1":"G","rpparea2":null,"rpparea3":null,"fid_100":"5700","length_ft":"259","conflict":"0","enacted":null,"created_us":null,"created_da":null,"last_edite":null,"last_edi_1":null,"hrlimit":"2","created_user":null,"created_date":null,"last_edited_user":"MTA","last_edited_date":"2017-05-12 17:13:39-07:00","rpp_sym":"lapis lazuli, 2.5 pt, no dash","mtab_date":null,"mtab_motion":null,"mtab_reso_text":null,"sym_rpp2":"lapis lazuli, 2.5 pt, no dash | 2, M-F, 800-1800","globalid":null,"exceptions":"Yes. RPP holders are exempt from time limits.","from_time":"8am","to_time":"6pm","data_as_of":"2017-05-12T17:13:39.000","analysis_neighborhood":"Pacific Heights","supervisor_district":"5","data_loaded_at":"2026-06-13T10:29:08.190",":id":"row-krvc~yw7b_d6fv",":version":"rv-6ebb_kxnr~4vnf",":created_at":"2026-06-13T17:29:18.307Z",":updated_at":"2026-06-13T17:29:18.307Z"}},{"type":"Feature","geometry":{"type":"MultiLineString","coordinates":[[[-122.443712178,37.787779665],[-122.443854916,37.788485117]]]},"properties":{"objectid":"3740","agency":null,"regulation":"Time limited","days":"M-F","hours":"800-1800","hrs_begin":"800","hrs_end":"1800","regdetails":null,"modified":null,"editor":null,"rpparea1":"G","rpparea2":null,"rpparea3":null,"fid_100":"5970","length_ft":"260","conflict":"0","enacted":null,"created_us":null,"created_da":null,"last_edite":null,"last_edi_1":null,"hrlimit":"2","created_user":null,"created_date":null,"last_edited_user":"MTA","last_edited_date":"2017-05-12 17:13:10-07:00","rpp_sym":"lapis lazuli, 2.5 pt, no dash","mtab_date":null,"mtab_motion":null,"mtab_reso_text":null,"sym_rpp2":"lapis lazuli, 2.5 pt, no dash | 2, M-F, 800-1800","globalid":null,"exceptions":"Yes. RPP holders are exempt from time limits.","from_time":"8am","to_time":"6pm","data_as_of":"2017-05-12T17:13:10.000","analysis_neighborhood":"Pacific Heights","supervisor_district":"2","data_loaded_at":"2026-06-13T10:29:08.190",":id":"row-j4p6.dsrn-wwiw",":version":"rv-h6su.5242~58yj",":created_at":"2026-06-13T17:29:18.307Z",":updated_at":"2026-06-13T17:29:18.307Z"}},{"type":"Feature","geometry":{"type":"MultiLineString","coordinates":[[[-122.419142141,37.79164654],[-122.418994259,37.790916123]]]},"properties":{"objectid":"2386","agency":null,"regulation":"Time limited","days":"M-Sa","hours":"800-2100","hrs_begin":"800","hrs_end":"2100","regdetails":null,"modified":null,"editor":null,"rpparea1":"C","rpparea2":"G","rpparea3":null,"fid_100":"4898","length_ft":"269","conflict":"0","enacted":null,"created_us":null,"created_da":null,"last_edite":null,"last_edi_1":null,"hrlimit":"2","created_user":null,"created_date":null,"last_edited_user":"MTA","last_edited_date":"2017-05-12 17:17:31-07:00","rpp_sym":"black, 2.5 pt, no dash","mtab_date":null,"mtab_motion":null,"mtab_reso_text":null,"sym_rpp2":"black, 2.5 pt, no dash | 2, M-Sa, 800-2100","globalid":null,"exceptions":"Yes. RPP holders are exempt from time limits.","from_time":"8am","to_time":"9pm","data_as_of":"2017-05-12T17:17:31.000","analysis_neighborhood":"Nob Hill","supervisor_district":"3","data_loaded_at":"2026-06-13T10:29:08.190",":id":"row-9rkb-eadw_v5cc",":version":"rv-fdrh~4bfs_2ugs",":created_at":"2026-06-13T17:29:18.307Z",":updated_at":"2026-06-13T17:29:18.307Z"}},{"type":"Feature","geometry":{"type":"MultiLineString","coordinates":[[[-122.423169557,37.795679522],[-122.422158051,37.795811631]]]},"properties":{"objectid":"5774","agency":null,"regulation":"Time limited","days":"M-F","hours":"800-1800","hrs_begin":"800","hrs_end":"1800","regdetails":null,"modified":"2015-01-08 16:00:00-08:00","editor":"Mark C. Dreger","rpparea1":"A","rpparea2":"C","rpparea3":"G","fid_100":"5848","length_ft":"296","conflict":"0","enacted":null,"created_us":null,"created_da":null,"last_edite":null,"last_edi_1":null,"hrlimit":"2","created_user":null,"created_date":null,"last_edited_user":"RAYNELLCOOPER","last_edited_date":"2023-06-29 16:15:07-07:00","rpp_sym":"lapis lazuli, 2.5 pt, no dash","mtab_date":null,"mtab_motion":null,"mtab_reso_text":null,"sym_rpp2":"lapis lazuli, 2.5 pt, no dash | 2, M-F, 800-1800","globalid":null,"exceptions":"Yes. RPP holders are exempt from time limits.","from_time":"8am","to_time":"6pm","data_as_of":"2023-06-29T16:15:07.000","analysis_neighborhood":"Russian Hill","supervisor_district":"3","data_loaded_at":"2026-06-13T10:29:08.190",":id":"row-pqr4_9dbz~u6hz",":version":"rv-9qjh-neby-gfdw",":created_at":"2026-06-13T17:29:18.307Z",":updated_at":"2026-06-13T17:29:18.307Z"}},{"type":"Feature","geometry":{"type":"MultiLineString","coordinates":[[[-122.445884445,37.783598127],[-122.444822262,37.783728222]]]},"properties":{"objectid":"4432","agency":null,"regulation":"Time limited","days":"M-F","hours":"800-1800","hrs_begin":"800","hrs_end":"1800","regdetails":null,"modified":"2015-01-08 16:00:00-08:00","editor":"Mark C. Dreger","rpparea1":"G","rpparea2":null,"rpparea3":null,"fid_100":"9746","length_ft":"311","conflict":"0","enacted":null,"created_us":null,"created_da":null,"last_edite":null,"last_edi_1":null,"hrlimit":"2","created_user":null,"created_date":null,"last_edited_user":"MTA","last_edited_date":"2017-05-12 17:13:36-07:00","rpp_sym":"lapis lazuli, 2.5 pt, no dash","mtab_date":null,"mtab_motion":null,"mtab_reso_text":null,"sym_rpp2":"lapis lazuli, 2.5 pt, no dash | 2, M-F, 800-1800","globalid":null,"exceptions":"Yes. RPP holders are exempt from time limits.","from_time":"8am","to_time":"6pm","data_as_of":"2017-05-12T17:13:36.000","analysis_neighborhood":"Presidio Heights","supervisor_district":"5","data_loaded_at":"2026-06-13T10:29:08.190",":id":"row-tmq4~d424~7duj",":version":"rv-wyni~cnap~hzzu",":created_at":"2026-06-13T17:29:18.307Z",":updated_at":"2026-06-13T17:29:18.307Z"}},{"type":"Feature","geometry":{"type":"MultiLineString","coordinates":[[[-122.443042138,37.783793052],[-122.442890847,37.783048831]]]},"properties":{"objectid":"4509","agency":null,"regulation":"Time limited","days":"M-F","hours":"800-1800","hrs_begin":"800","hrs_end":"1800","regdetails":null,"modified":null,"editor":null,"rpparea1":"G","rpparea2":null,"rpparea3":null,"fid_100":"6029","length_ft":"274","conflict":"0","enacted":null,"created_us":null,"created_da":null,"last_edite":null,"last_edi_1":null,"hrlimit":"2","created_user":null,"created_date":null,"last_edited_user":"MTA","last_edited_date":"2017-05-12 17:13:10-07:00","rpp_sym":"lapis lazuli, 2.5 pt, no dash","mtab_date":null,"mtab_motion":null,"mtab_reso_text":null,"sym_rpp2":"lapis lazuli, 2.5 pt, no dash | 2, M-F, 800-1800","globalid":null,"exceptions":"Yes. RPP holders are exempt from time limits.","from_time":"8am","to_time":"6pm","data_as_of":"2017-05-12T17:13:10.000","analysis_neighborhood":"Presidio Heights","supervisor_district":"2","data_loaded_at":"2026-06-13T10:29:08.190",":id":"row-n6av-njpj~ndnw",":version":"rv-96s3-7qy7.xmav",":created_at":"2026-06-13T17:29:18.307Z",":updated_at":"2026-06-13T17:29:18.307Z"}},{"type":"Feature","geometry":{"type":"MultiLineString","coordinates":[[[-122.445244016,37.787370535],[-122.443852522,37.787547547]]]},"properties":{"objectid":"4668","agency":null,"regulation":"Time limited","days":"M-F","hours":"800-1800","hrs_begin":"800","hrs_end":"1800","regdetails":null,"modified":null,"editor":null,"rpparea1":"G","rpparea2":null,"rpparea3":null,"fid_100":"5989","length_ft":"407","conflict":"0","enacted":null,"created_us":null,"created_da":null,"last_edite":null,"last_edi_1":null,"hrlimit":"2","created_user":null,"created_date":null,"last_edited_user":"MTA","last_edited_date":"2017-05-12 17:13:11-07:00","rpp_sym":"lapis lazuli, 2.5 pt, no dash","mtab_date":null,"mtab_motion":null,"mtab_reso_text":null,"sym_rpp2":"lapis lazuli, 2.5 pt, no dash | 2, M-F, 800-1800","globalid":null,"exceptions":"Yes. RPP holders are exempt from time limits.","from_time":"8am","to_time":"6pm","data_as_of":"2017-05-12T17:13:11.000","analysis_neighborhood":"Presidio Heights","supervisor_district":"2","data_loaded_at":"2026-06-13T10:29:08.190",":id":"row-yynj~ux35~i2zr",":version":"rv-tmkn.jnzy_uiia",":created_at":"2026-06-13T17:29:18.307Z",":updated_at":"2026-06-13T17:29:18.307Z"}},{"type":"Feature","geometry":{"type":"MultiLineString","coordinates":[[[-122.440072654,37.787067186],[-122.438683174,37.787244118]]]},"properties":{"objectid":"2572","agency":null,"regulation":"Time limited","days":"M-F","hours":"800-1800","hrs_begin":"800","hrs_end":"1800","regdetails":null,"modified":null,"editor":null,"rpparea1":"G","rpparea2":null,"rpparea3":null,"fid_100":"5736","length_ft":"407","conflict":"0","enacted":null,"created_us":null,"created_da":null,"last_edite":null,"last_edi_1":null,"hrlimit":"2","created_user":null,"created_date":null,"last_edited_user":"MTA","last_edited_date":"2017-05-12 17:13:36-07:00","rpp_sym":"lapis lazuli, 2.5 pt, no dash","mtab_date":null,"mtab_motion":null,"mtab_reso_text":null,"sym_rpp2":"lapis lazuli, 2.5 pt, no dash | 2, M-F, 800-1800","globalid":null,"exceptions":"Yes. RPP holders are exempt from time limits.","from_time":"8am","to_time":"6pm","data_as_of":"2017-05-12T17:13:36.000","analysis_neighborhood":"Pacific Heights","supervisor_district":"2","data_loaded_at":"2026-06-13T10:29:08.190",":id":"row-2i4k.upzs-vyw5",":version":"rv-pivg_dxqx~6ep8",":created_at":"2026-06-13T17:29:18.307Z",":updated_at":"2026-06-13T17:29:18.307Z"}},{"type":"Feature","geometry":{"type":"MultiLineString","coordinates":[[[-122.43274066,37.788133162],[-122.432156464,37.788207366]]]},"properties":{"objectid":"128","agency":null,"regulation":"Time limited","days":"M-F","hours":"800-1800","hrs_begin":"800","hrs_end":"1800","regdetails":null,"modified":null,"editor":null,"rpparea1":"G","rpparea2":null,"rpparea3":null,"fid_100":"5579","length_ft":"171","conflict":"0","enacted":null,"created_us":null,"created_da":null,"last_edite":null,"last_edi_1":null,"hrlimit":"2","created_user":null,"created_date":null,"last_edited_user":"MTA","last_edited_date":"2017-05-12 17:13:27-07:00","rpp_sym":"lapis lazuli, 2.5 pt, no dash","mtab_date":null,"mtab_motion":null,"mtab_reso_text":null,"sym_rpp2":"lapis lazuli, 2.5 pt, no dash | 2, M-F, 800-1800","globalid":null,"exceptions":"Yes. RPP holders are exempt from time limits.","from_time":"8am","to_time":"6pm","data_as_of":"2017-05-12T17:13:27.000","analysis_neighborhood":"Pacific Heights","supervisor_district":"2","data_loaded_at":"2026-06-13T10:29:08.190",":id":"row-yujk.ayzr-kr5h",":version":"rv-upqk-vu8z~ujbm",":created_at":"2026-06-13T17:29:18.307Z",":updated_at":"2026-06-13T17:29:18.307Z"}},{"type":"Feature","geometry":{"type":"MultiLineString","coordinates":[[[-122.447555154,37.791664619],[-122.44639575,37.791812337]]]},"properties":{"objectid":"2942","agency":null,"regulation":"Time limited","days":"M-F","hours":"800-1800","hrs_begin":"800","hrs_end":"1800","regdetails":null,"modified":null,"editor":null,"rpparea1":"F","rpparea2":"G","rpparea3":null,"fid_100":"5925","length_ft":"339","conflict":"0","enacted":null,"created_us":null,"created_da":null,"last_edite":null,"last_edi_1":null,"hrlimit":"3","created_user":null,"created_date":null,"last_edited_user":"MTA","last_edited_date":"2017-05-12 17:13:14-07:00","rpp_sym":"lapis lazuli, 2.5 pt, dash 3:1, interval 2","mtab_date":null,"mtab_motion":null,"mtab_reso_text":null,"sym_rpp2":"lapis lazuli, 2.5 pt, dash 3:1, interval 2 | 3, M-F, 800-1800","globalid":null,"exceptions":"Yes. RPP holders are exempt from time limits.","from_time":"8am","to_time":"6pm","data_as_of":"2017-05-12T17:13:14.000","analysis_neighborhood":"Presidio Heights","supervisor_district":"2","data_loaded_at":"2026-06-13T10:29:08.190",":id":"row-mb5d_2s25-unud",":version":"rv-qjsp.8g37-i2wc",":created_at":"2026-06-13T17:29:18.307Z",":updated_at":"2026-06-13T17:29:18.307Z"}},{"type":"Feature","geometry":{"type":"MultiLineString","coordinates":[[[-122.437179376,37.789385267],[-122.435784239,37.789561325]]]},"properties":{"objectid":"1430","agency":null,"regulation":"Time limited","days":"M-F","hours":"800-1800","hrs_begin":"800","hrs_end":"1800","regdetails":null,"modified":null,"editor":null,"rpparea1":"G","rpparea2":null,"rpparea3":null,"fid_100":"5760","length_ft":"408","conflict":"0","enacted":null,"created_us":null,"created_da":null,"last_edite":null,"last_edi_1":null,"hrlimit":"2","created_user":null,"created_date":null,"last_edited_user":"MTA","last_edited_date":"2017-05-12 17:13:27-07:00","rpp_sym":"lapis lazuli, 2.5 pt, no dash","mtab_date":null,"mtab_motion":null,"mtab_reso_text":null,"sym_rpp2":"lapis lazuli, 2.5 pt, no dash | 2, M-F, 800-1800","globalid":null,"exceptions":"Yes. RPP holders are exempt from time limits.","from_time":"8am","to_time":"6pm","data_as_of":"2017-05-12T17:13:27.000","analysis_neighborhood":"Pacific Heights","supervisor_district":"2","data_loaded_at":"2026-06-13T10:29:08.190",":id":"row-2zsg.jqb5_7qvt",":version":"rv-swr7~hyvi~33nk",":created_at":"2026-06-13T17:29:18.307Z",":updated_at":"2026-06-13T17:29:18.307Z"}},{"type":"Feature","geometry":{"type":"MultiLineString","coordinates":[[[-122.425313561,37.796356008],[-122.425169545,37.795641887]]]},"properties":{"objectid":"1083","agency":null,"regulation":"Time limited","days":"M-F","hours":"800-1800","hrs_begin":"800","hrs_end":"1800","regdetails":null,"modified":"2015-01-08 16:00:00-08:00","editor":"Mark C. Dreger","rpparea1":"A","rpparea2":"G","rpparea3":"K","fid_100":"4543","length_ft":"263","conflict":"0","enacted":null,"created_us":null,"created_da":null,"last_edite":null,"last_edi_1":null,"hrlimit":"2","created_user":null,"created_date":null,"last_edited_user":"MTA","last_edited_date":"2017-05-12 17:13:02-07:00","rpp_sym":"lapis lazuli, 2.5 pt, no dash","mtab_date":null,"mtab_motion":null,"mtab_reso_text":null,"sym_rpp2":"lapis lazuli, 2.5 pt, no dash | 2, M-F, 800-1800","globalid":null,"exceptions":"Yes. RPP holders are exempt from time limits.","from_time":"8am","to_time":"6pm","data_as_of":"2017-05-12T17:13:02.000","analysis_neighborhood":"Pacific Heights","supervisor_district":"2","data_loaded_at":"2026-06-13T10:29:08.190",":id":"row-5mcz_xzi3.wjsk",":version":"rv-nvw5-4cad.9irz",":created_at":"2026-06-13T17:29:18.307Z",":updated_at":"2026-06-13T17:29:18.307Z"}},{"type":"Feature","geometry":{"type":"MultiLineString","coordinates":[[[-122.443649751,37.787743015],[-122.442243941,37.787921838]]]},"properties":{"objectid":"5270","agency":null,"regulation":"Time limited","days":"M-F","hours":"800-1800","hrs_begin":"800","hrs_end":"1800","regdetails":null,"modified":null,"editor":null,"rpparea1":"G","rpparea2":null,"rpparea3":null,"fid_100":"5968","length_ft":"411","conflict":"0","enacted":null,"created_us":null,"created_da":null,"last_edite":null,"last_edi_1":null,"hrlimit":"2","created_user":null,"created_date":null,"last_edited_user":"MTA","last_edited_date":"2017-05-12 17:13:36-07:00","rpp_sym":"lapis lazuli, 2.5 pt, no dash","mtab_date":null,"mtab_motion":null,"mtab_reso_text":null,"sym_rpp2":"lapis lazuli, 2.5 pt, no dash | 2, M-F, 800-1800","globalid":null,"exceptions":"Yes. RPP holders are exempt from time limits.","from_time":"8am","to_time":"6pm","data_as_of":"2017-05-12T17:13:36.000","analysis_neighborhood":"Pacific Heights","supervisor_district":"2","data_loaded_at":"2026-06-13T10:29:08.190",":id":"row-6yvy~db7r~vwf8",":version":"rv-8mcm.kvcb_naqj",":created_at":"2026-06-13T17:29:18.307Z",":updated_at":"2026-06-13T17:29:18.307Z"}},{"type":"Feature","geometry":{"type":"MultiLineString","coordinates":[[[-122.418887774,37.789719308],[-122.418825428,37.789403255]]]},"properties":{"objectid":"1562","agency":null,"regulation":"Time limited","days":"M-Sa","hours":"800-2100","hrs_begin":"800","hrs_end":"2100","regdetails":null,"modified":null,"editor":null,"rpparea1":"C","rpparea2":"G","rpparea3":null,"fid_100":"4810","length_ft":"116","conflict":"0","enacted":null,"created_us":null,"created_da":null,"last_edite":null,"last_edi_1":null,"hrlimit":"2","created_user":null,"created_date":null,"last_edited_user":"MTA","last_edited_date":"2017-05-12 17:17:31-07:00","rpp_sym":"black, 2.5 pt, no dash","mtab_date":null,"mtab_motion":null,"mtab_reso_text":null,"sym_rpp2":"black, 2.5 pt, no dash | 2, M-Sa, 800-2100","globalid":null,"exceptions":"Yes. RPP holders are exempt from time limits.","from_time":"8am","to_time":"9pm","data_as_of":"2017-05-12T17:17:31.000","analysis_neighborhood":"Nob Hill","supervisor_district":"3","data_loaded_at":"2026-06-13T10:29:08.190",":id":"row-427b~f56p-wup6",":version":"rv-7njy-4wna.64ng",":created_at":"2026-06-13T17:29:18.307Z",":updated_at":"2026-06-13T17:29:18.307Z"}},{"type":"Feature","geometry":{"type":"MultiLineString","coordinates":[[[-122.429595319,37.786490319],[-122.428731868,37.786600028]]]},"properties":{"objectid":"6958","agency":null,"regulation":"Time limited","days":"M-F","hours":"800-1800","hrs_begin":"800","hrs_end":"1800","regdetails":null,"modified":null,"editor":null,"rpparea1":"G","rpparea2":null,"rpparea3":null,"fid_100":"5636","length_ft":"253","conflict":"0","enacted":null,"created_us":null,"created_da":null,"last_edite":null,"last_edi_1":null,"hrlimit":"2","created_user":null,"created_date":null,"last_edited_user":"MTA","last_edited_date":"2017-05-12 17:13:39-07:00","rpp_sym":"lapis lazuli, 2.5 pt, no dash","mtab_date":null,"mtab_motion":null,"mtab_reso_text":null,"sym_rpp2":"lapis lazuli, 2.5 pt, no dash | 2, M-F, 800-1800","globalid":null,"exceptions":"Yes. RPP holders are exempt from time limits.","from_time":"8am","to_time":"6pm","data_as_of":"2017-05-12T17:13:39.000","analysis_neighborhood":"Japantown","supervisor_district":"5","data_loaded_at":"2026-06-13T10:29:08.190",":id":"row-gpvg~p48q-vy2a",":version":"rv-vxmb~9aeh.eenh",":created_at":"2026-06-13T17:29:18.307Z",":updated_at":"2026-06-13T17:29:18.307Z"}},{"type":"Feature","geometry":{"type":"MultiLineString","coordinates":[[[-122.447218249,37.790008959],[-122.446076386,37.790154296]]]},"properties":{"objectid":"309","agency":null,"regulation":"Time limited","days":"M-F","hours":"800-1800","hrs_begin":"800","hrs_end":"1800","regdetails":null,"modified":null,"editor":null,"rpparea1":"F","rpparea2":"G","rpparea3":null,"fid_100":"5932","length_ft":"334","conflict":"0","enacted":null,"created_us":null,"created_da":null,"last_edite":null,"last_edi_1":null,"hrlimit":"2","created_user":null,"created_date":null,"last_edited_user":"MTA","last_edited_date":"2017-05-12 17:12:59-07:00","rpp_sym":"lapis lazuli, 2.5 pt, no dash","mtab_date":null,"mtab_motion":null,"mtab_reso_text":null,"sym_rpp2":"lapis lazuli, 2.5 pt, no dash | 2, M-F, 800-1800","globalid":null,"exceptions":"Yes. RPP holders are exempt from time limits.","from_time":"8am","to_time":"6pm","data_as_of":"2017-05-12T17:12:59.000","analysis_neighborhood":"Presidio Heights","supervisor_district":"2","data_loaded_at":"2026-06-13T10:29:08.190",":id":"row-h36f-ut7u.h3wr",":version":"rv-4tp7-i7vk~qgf3",":created_at":"2026-06-13T17:29:18.307Z",":updated_at":"2026-06-13T17:29:18.307Z"}},{"type":"Feature","geometry":{"type":"MultiLineString","coordinates":[[[-122.438255768,37.793744511],[-122.438109984,37.793024922]]]},"properties":{"objectid":"5269","agency":null,"regulation":"Time limited","days":"M-F","hours":"800-1800","hrs_begin":"800","hrs_end":"1800","regdetails":null,"modified":null,"editor":null,"rpparea1":"G","rpparea2":"K","rpparea3":null,"fid_100":"5900","length_ft":"265","conflict":"0","enacted":null,"created_us":null,"created_da":null,"last_edite":null,"last_edi_1":null,"hrlimit":"2","created_user":null,"created_date":null,"last_edited_user":"MTA","last_edited_date":"2017-05-12 17:13:36-07:00","rpp_sym":"lapis lazuli, 2.5 pt, no dash","mtab_date":null,"mtab_motion":null,"mtab_reso_text":null,"sym_rpp2":"lapis lazuli, 2.5 pt, no dash | 2, M-F, 800-1800","globalid":null,"exceptions":"Yes. RPP holders are exempt from time limits.","from_time":"8am","to_time":"6pm","data_as_of":"2017-05-12T17:13:36.000","analysis_neighborhood":"Pacific Heights","supervisor_district":"2","data_loaded_at":"2026-06-13T10:29:08.190",":id":"row-ff3j-evkm.xppq",":version":"rv-m4p4_rku5-a5pe",":created_at":"2026-06-13T17:29:18.307Z",":updated_at":"2026-06-13T17:29:18.307Z"}},{"type":"Feature","geometry":{"type":"MultiLineString","coordinates":[[[-122.441430923,37.785103246],[-122.441242966,37.785127143]]]},"properties":{"objectid":"7387","agency":null,"regulation":"Time limited","days":"M-F","hours":"800-1800","hrs_begin":"800","hrs_end":"1800","regdetails":null,"modified":null,"editor":null,"rpparea1":"G","rpparea2":null,"rpparea3":null,"fid_100":"6025","length_ft":"55","conflict":"0","enacted":null,"created_us":null,"created_da":null,"last_edite":null,"last_edi_1":null,"hrlimit":"2","created_user":null,"created_date":null,"last_edited_user":"MTA","last_edited_date":"2017-05-12 17:13:10-07:00","rpp_sym":"lapis lazuli, 2.5 pt, no dash","mtab_date":null,"mtab_motion":null,"mtab_reso_text":null,"sym_rpp2":"lapis lazuli, 2.5 pt, no dash | 2, M-F, 800-1800","globalid":null,"exceptions":"Yes. RPP holders are exempt from time limits.","from_time":"8am","to_time":"6pm","data_as_of":"2017-05-12T17:13:10.000","analysis_neighborhood":"Pacific Heights","supervisor_district":"2","data_loaded_at":"2026-06-13T10:29:08.190",":id":"row-7bai~qb2k_jbsr",":version":"rv-7xhi_qipc.ie7i",":created_at":"2026-06-13T17:29:18.307Z",":updated_at":"2026-06-13T17:29:18.307Z"}},{"type":"Feature","geometry":{"type":"MultiLineString","coordinates":[[[-122.425157007,37.787252445],[-122.425225853,37.787593778]]]},"properties":{"objectid":"7068","agency":null,"regulation":"Time limited","days":"M-F","hours":"800-1800","hrs_begin":"800","hrs_end":"1800","regdetails":null,"modified":null,"editor":null,"rpparea1":"G","rpparea2":null,"rpparea3":null,"fid_100":"5555","length_ft":"126","conflict":"0","enacted":null,"created_us":null,"created_da":null,"last_edite":null,"last_edi_1":null,"hrlimit":"2","created_user":null,"created_date":null,"last_edited_user":"MTA","last_edited_date":"2017-05-12 17:12:59-07:00","rpp_sym":"lapis lazuli, 2.5 pt, no dash","mtab_date":null,"mtab_motion":null,"mtab_reso_text":null,"sym_rpp2":"lapis lazuli, 2.5 pt, no dash | 2, M-F, 800-1800","globalid":null,"exceptions":"Yes. RPP holders are exempt from time limits.","from_time":"8am","to_time":"6pm","data_as_of":"2017-05-12T17:12:59.000","analysis_neighborhood":"Pacific Heights","supervisor_district":"2","data_loaded_at":"2026-06-13T10:29:08.190",":id":"row-u3iw-654g.w74f",":version":"rv-auu8.7x7e.7n49",":created_at":"2026-06-13T17:29:18.307Z",":updated_at":"2026-06-13T17:29:18.307Z"}},{"type":"Feature","geometry":{"type":"MultiLineString","coordinates":[[[-122.433545302,37.789028501],[-122.433050281,37.789091457]]]},"properties":{"objectid":"6186","agency":null,"regulation":"Time limited","days":"M-F","hours":"800-1800","hrs_begin":"800","hrs_end":"1800","regdetails":null,"modified":null,"editor":null,"rpparea1":"G","rpparea2":null,"rpparea3":null,"fid_100":"5572","length_ft":"145","conflict":"0","enacted":null,"created_us":null,"created_da":null,"last_edite":null,"last_edi_1":null,"hrlimit":"2","created_user":null,"created_date":null,"last_edited_user":"MTA","last_edited_date":"2017-05-12 17:13:10-07:00","rpp_sym":"lapis lazuli, 2.5 pt, no dash","mtab_date":null,"mtab_motion":null,"mtab_reso_text":null,"sym_rpp2":"lapis lazuli, 2.5 pt, no dash | 2, M-F, 800-1800","globalid":null,"exceptions":"Yes. RPP holders are exempt from time limits.","from_time":"8am","to_time":"6pm","data_as_of":"2017-05-12T17:13:10.000","analysis_neighborhood":"Pacific Heights","supervisor_district":"2","data_loaded_at":"2026-06-13T10:29:08.190",":id":"row-4tri_q9x2.ewvp",":version":"rv-5apm~wppg_zg36",":created_at":"2026-06-13T17:29:18.307Z",":updated_at":"2026-06-13T17:29:18.307Z"}},{"type":"Feature","geometry":{"type":"MultiLineString","coordinates":[[[-122.426937494,37.78887015],[-122.425573877,37.789043283]]]},"properties":{"objectid":"6551","agency":null,"regulation":"Time limited","days":"M-F","hours":"800-1800","hrs_begin":"800","hrs_end":"1800","regdetails":null,"modified":null,"editor":null,"rpparea1":"G","rpparea2":null,"rpparea3":null,"fid_100":"5587","length_ft":"399","conflict":"0","enacted":null,"created_us":null,"created_da":null,"last_edite":null,"last_edi_1":null,"hrlimit":"2","created_user":null,"created_date":null,"last_edited_user":"MTA","last_edited_date":"2017-05-12 17:12:58-07:00","rpp_sym":"lapis lazuli, 2.5 pt, no dash","mtab_date":null,"mtab_motion":null,"mtab_reso_text":null,"sym_rpp2":"lapis lazuli, 2.5 pt, no dash | 2, M-F, 800-1800","globalid":null,"exceptions":"Yes. RPP holders are exempt from time limits.","from_time":"8am","to_time":"6pm","data_as_of":"2017-05-12T17:12:58.000","analysis_neighborhood":"Pacific Heights","supervisor_district":"2","data_loaded_at":"2026-06-13T10:29:08.190",":id":"row-5sms.uy23~gvkb",":version":"rv-u9z7_h5bx~nfr4",":created_at":"2026-06-13T17:29:18.307Z",":updated_at":"2026-06-13T17:29:18.307Z"}},{"type":"Feature","geometry":{"type":"MultiLineString","coordinates":[[[-122.429494624,37.792115407],[-122.429356758,37.791432786]]]},"properties":{"objectid":"6769","agency":null,"regulation":"Time limited","days":"M-F","hours":"800-1800","hrs_begin":"800","hrs_end":"1800","regdetails":null,"modified":null,"editor":null,"rpparea1":"G","rpparea2":null,"rpparea3":null,"fid_100":"5874","length_ft":"252","conflict":"0","enacted":null,"created_us":null,"created_da":null,"last_edite":null,"last_edi_1":null,"hrlimit":"2","created_user":null,"created_date":null,"last_edited_user":"MTA","last_edited_date":"2017-05-12 17:13:00-07:00","rpp_sym":"lapis lazuli, 2.5 pt, no dash","mtab_date":null,"mtab_motion":null,"mtab_reso_text":null,"sym_rpp2":"lapis lazuli, 2.5 pt, no dash | 2, M-F, 800-1800","globalid":null,"exceptions":"Yes. RPP holders are exempt from time limits.","from_time":"8am","to_time":"6pm","data_as_of":"2017-05-12T17:13:00.000","analysis_neighborhood":"Pacific Heights","supervisor_district":"2","data_loaded_at":"2026-06-13T10:29:08.190",":id":"row-hw66-dwf7.d68t",":version":"rv-zfha-zfyz_s59j",":created_at":"2026-06-13T17:29:18.307Z",":updated_at":"2026-06-13T17:29:18.307Z"}},{"type":"Feature","geometry":{"type":"MultiLineString","coordinates":[[[-122.445683233,37.789162453],[-122.445542202,37.78846554]]]},"properties":{"objectid":"4555","agency":null,"regulation":"Time limited","days":"M-F","hours":"800-1800","hrs_begin":"800","hrs_end":"1800","regdetails":null,"modified":null,"editor":null,"rpparea1":"G","rpparea2":null,"rpparea3":null,"fid_100":"5979","length_ft":"257","conflict":"0","enacted":null,"created_us":null,"created_da":null,"last_edite":null,"last_edi_1":null,"hrlimit":"2","created_user":null,"created_date":null,"last_edited_user":"MTA","last_edited_date":"2017-05-12 17:13:01-07:00","rpp_sym":"lapis lazuli, 2.5 pt, no dash","mtab_date":null,"mtab_motion":null,"mtab_reso_text":null,"sym_rpp2":"lapis lazuli, 2.5 pt, no dash | 2, M-F, 800-1800","globalid":null,"exceptions":"Yes. RPP holders are exempt from time limits.","from_time":"8am","to_time":"6pm","data_as_of":"2017-05-12T17:13:01.000","analysis_neighborhood":"Pacific Heights","supervisor_district":"2","data_loaded_at":"2026-06-13T10:29:08.190",":id":"row-36jq~8hsg-7gn7",":version":"rv-nzfm.chxp~a2ci",":created_at":"2026-06-13T17:29:18.307Z",":updated_at":"2026-06-13T17:29:18.307Z"}},{"type":"Feature","geometry":{"type":"MultiLineString","coordinates":[[[-122.431334856,37.786269182],[-122.430271466,37.786404405]]]},"properties":{"objectid":"2006","agency":null,"regulation":"Time limited","days":"M-F","hours":"800-1800","hrs_begin":"800","hrs_end":"1800","regdetails":null,"modified":null,"editor":null,"rpparea1":"G","rpparea2":null,"rpparea3":null,"fid_100":"5640","length_ft":"311","conflict":"0","enacted":null,"created_us":null,"created_da":null,"last_edite":null,"last_edi_1":null,"hrlimit":"2","created_user":null,"created_date":null,"last_edited_user":"MTA","last_edited_date":"2017-05-12 17:13:11-07:00","rpp_sym":"lapis lazuli, 2.5 pt, no dash","mtab_date":null,"mtab_motion":null,"mtab_reso_text":null,"sym_rpp2":"lapis lazuli, 2.5 pt, no dash | 2, M-F, 800-1800","globalid":null,"exceptions":"Yes. RPP holders are exempt from time limits.","from_time":"8am","to_time":"6pm","data_as_of":"2017-05-12T17:13:11.000","analysis_neighborhood":"Japantown","supervisor_district":"5","data_loaded_at":"2026-06-13T10:29:08.190",":id":"row-mbxj~6ziq_i5f8",":version":"rv-gej3~8vqc-ntq3",":created_at":"2026-06-13T17:29:18.307Z",":updated_at":"2026-06-13T17:29:18.307Z"}},{"type":"Feature","geometry":{"type":"MultiLineString","coordinates":[[[-122.424986311,37.787253209],[-122.425042203,37.787530317]]]},"properties":{"objectid":"6344","agency":null,"regulation":"Time limited","days":"M-F","hours":"800-1800","hrs_begin":"800","hrs_end":"1800","regdetails":null,"modified":null,"editor":null,"rpparea1":"G","rpparea2":null,"rpparea3":null,"fid_100":"5554","length_ft":"102","conflict":"0","enacted":null,"created_us":null,"created_da":null,"last_edite":null,"last_edi_1":null,"hrlimit":"2","created_user":null,"created_date":null,"last_edited_user":"MTA","last_edited_date":"2017-05-12 17:12:59-07:00","rpp_sym":"lapis lazuli, 2.5 pt, no dash","mtab_date":null,"mtab_motion":null,"mtab_reso_text":null,"sym_rpp2":"lapis lazuli, 2.5 pt, no dash | 2, M-F, 800-1800","globalid":null,"exceptions":"Yes. RPP holders are exempt from time limits.","from_time":"8am","to_time":"6pm","data_as_of":"2017-05-12T17:12:59.000","analysis_neighborhood":"Western Addition","supervisor_district":"2","data_loaded_at":"2026-06-13T10:29:08.190",":id":"row-vg9a_jx5m_92ea",":version":"rv-sf4u_5z47~ib6v",":created_at":"2026-06-13T17:29:18.307Z",":updated_at":"2026-06-13T17:29:18.307Z"}},{"type":"Feature","geometry":{"type":"MultiLineString","coordinates":[[[-122.424947495,37.795425272],[-122.424805042,37.794716727]]]},"properties":{"objectid":"1993","agency":null,"regulation":"Time limited","days":"M-F","hours":"800-1800","hrs_begin":"800","hrs_end":"1800","regdetails":null,"modified":null,"editor":null,"rpparea1":"G","rpparea2":"K","rpparea3":null,"fid_100":"5846","length_ft":"261","conflict":"0","enacted":null,"created_us":null,"created_da":null,"last_edite":null,"last_edi_1":null,"hrlimit":"2","created_user":null,"created_date":null,"last_edited_user":"MTA","last_edited_date":"2017-05-12 17:13:11-07:00","rpp_sym":"lapis lazuli, 2.5 pt, no dash","mtab_date":null,"mtab_motion":null,"mtab_reso_text":null,"sym_rpp2":"lapis lazuli, 2.5 pt, no dash | 2, M-F, 800-1800","globalid":null,"exceptions":"Yes. RPP holders are exempt from time limits.","from_time":"8am","to_time":"6pm","data_as_of":"2017-05-12T17:13:11.000","analysis_neighborhood":"Pacific Heights","supervisor_district":"2","data_loaded_at":"2026-06-13T10:29:08.190",":id":"row-npva_k3i4-ggby",":version":"rv-mu69.pymh_zcj2",":created_at":"2026-06-13T17:29:18.307Z",":updated_at":"2026-06-13T17:29:18.307Z"}},{"type":"Feature","geometry":{"type":"MultiLineString","coordinates":[[[-122.44342095,37.786640752],[-122.442014535,37.786819678]]]},"properties":{"objectid":"4629","agency":null,"regulation":"Time limited","days":"M-F","hours":"800-1800","hrs_begin":"800","hrs_end":"1800","regdetails":null,"modified":null,"editor":null,"rpparea1":"G","rpparea2":null,"rpparea3":null,"fid_100":"6108","length_ft":"412","conflict":"0","enacted":null,"created_us":null,"created_da":null,"last_edite":null,"last_edi_1":null,"hrlimit":"2","created_user":null,"created_date":null,"last_edited_user":"MTA","last_edited_date":"2017-05-12 17:13:25-07:00","rpp_sym":"lapis lazuli, 2.5 pt, no dash","mtab_date":null,"mtab_motion":null,"mtab_reso_text":null,"sym_rpp2":"lapis lazuli, 2.5 pt, no dash | 2, M-F, 800-1800","globalid":null,"exceptions":"Yes. RPP holders are exempt from time limits.","from_time":"8am","to_time":"6pm","data_as_of":"2017-05-12T17:13:25.000","analysis_neighborhood":"Pacific Heights","supervisor_district":"2","data_loaded_at":"2026-06-13T10:29:08.190",":id":"row-9fum-p7rj~dgzk",":version":"rv-j8fy.9bf5.5ujr",":created_at":"2026-06-13T17:29:18.307Z",":updated_at":"2026-06-13T17:29:18.307Z"}},{"type":"Feature","geometry":{"type":"MultiLineString","coordinates":[[[-122.443819416,37.788643674],[-122.442424894,37.788821205]]]},"properties":{"objectid":"4866","agency":null,"regulation":"Time limited","days":"M-F","hours":"800-1800","hrs_begin":"800","hrs_end":"1800","regdetails":null,"modified":null,"editor":null,"rpparea1":"G","rpparea2":null,"rpparea3":null,"fid_100":"5964","length_ft":"408","conflict":"0","enacted":null,"created_us":null,"created_da":null,"last_edite":null,"last_edi_1":null,"hrlimit":"2","created_user":null,"created_date":null,"last_edited_user":"MTA","last_edited_date":"2017-05-12 17:13:38-07:00","rpp_sym":"lapis lazuli, 2.5 pt, no dash","mtab_date":null,"mtab_motion":null,"mtab_reso_text":null,"sym_rpp2":"lapis lazuli, 2.5 pt, no dash | 2, M-F, 800-1800","globalid":null,"exceptions":"Yes. RPP holders are exempt from time limits.","from_time":"8am","to_time":"6pm","data_as_of":"2017-05-12T17:13:38.000","analysis_neighborhood":"Pacific Heights","supervisor_district":"2","data_loaded_at":"2026-06-13T10:29:08.190",":id":"row-vgkn_zniu.tg9b",":version":"rv-jcsz_x4ad-4cjr",":created_at":"2026-06-13T17:29:18.307Z",":updated_at":"2026-06-13T17:29:18.307Z"}},{"type":"Feature","geometry":{"type":"MultiLineString","coordinates":[[[-122.448714968,37.788925733],[-122.447301065,37.789105742]]]},"properties":{"objectid":"5243","agency":null,"regulation":"Time limited","days":"M-F","hours":"900-1600","hrs_begin":"900","hrs_end":"1600","regdetails":null,"modified":"2015-01-07 16:00:00-08:00","editor":"Mark C. Dreger","rpparea1":"F","rpparea2":"G","rpparea3":null,"fid_100":"6050","length_ft":"414","conflict":"0","enacted":null,"created_us":null,"created_da":null,"last_edite":null,"last_edi_1":null,"hrlimit":"2","created_user":null,"created_date":null,"last_edited_user":"MTA","last_edited_date":"2017-05-12 17:10:56-07:00","rpp_sym":"seville orange, 2.5 pt, no dash","mtab_date":null,"mtab_motion":null,"mtab_reso_text":null,"sym_rpp2":"seville orange, 2.5 pt, no dash | 2, M-F, 900-1600","globalid":null,"exceptions":"Yes. RPP holders are exempt from time limits.","from_time":"9am","to_time":"4pm","data_as_of":"2017-05-12T17:10:56.000","analysis_neighborhood":"Presidio Heights","supervisor_district":"2","data_loaded_at":"2026-06-13T10:29:08.190",":id":"row-q5vm.fxnd.z7kp",":version":"rv-uf37-ss5y.yjem",":created_at":"2026-06-13T17:29:18.307Z",":updated_at":"2026-06-13T17:29:18.307Z"}},{"type":"Feature","geometry":{"type":"MultiLineString","coordinates":[[[-122.419499994,37.793412592],[-122.419351702,37.792680182]]]},"properties":{"objectid":"22","agency":null,"regulation":"Time limited","days":"M-Sa","hours":"800-2100","hrs_begin":"800","hrs_end":"2100","regdetails":null,"modified":null,"editor":null,"rpparea1":"C","rpparea2":"G","rpparea3":null,"fid_100":"4968","length_ft":"270","conflict":"0","enacted":null,"created_us":null,"created_da":null,"last_edite":null,"last_edi_1":null,"hrlimit":"2","created_user":null,"created_date":null,"last_edited_user":"MTA","last_edited_date":"2017-05-12 17:17:28-07:00","rpp_sym":"black, 2.5 pt, no dash","mtab_date":null,"mtab_motion":null,"mtab_reso_text":null,"sym_rpp2":"black, 2.5 pt, no dash | 2, M-Sa, 800-2100","globalid":null,"exceptions":"Yes. RPP holders are exempt from time limits.","from_time":"8am","to_time":"9pm","data_as_of":"2017-05-12T17:17:28.000","analysis_neighborhood":"Russian Hill","supervisor_district":"3","data_loaded_at":"2026-06-13T10:29:08.190",":id":"row-nhic~nnyu_xn4z",":version":"rv-2ggc~3y59-pzag",":created_at":"2026-06-13T17:29:18.307Z",":updated_at":"2026-06-13T17:29:18.307Z"}},{"type":"Feature","geometry":{"type":"MultiLineString","coordinates":[[[-122.439715008,37.79262174],[-122.439576673,37.79193636]]]},"properties":{"objectid":"2220","agency":null,"regulation":"Time limited","days":"M-F","hours":"800-1800","hrs_begin":"800","hrs_end":"1800","regdetails":null,"modified":null,"editor":null,"rpparea1":"G","rpparea2":null,"rpparea3":null,"fid_100":"5893","length_ft":"253","conflict":"0","enacted":null,"created_us":null,"created_da":null,"last_edite":null,"last_edi_1":null,"hrlimit":"2","created_user":null,"created_date":null,"last_edited_user":"MTA","last_edited_date":"2017-05-12 17:13:02-07:00","rpp_sym":"lapis lazuli, 2.5 pt, no dash","mtab_date":null,"mtab_motion":null,"mtab_reso_text":null,"sym_rpp2":"lapis lazuli, 2.5 pt, no dash | 2, M-F, 800-1800","globalid":null,"exceptions":"Yes. RPP holders are exempt from time limits.","from_time":"8am","to_time":"6pm","data_as_of":"2017-05-12T17:13:02.000","analysis_neighborhood":"Pacific Heights","supervisor_district":"2","data_loaded_at":"2026-06-13T10:29:08.190",":id":"row-iwyb-2gn7.i4hr",":version":"rv-t9cx_rwgq.gn5r",":created_at":"2026-06-13T17:29:18.307Z",":updated_at":"2026-06-13T17:29:18.307Z"}},{"type":"Feature","geometry":{"type":"MultiLineString","coordinates":[[[-122.437290491,37.788948226],[-122.437365473,37.789317946]]]},"properties":{"objectid":"2795","agency":null,"regulation":"Time limited","days":"M-F","hours":"800-1800","hrs_begin":"800","hrs_end":"1800","regdetails":null,"modified":null,"editor":null,"rpparea1":"G","rpparea2":null,"rpparea3":null,"fid_100":"5710","length_ft":"136","conflict":"0","enacted":null,"created_us":null,"created_da":null,"last_edite":null,"last_edi_1":null,"hrlimit":"2","created_user":null,"created_date":null,"last_edited_user":"MTA","last_edited_date":"2017-05-12 17:13:03-07:00","rpp_sym":"lapis lazuli, 2.5 pt, no dash","mtab_date":null,"mtab_motion":null,"mtab_reso_text":null,"sym_rpp2":"lapis lazuli, 2.5 pt, no dash | 2, M-F, 800-1800","globalid":null,"exceptions":"Yes. RPP holders are exempt from time limits.","from_time":"8am","to_time":"6pm","data_as_of":"2017-05-12T17:13:03.000","analysis_neighborhood":"Pacific Heights","supervisor_district":"2","data_loaded_at":"2026-06-13T10:29:08.190",":id":"row-t2s4-nswb~sg9s",":version":"rv-g95g~p3d8-wtcg",":created_at":"2026-06-13T17:29:18.307Z",":updated_at":"2026-06-13T17:29:18.307Z"}},{"type":"Feature","geometry":{"type":"MultiLineString","coordinates":[[[-122.4410242,37.791701274],[-122.439632809,37.791878317]]]},"properties":{"objectid":"5426","agency":null,"regulation":"Time limited","days":"M-F","hours":"800-1800","hrs_begin":"800","hrs_end":"1800","regdetails":null,"modified":null,"editor":null,"rpparea1":"G","rpparea2":null,"rpparea3":null,"fid_100":"5777","length_ft":"407","conflict":"0","enacted":null,"created_us":null,"created_da":null,"last_edite":null,"last_edi_1":null,"hrlimit":"2","created_user":null,"created_date":null,"last_edited_user":"MTA","last_edited_date":"2017-05-12 17:13:25-07:00","rpp_sym":"lapis lazuli, 2.5 pt, no dash","mtab_date":null,"mtab_motion":null,"mtab_reso_text":null,"sym_rpp2":"lapis lazuli, 2.5 pt, no dash | 2, M-F, 800-1800","globalid":null,"exceptions":"Yes. RPP holders are exempt from time limits.","from_time":"8am","to_time":"6pm","data_as_of":"2017-05-12T17:13:25.000","analysis_neighborhood":"Pacific Heights","supervisor_district":"2","data_loaded_at":"2026-06-13T10:29:08.190",":id":"row-64m5-dgpn~tq34",":version":"rv-ymnn-k59e.drf4",":created_at":"2026-06-13T17:29:18.307Z",":updated_at":"2026-06-13T17:29:18.307Z"}},{"type":"Feature","geometry":{"type":"MultiLineString","coordinates":[[[-122.442390382,37.78957362],[-122.442251282,37.788888357]]]},"properties":{"objectid":"3998","agency":null,"regulation":"Time limited","days":"M-F","hours":"800-1800","hrs_begin":"800","hrs_end":"1800","regdetails":null,"modified":null,"editor":null,"rpparea1":"G","rpparea2":null,"rpparea3":null,"fid_100":"5959","length_ft":"253","conflict":"0","enacted":null,"created_us":null,"created_da":null,"last_edite":null,"last_edi_1":null,"hrlimit":"2","created_user":null,"created_date":null,"last_edited_user":"MTA","last_edited_date":"2017-05-12 17:13:11-07:00","rpp_sym":"lapis lazuli, 2.5 pt, no dash","mtab_date":null,"mtab_motion":null,"mtab_reso_text":null,"sym_rpp2":"lapis lazuli, 2.5 pt, no dash | 2, M-F, 800-1800","globalid":null,"exceptions":"Yes. RPP holders are exempt from time limits.","from_time":"8am","to_time":"6pm","data_as_of":"2017-05-12T17:13:11.000","analysis_neighborhood":"Pacific Heights","supervisor_district":"2","data_loaded_at":"2026-06-13T10:29:08.190",":id":"row-8qq6_udpv-kn43",":version":"rv-8spz-8p5b~nvpk",":created_at":"2026-06-13T17:29:18.307Z",":updated_at":"2026-06-13T17:29:18.307Z"}},{"type":"Feature","geometry":{"type":"MultiLineString","coordinates":[[[-122.446300597,37.785285402],[-122.446151779,37.784548368]]]},"properties":{"objectid":"2972","agency":null,"regulation":"Time limited","days":"M-F","hours":"800-1800","hrs_begin":"800","hrs_end":"1800","regdetails":null,"modified":null,"editor":null,"rpparea1":"G","rpparea2":null,"rpparea3":null,"fid_100":"6007","length_ft":"272","conflict":"0","enacted":null,"created_us":null,"created_da":null,"last_edite":null,"last_edi_1":null,"hrlimit":"2","created_user":null,"created_date":null,"last_edited_user":"MTA","last_edited_date":"2017-05-12 17:12:58-07:00","rpp_sym":"lapis lazuli, 2.5 pt, no dash","mtab_date":null,"mtab_motion":null,"mtab_reso_text":null,"sym_rpp2":"lapis lazuli, 2.5 pt, no dash | 2, M-F, 800-1800","globalid":null,"exceptions":"Yes. RPP holders are exempt from time limits.","from_time":"8am","to_time":"6pm","data_as_of":"2017-05-12T17:12:58.000","analysis_neighborhood":"Presidio Heights","supervisor_district":"2","data_loaded_at":"2026-06-13T10:29:08.190",":id":"row-5fjb-ib9k.34y9",":version":"rv-gd7g_gj2m~is3m",":created_at":"2026-06-13T17:29:18.307Z",":updated_at":"2026-06-13T17:29:18.307Z"}},{"type":"Feature","geometry":{"type":"MultiLineString","coordinates":[[[-122.438847983,37.789282435],[-122.437441917,37.789460087]]]},"properties":{"objectid":"4791","agency":null,"regulation":"Time limited","days":"M-F","hours":"800-1800","hrs_begin":"800","hrs_end":"1800","regdetails":null,"modified":null,"editor":null,"rpparea1":"G","rpparea2":null,"rpparea3":null,"fid_100":"5748","length_ft":"411","conflict":"0","enacted":null,"created_us":null,"created_da":null,"last_edite":null,"last_edi_1":null,"hrlimit":"2","created_user":null,"created_date":null,"last_edited_user":"MTA","last_edited_date":"2017-05-12 17:13:02-07:00","rpp_sym":"lapis lazuli, 2.5 pt, no dash","mtab_date":null,"mtab_motion":null,"mtab_reso_text":null,"sym_rpp2":"lapis lazuli, 2.5 pt, no dash | 2, M-F, 800-1800","globalid":null,"exceptions":"Yes. RPP holders are exempt from time limits.","from_time":"8am","to_time":"6pm","data_as_of":"2017-05-12T17:13:02.000","analysis_neighborhood":"Pacific Heights","supervisor_district":"2","data_loaded_at":"2026-06-13T10:29:08.190",":id":"row-a3mg_v26c.m43w",":version":"rv-nbx5-6jm9_mhbq",":created_at":"2026-06-13T17:29:18.307Z",":updated_at":"2026-06-13T17:29:18.307Z"}},{"type":"Feature","geometry":{"type":"MultiLineString","coordinates":[[[-122.426561336,37.787000246],[-122.42518142,37.787175535]]]},"properties":{"objectid":"2410","agency":null,"regulation":"Time limited","days":"M-F","hours":"800-1800","hrs_begin":"800","hrs_end":"1800","regdetails":null,"modified":null,"editor":null,"rpparea1":"G","rpparea2":null,"rpparea3":null,"fid_100":"5551","length_ft":"404","conflict":"0","enacted":null,"created_us":null,"created_da":null,"last_edite":null,"last_edi_1":null,"hrlimit":"2","created_user":null,"created_date":null,"last_edited_user":"MTA","last_edited_date":"2017-05-12 17:13:39-07:00","rpp_sym":"lapis lazuli, 2.5 pt, no dash","mtab_date":null,"mtab_motion":null,"mtab_reso_text":null,"sym_rpp2":"lapis lazuli, 2.5 pt, no dash | 2, M-F, 800-1800","globalid":null,"exceptions":"Yes. RPP holders are exempt from time limits.","from_time":"8am","to_time":"6pm","data_as_of":"2017-05-12T17:13:39.000","analysis_neighborhood":"Pacific Heights","supervisor_district":"2","data_loaded_at":"2026-06-13T10:29:08.190",":id":"row-wtix-rtzj.mcc2",":version":"rv-9czj.3vsa.6cnx",":created_at":"2026-06-13T17:29:18.307Z",":updated_at":"2026-06-13T17:29:18.307Z"}},{"type":"Feature","geometry":{"type":"MultiLineString","coordinates":[[[-122.426833719,37.787973114],[-122.4268964,37.788282297]]]},"properties":{"objectid":"3596","agency":null,"regulation":"Time limited","days":"M-F","hours":"800-1800","hrs_begin":"800","hrs_end":"1800","regdetails":null,"modified":null,"editor":null,"rpparea1":"G","rpparea2":null,"rpparea3":null,"fid_100":"5621","length_ft":"114","conflict":"0","enacted":null,"created_us":null,"created_da":null,"last_edite":null,"last_edi_1":null,"hrlimit":"2","created_user":null,"created_date":null,"last_edited_user":"MTA","last_edited_date":"2017-05-12 17:13:28-07:00","rpp_sym":"lapis lazuli, 2.5 pt, no dash","mtab_date":null,"mtab_motion":null,"mtab_reso_text":null,"sym_rpp2":"lapis lazuli, 2.5 pt, no dash | 2, M-F, 800-1800","globalid":null,"exceptions":"Yes. RPP holders are exempt from time limits.","from_time":"8am","to_time":"6pm","data_as_of":"2017-05-12T17:13:28.000","analysis_neighborhood":"Pacific Heights","supervisor_district":"5","data_loaded_at":"2026-06-13T10:29:08.190",":id":"row-q9im~ahwz~i2zj",":version":"rv-rmmj-6csm~vdgd",":created_at":"2026-06-13T17:29:18.307Z",":updated_at":"2026-06-13T17:29:18.307Z"}},{"type":"Feature","geometry":{"type":"MultiLineString","coordinates":[[[-122.439357734,37.790849249],[-122.439222457,37.790181043]]]},"properties":{"objectid":"3116","agency":null,"regulation":"Time limited","days":"M-F","hours":"800-1800","hrs_begin":"800","hrs_end":"1800","regdetails":null,"modified":null,"editor":null,"rpparea1":"G","rpparea2":null,"rpparea3":null,"fid_100":"5783","length_ft":"246","conflict":"0","enacted":null,"created_us":null,"created_da":null,"last_edite":null,"last_edi_1":null,"hrlimit":"2","created_user":null,"created_date":null,"last_edited_user":"MTA","last_edited_date":"2017-05-12 17:12:58-07:00","rpp_sym":"lapis lazuli, 2.5 pt, no dash","mtab_date":null,"mtab_motion":null,"mtab_reso_text":null,"sym_rpp2":"lapis lazuli, 2.5 pt, no dash | 2, M-F, 800-1800","globalid":null,"exceptions":"Yes. RPP holders are exempt from time limits.","from_time":"8am","to_time":"6pm","data_as_of":"2017-05-12T17:12:58.000","analysis_neighborhood":"Pacific Heights","supervisor_district":"2","data_loaded_at":"2026-06-13T10:29:08.190",":id":"row-bqa4~mhrf-tppf",":version":"rv-w3vi_hq24~rzcw",":created_at":"2026-06-13T17:29:18.307Z",":updated_at":"2026-06-13T17:29:18.307Z"}},{"type":"Feature","geometry":{"type":"MultiLineString","coordinates":[[[-122.429697418,37.794044707],[-122.428288124,37.794224756]]]},"properties":{"objectid":"6558","agency":null,"regulation":"Time limited","days":"M-F","hours":"800-1800","hrs_begin":"800","hrs_end":"1800","regdetails":null,"modified":null,"editor":null,"rpparea1":"G","rpparea2":"K","rpparea3":null,"fid_100":"5829","length_ft":"412","conflict":"0","enacted":null,"created_us":null,"created_da":null,"last_edite":null,"last_edi_1":null,"hrlimit":"2","created_user":null,"created_date":null,"last_edited_user":"MTA","last_edited_date":"2017-05-12 17:13:01-07:00","rpp_sym":"lapis lazuli, 2.5 pt, no dash","mtab_date":null,"mtab_motion":null,"mtab_reso_text":null,"sym_rpp2":"lapis lazuli, 2.5 pt, no dash | 2, M-F, 800-1800","globalid":null,"exceptions":"Yes. RPP holders are exempt from time limits.","from_time":"8am","to_time":"6pm","data_as_of":"2017-05-12T17:13:01.000","analysis_neighborhood":"Pacific Heights","supervisor_district":"2","data_loaded_at":"2026-06-13T10:29:08.190",":id":"row-qquv_u77e-7wh2",":version":"rv-95ur~x9wd_uicz",":created_at":"2026-06-13T17:29:18.307Z",":updated_at":"2026-06-13T17:29:18.307Z"}},{"type":"Feature","geometry":{"type":"MultiLineString","coordinates":[[[-122.446450178,37.786254558],[-122.445307713,37.786400227]]]},"properties":{"objectid":"1001","agency":null,"regulation":"Time limited","days":"M-F","hours":"800-1800","hrs_begin":"800","hrs_end":"1800","regdetails":null,"modified":null,"editor":null,"rpparea1":"G","rpparea2":null,"rpparea3":null,"fid_100":"5996","length_ft":"334","conflict":"0","enacted":null,"created_us":null,"created_da":null,"last_edite":null,"last_edi_1":null,"hrlimit":"2","created_user":null,"created_date":null,"last_edited_user":"MTA","last_edited_date":"2017-05-12 17:13:13-07:00","rpp_sym":"lapis lazuli, 2.5 pt, no dash","mtab_date":null,"mtab_motion":null,"mtab_reso_text":null,"sym_rpp2":"lapis lazuli, 2.5 pt, no dash | 2, M-F, 800-1800","globalid":null,"exceptions":"Yes. RPP holders are exempt from time limits.","from_time":"8am","to_time":"6pm","data_as_of":"2017-05-12T17:13:13.000","analysis_neighborhood":"Presidio Heights","supervisor_district":"2","data_loaded_at":"2026-06-13T10:29:08.190",":id":"row-xbg4.m882.eqfs",":version":"rv-xhh7-qqyq_672e",":created_at":"2026-06-13T17:29:18.307Z",":updated_at":"2026-06-13T17:29:18.307Z"}},{"type":"Feature","geometry":{"type":"MultiLineString","coordinates":[[[-122.444540318,37.792156293],[-122.443134632,37.792335197]]]},"properties":{"objectid":"3099","agency":null,"regulation":"Time limited","days":"M-F","hours":"800-1800","hrs_begin":"800","hrs_end":"1800","regdetails":null,"modified":null,"editor":null,"rpparea1":"G","rpparea2":"K","rpparea3":null,"fid_100":"5916","length_ft":"411","conflict":"0","enacted":null,"created_us":null,"created_da":null,"last_edite":null,"last_edi_1":null,"hrlimit":"3","created_user":null,"created_date":null,"last_edited_user":"MTA","last_edited_date":"2017-05-12 17:13:28-07:00","rpp_sym":"lapis lazuli, 2.5 pt, dash 3:1, interval 2","mtab_date":null,"mtab_motion":null,"mtab_reso_text":null,"sym_rpp2":"lapis lazuli, 2.5 pt, dash 3:1, interval 2 | 3, M-F, 800-1800","globalid":null,"exceptions":"Yes. RPP holders are exempt from time limits.","from_time":"8am","to_time":"6pm","data_as_of":"2017-05-12T17:13:28.000","analysis_neighborhood":"Pacific Heights","supervisor_district":"2","data_loaded_at":"2026-06-13T10:29:08.190",":id":"row-q9qu~xxd9-uya4",":version":"rv-ue5j-dpe7_4pam",":created_at":"2026-06-13T17:29:18.307Z",":updated_at":"2026-06-13T17:29:18.307Z"}},{"type":"Feature","geometry":{"type":"MultiLineString","coordinates":[[[-122.439766993,37.793554906],[-122.43962121,37.792829997]]]},"properties":{"objectid":"2337","agency":null,"regulation":"Time limited","days":"M-F","hours":"800-1800","hrs_begin":"800","hrs_end":"1800","regdetails":null,"modified":null,"editor":null,"rpparea1":"G","rpparea2":"K","rpparea3":null,"fid_100":"5888","length_ft":"267","conflict":"0","enacted":null,"created_us":null,"created_da":null,"last_edite":null,"last_edi_1":null,"hrlimit":"2","created_user":null,"created_date":null,"last_edited_user":"MTA","last_edited_date":"2017-05-12 17:13:25-07:00","rpp_sym":"lapis lazuli, 2.5 pt, no dash","mtab_date":null,"mtab_motion":null,"mtab_reso_text":null,"sym_rpp2":"lapis lazuli, 2.5 pt, no dash | 2, M-F, 800-1800","globalid":null,"exceptions":"Yes. RPP holders are exempt from time limits.","from_time":"8am","to_time":"6pm","data_as_of":"2017-05-12T17:13:25.000","analysis_neighborhood":"Pacific Heights","supervisor_district":"2","data_loaded_at":"2026-06-13T10:29:08.190",":id":"row-9byz~rktw.q5cv",":version":"rv-rfex.gr6d.sibd",":created_at":"2026-06-13T17:29:18.307Z",":updated_at":"2026-06-13T17:29:18.307Z"}},{"type":"Feature","geometry":{"type":"MultiLineString","coordinates":[[[-122.43872852,37.788412037],[-122.438872853,37.789125018]]]},"properties":{"objectid":"644","agency":null,"regulation":"Time limited","days":"M-F","hours":"800-1800","hrs_begin":"800","hrs_end":"1800","regdetails":null,"modified":null,"editor":null,"rpparea1":"G","rpparea2":null,"rpparea3":null,"fid_100":"5706","length_ft":"263","conflict":"0","enacted":null,"created_us":null,"created_da":null,"last_edite":null,"last_edi_1":null,"hrlimit":"2","created_user":null,"created_date":null,"last_edited_user":"MTA","last_edited_date":"2017-05-12 17:13:37-07:00","rpp_sym":"lapis lazuli, 2.5 pt, no dash","mtab_date":null,"mtab_motion":null,"mtab_reso_text":null,"sym_rpp2":"lapis lazuli, 2.5 pt, no dash | 2, M-F, 800-1800","globalid":null,"exceptions":"Yes. RPP holders are exempt from time limits.","from_time":"8am","to_time":"6pm","data_as_of":"2017-05-12T17:13:37.000","analysis_neighborhood":"Pacific Heights","supervisor_district":"2","data_loaded_at":"2026-06-13T10:29:08.190",":id":"row-spfx-ypmv.3ah3",":version":"rv-h3zi_4s43.nq6g",":created_at":"2026-06-13T17:29:18.307Z",":updated_at":"2026-06-13T17:29:18.307Z"}},{"type":"Feature","geometry":{"type":"MultiLineString","coordinates":[[[-122.4298924,37.794998141],[-122.428482709,37.795178183]]]},"properties":{"objectid":"6524","agency":null,"regulation":"Time limited","days":"M-F","hours":"800-1800","hrs_begin":"800","hrs_end":"1800","regdetails":null,"modified":null,"editor":null,"rpparea1":"G","rpparea2":"K","rpparea3":null,"fid_100":"6091","length_ft":"413","conflict":"0","enacted":null,"created_us":null,"created_da":null,"last_edite":null,"last_edi_1":null,"hrlimit":"2","created_user":null,"created_date":null,"last_edited_user":"MTA","last_edited_date":"2017-05-12 17:13:23-07:00","rpp_sym":"lapis lazuli, 2.5 pt, no dash","mtab_date":null,"mtab_motion":null,"mtab_reso_text":null,"sym_rpp2":"lapis lazuli, 2.5 pt, no dash | 2, M-F, 800-1800","globalid":null,"exceptions":"Yes. RPP holders are exempt from time limits.","from_time":"8am","to_time":"6pm","data_as_of":"2017-05-12T17:13:23.000","analysis_neighborhood":"Pacific Heights","supervisor_district":"2","data_loaded_at":"2026-06-13T10:29:08.190",":id":"row-nx9n~37at~5tbp",":version":"rv-z96b.z3gy~2a6h",":created_at":"2026-06-13T17:29:18.307Z",":updated_at":"2026-06-13T17:29:18.307Z"}},{"type":"Feature","geometry":{"type":"MultiLineString","coordinates":[[[-122.438632863,37.788211683],[-122.43723058,37.788390082]]]},"properties":{"objectid":"3749","agency":null,"regulation":"Time limited","days":"M-F","hours":"800-1800","hrs_begin":"800","hrs_end":"1800","regdetails":null,"modified":null,"editor":null,"rpparea1":"G","rpparea2":null,"rpparea3":null,"fid_100":"5715","length_ft":"410","conflict":"0","enacted":null,"created_us":null,"created_da":null,"last_edite":null,"last_edi_1":null,"hrlimit":"2","created_user":null,"created_date":null,"last_edited_user":"MTA","last_edited_date":"2017-05-12 17:13:12-07:00","rpp_sym":"lapis lazuli, 2.5 pt, no dash","mtab_date":null,"mtab_motion":null,"mtab_reso_text":null,"sym_rpp2":"lapis lazuli, 2.5 pt, no dash | 2, M-F, 800-1800","globalid":null,"exceptions":"Yes. RPP holders are exempt from time limits.","from_time":"8am","to_time":"6pm","data_as_of":"2017-05-12T17:13:12.000","analysis_neighborhood":"Pacific Heights","supervisor_district":"2","data_loaded_at":"2026-06-13T10:29:08.190",":id":"row-9jrh-qqi6~tw4q",":version":"rv-c4j7.bkat~ngt2",":created_at":"2026-06-13T17:29:18.307Z",":updated_at":"2026-06-13T17:29:18.307Z"}},{"type":"Feature","geometry":{"type":"MultiLineString","coordinates":[[[-122.44721171,37.788962312],[-122.447072919,37.788274007]]]},"properties":{"objectid":"6694","agency":null,"regulation":"Time limited","days":"M-F","hours":"900-1600","hrs_begin":"900","hrs_end":"1600","regdetails":null,"modified":"2015-01-07 16:00:00-08:00","editor":"Mark C. Dreger","rpparea1":"F","rpparea2":"G","rpparea3":null,"fid_100":"5974","length_ft":"254","conflict":"0","enacted":null,"created_us":null,"created_da":null,"last_edite":null,"last_edi_1":null,"hrlimit":"2","created_user":null,"created_date":null,"last_edited_user":"MTA","last_edited_date":"2017-05-12 17:10:56-07:00","rpp_sym":"seville orange, 2.5 pt, no dash","mtab_date":null,"mtab_motion":null,"mtab_reso_text":null,"sym_rpp2":"seville orange, 2.5 pt, no dash | 2, M-F, 900-1600","globalid":null,"exceptions":"Yes. RPP holders are exempt from time limits.","from_time":"9am","to_time":"4pm","data_as_of":"2017-05-12T17:10:56.000","analysis_neighborhood":"Presidio Heights","supervisor_district":"2","data_loaded_at":"2026-06-13T10:29:08.190",":id":"row-rufy~4cea.dybz",":version":"rv-3t87-vch8.2vze",":created_at":"2026-06-13T17:29:18.307Z",":updated_at":"2026-06-13T17:29:18.307Z"}},{"type":"Feature","geometry":{"type":"MultiLineString","coordinates":[[[-122.436296638,37.793053915],[-122.436157841,37.792368509]]]},"properties":{"objectid":"1729","agency":null,"regulation":"Time limited","days":"M-F","hours":"800-1800","hrs_begin":"800","hrs_end":"1800","regdetails":null,"modified":null,"editor":null,"rpparea1":"G","rpparea2":null,"rpparea3":null,"fid_100":"5793","length_ft":"253","conflict":"0","enacted":null,"created_us":null,"created_da":null,"last_edite":null,"last_edi_1":null,"hrlimit":"2","created_user":null,"created_date":null,"last_edited_user":"MTA","last_edited_date":"2017-05-12 17:13:10-07:00","rpp_sym":"lapis lazuli, 2.5 pt, no dash","mtab_date":null,"mtab_motion":null,"mtab_reso_text":null,"sym_rpp2":"lapis lazuli, 2.5 pt, no dash | 2, M-F, 800-1800","globalid":null,"exceptions":"Yes. RPP holders are exempt from time limits.","from_time":"8am","to_time":"6pm","data_as_of":"2017-05-12T17:13:10.000","analysis_neighborhood":"Pacific Heights","supervisor_district":"2","data_loaded_at":"2026-06-13T10:29:08.190",":id":"row-2as4.x5c4-3bb2",":version":"rv-f9fk.biyp-8vcb",":created_at":"2026-06-13T17:29:18.307Z",":updated_at":"2026-06-13T17:29:18.307Z"}},{"type":"Feature","geometry":{"type":"MultiLineString","coordinates":[[[-122.44470133,37.791975869],[-122.444564069,37.791296129]]]},"properties":{"objectid":"7666","agency":null,"regulation":"Time limited","days":"M-F","hours":"800-1800","hrs_begin":"800","hrs_end":"1800","regdetails":null,"modified":null,"editor":null,"rpparea1":"G","rpparea2":null,"rpparea3":null,"fid_100":"5919","length_ft":"251","conflict":"0","enacted":null,"created_us":null,"created_da":null,"last_edite":null,"last_edi_1":null,"hrlimit":"3","created_user":null,"created_date":null,"last_edited_user":"MTA","last_edited_date":"2017-05-12 17:13:03-07:00","rpp_sym":"lapis lazuli, 2.5 pt, dash 3:1, interval 2","mtab_date":null,"mtab_motion":null,"mtab_reso_text":null,"sym_rpp2":"lapis lazuli, 2.5 pt, dash 3:1, interval 2 | 3, M-F, 800-1800","globalid":null,"exceptions":"Yes. RPP holders are exempt from time limits.","from_time":"8am","to_time":"6pm","data_as_of":"2017-05-12T17:13:03.000","analysis_neighborhood":"Pacific Heights","supervisor_district":"2","data_loaded_at":"2026-06-13T10:29:08.190",":id":"row-rdkr-bbgh-kyvy",":version":"rv-8jyj.aynw.7uqf",":created_at":"2026-06-13T17:29:18.307Z",":updated_at":"2026-06-13T17:29:18.307Z"}},{"type":"Feature","geometry":{"type":"MultiLineString","coordinates":[[[-122.427689147,37.792493493],[-122.426291845,37.792670526]]]},"properties":{"objectid":"935","agency":null,"regulation":"Time limited","days":"M-F","hours":"800-1800","hrs_begin":"800","hrs_end":"1800","regdetails":null,"modified":null,"editor":null,"rpparea1":"G","rpparea2":null,"rpparea3":null,"fid_100":"5679","length_ft":"409","conflict":"0","enacted":null,"created_us":null,"created_da":null,"last_edite":null,"last_edi_1":null,"hrlimit":"2","created_user":null,"created_date":null,"last_edited_user":"MTA","last_edited_date":"2017-05-12 17:13:15-07:00","rpp_sym":"lapis lazuli, 2.5 pt, no dash","mtab_date":null,"mtab_motion":null,"mtab_reso_text":null,"sym_rpp2":"lapis lazuli, 2.5 pt, no dash | 2, M-F, 800-1800","globalid":null,"exceptions":"Yes. RPP holders are exempt from time limits.","from_time":"8am","to_time":"6pm","data_as_of":"2017-05-12T17:13:15.000","analysis_neighborhood":"Pacific Heights","supervisor_district":"2","data_loaded_at":"2026-06-13T10:29:08.190",":id":"row-b6t7~cuxm-jkkm",":version":"rv-ba9c~k2ni.h4jx",":created_at":"2026-06-13T17:29:18.307Z",":updated_at":"2026-06-13T17:29:18.307Z"}},{"type":"Feature","geometry":{"type":"MultiLineString","coordinates":[[[-122.43953521,37.792679545],[-122.438136888,37.792858317]]]},"properties":{"objectid":"5447","agency":null,"regulation":"Time limited","days":"M-F","hours":"800-1800","hrs_begin":"800","hrs_end":"1800","regdetails":null,"modified":null,"editor":null,"rpparea1":"G","rpparea2":null,"rpparea3":null,"fid_100":"5903","length_ft":"409","conflict":"0","enacted":null,"created_us":null,"created_da":null,"last_edite":null,"last_edi_1":null,"hrlimit":"2","created_user":null,"created_date":null,"last_edited_user":"MTA","last_edited_date":"2017-05-12 17:12:59-07:00","rpp_sym":"lapis lazuli, 2.5 pt, no dash","mtab_date":null,"mtab_motion":null,"mtab_reso_text":null,"sym_rpp2":"lapis lazuli, 2.5 pt, no dash | 2, M-F, 800-1800","globalid":null,"exceptions":"Yes. RPP holders are exempt from time limits.","from_time":"8am","to_time":"6pm","data_as_of":"2017-05-12T17:12:59.000","analysis_neighborhood":"Pacific Heights","supervisor_district":"2","data_loaded_at":"2026-06-13T10:29:08.190",":id":"row-n6pw~q6gb~zmn7",":version":"rv-nsdq_8ssn~hnmt",":created_at":"2026-06-13T17:29:18.307Z",":updated_at":"2026-06-13T17:29:18.307Z"}},{"type":"Feature","geometry":{"type":"MultiLineString","coordinates":[[[-122.436631755,37.794977798],[-122.435225432,37.795156558]]]},"properties":{"objectid":"5641","agency":null,"regulation":"Time limited","days":"M-F","hours":"800-1800","hrs_begin":"800","hrs_end":"1800","regdetails":null,"modified":null,"editor":null,"rpparea1":"G","rpparea2":"K","rpparea3":null,"fid_100":"6073","length_ft":"412","conflict":"0","enacted":null,"created_us":null,"created_da":null,"last_edite":null,"last_edi_1":null,"hrlimit":"2","created_user":null,"created_date":null,"last_edited_user":"MTA","last_edited_date":"2017-05-12 17:13:25-07:00","rpp_sym":"lapis lazuli, 2.5 pt, no dash","mtab_date":null,"mtab_motion":null,"mtab_reso_text":null,"sym_rpp2":"lapis lazuli, 2.5 pt, no dash | 2, M-F, 800-1800","globalid":null,"exceptions":"Yes. RPP holders are exempt from time limits.","from_time":"8am","to_time":"6pm","data_as_of":"2017-05-12T17:13:25.000","analysis_neighborhood":"Pacific Heights","supervisor_district":"2","data_loaded_at":"2026-06-13T10:29:08.190",":id":"row-pq8s.i6qz-48gi",":version":"rv-5izf_wi9e~jh6s",":created_at":"2026-06-13T17:29:18.307Z",":updated_at":"2026-06-13T17:29:18.307Z"}},{"type":"Feature","geometry":{"type":"MultiLineString","coordinates":[[[-122.425177279,37.788200003],[-122.425233172,37.788477111]]]},"properties":{"objectid":"4159","agency":null,"regulation":"Time limited","days":"M-F","hours":"800-1800","hrs_begin":"800","hrs_end":"1800","regdetails":null,"modified":null,"editor":null,"rpparea1":"G","rpparea2":null,"rpparea3":null,"fid_100":"5628","length_ft":"102","conflict":"0","enacted":null,"created_us":null,"created_da":null,"last_edite":null,"last_edi_1":null,"hrlimit":"2","created_user":null,"created_date":null,"last_edited_user":"MTA","last_edited_date":"2017-05-12 17:13:11-07:00","rpp_sym":"lapis lazuli, 2.5 pt, no dash","mtab_date":null,"mtab_motion":null,"mtab_reso_text":null,"sym_rpp2":"lapis lazuli, 2.5 pt, no dash | 2, M-F, 800-1800","globalid":null,"exceptions":"Yes. RPP holders are exempt from time limits.","from_time":"8am","to_time":"6pm","data_as_of":"2017-05-12T17:13:11.000","analysis_neighborhood":"Western Addition","supervisor_district":"2","data_loaded_at":"2026-06-13T10:29:08.190",":id":"row-ma8g_qfv5_wdy4",":version":"rv-qxhs-yjs7~vk5j",":created_at":"2026-06-13T17:29:18.307Z",":updated_at":"2026-06-13T17:29:18.307Z"}},{"type":"Feature","geometry":{"type":"MultiLineString","coordinates":[[[-122.428290683,37.786826325],[-122.428438452,37.787558091]]]},"properties":{"objectid":"3432","agency":null,"regulation":"Time limited","days":"M-F","hours":"800-1800","hrs_begin":"800","hrs_end":"1800","regdetails":null,"modified":null,"editor":null,"rpparea1":"G","rpparea2":null,"rpparea3":null,"fid_100":"5619","length_ft":"270","conflict":"0","enacted":null,"created_us":null,"created_da":null,"last_edite":null,"last_edi_1":null,"hrlimit":"2","created_user":null,"created_date":null,"last_edited_user":"MTA","last_edited_date":"2017-05-12 17:13:39-07:00","rpp_sym":"lapis lazuli, 2.5 pt, no dash","mtab_date":null,"mtab_motion":null,"mtab_reso_text":null,"sym_rpp2":"lapis lazuli, 2.5 pt, no dash | 2, M-F, 800-1800","globalid":null,"exceptions":"Yes. RPP holders are exempt from time limits.","from_time":"8am","to_time":"6pm","data_as_of":"2017-05-12T17:13:39.000","analysis_neighborhood":"Pacific Heights","supervisor_district":"5","data_loaded_at":"2026-06-13T10:29:08.190",":id":"row-26dy~5x6u-m86p",":version":"rv-apm4.9usz-u6hq",":created_at":"2026-06-13T17:29:18.307Z",":updated_at":"2026-06-13T17:29:18.307Z"}},{"type":"Feature","geometry":{"type":"MultiLineString","coordinates":[[[-122.430121985,37.78754716],[-122.430264155,37.788250232]]]},"properties":{"objectid":"1207","agency":null,"regulation":"Time limited","days":"M-F","hours":"800-1800","hrs_begin":"800","hrs_end":"1800","regdetails":null,"modified":null,"editor":null,"rpparea1":"G","rpparea2":null,"rpparea3":null,"fid_100":"5611","length_ft":"259","conflict":"0","enacted":null,"created_us":null,"created_da":null,"last_edite":null,"last_edi_1":null,"hrlimit":"2","created_user":null,"created_date":null,"last_edited_user":"MTA","last_edited_date":"2017-05-12 17:13:02-07:00","rpp_sym":"lapis lazuli, 2.5 pt, no dash","mtab_date":null,"mtab_motion":null,"mtab_reso_text":null,"sym_rpp2":"lapis lazuli, 2.5 pt, no dash | 2, M-F, 800-1800","globalid":null,"exceptions":"Yes. RPP holders are exempt from time limits.","from_time":"8am","to_time":"6pm","data_as_of":"2017-05-12T17:13:02.000","analysis_neighborhood":"Pacific Heights","supervisor_district":"5","data_loaded_at":"2026-06-13T10:29:08.190",":id":"row-9k7z-3xkw~fbju",":version":"rv-qqks_tkue_qgar",":created_at":"2026-06-13T17:29:18.307Z",":updated_at":"2026-06-13T17:29:18.307Z"}},{"type":"Feature","geometry":{"type":"MultiLineString","coordinates":[[[-122.439247244,37.790974375],[-122.439088742,37.790191441]]]},"properties":{"objectid":"5873","agency":null,"regulation":"Time limited","days":"M-F","hours":"800-1800","hrs_begin":"800","hrs_end":"1800","regdetails":null,"modified":null,"editor":null,"rpparea1":"G","rpparea2":null,"rpparea3":null,"fid_100":"5784","length_ft":"289","conflict":"0","enacted":null,"created_us":null,"created_da":null,"last_edite":null,"last_edi_1":null,"hrlimit":"2","created_user":null,"created_date":null,"last_edited_user":"MTA","last_edited_date":"2017-05-12 17:13:03-07:00","rpp_sym":"lapis lazuli, 2.5 pt, no dash","mtab_date":null,"mtab_motion":null,"mtab_reso_text":null,"sym_rpp2":"lapis lazuli, 2.5 pt, no dash | 2, M-F, 800-1800","globalid":null,"exceptions":"Yes. RPP holders are exempt from time limits.","from_time":"8am","to_time":"6pm","data_as_of":"2017-05-12T17:13:03.000","analysis_neighborhood":"Pacific Heights","supervisor_district":"2","data_loaded_at":"2026-06-13T10:29:08.190",":id":"row-mdu2.8qx2-skyx",":version":"rv-ibua.ct9y-v3w7",":created_at":"2026-06-13T17:29:18.307Z",":updated_at":"2026-06-13T17:29:18.307Z"}},{"type":"Feature","geometry":{"type":"MultiLineString","coordinates":[[[-122.43278,37.792642429],[-122.431390916,37.792819821]]]},"properties":{"objectid":"6250","agency":null,"regulation":"Time limited","days":"M-F","hours":"800-1800","hrs_begin":"800","hrs_end":"1800","regdetails":null,"modified":null,"editor":null,"rpparea1":"G","rpparea2":null,"rpparea3":null,"fid_100":"5908","length_ft":"407","conflict":"0","enacted":null,"created_us":null,"created_da":null,"last_edite":null,"last_edi_1":null,"hrlimit":"2","created_user":null,"created_date":null,"last_edited_user":"MTA","last_edited_date":"2017-05-12 17:13:25-07:00","rpp_sym":"lapis lazuli, 2.5 pt, no dash","mtab_date":null,"mtab_motion":null,"mtab_reso_text":null,"sym_rpp2":"lapis lazuli, 2.5 pt, no dash | 2, M-F, 800-1800","globalid":null,"exceptions":"Yes. RPP holders are exempt from time limits.","from_time":"8am","to_time":"6pm","data_as_of":"2017-05-12T17:13:25.000","analysis_neighborhood":"Pacific Heights","supervisor_district":"2","data_loaded_at":"2026-06-13T10:29:08.190",":id":"row-6u7q-4ujy.pmwx",":version":"rv-ssjd_zbg7~z4ca",":created_at":"2026-06-13T17:29:18.307Z",":updated_at":"2026-06-13T17:29:18.307Z"}},{"type":"Feature","geometry":{"type":"MultiLineString","coordinates":[[[-122.429318011,37.791240121],[-122.429177679,37.790546078]]]},"properties":{"objectid":"7486","agency":null,"regulation":"Time limited","days":"M-F","hours":"800-1800","hrs_begin":"800","hrs_end":"1800","regdetails":null,"modified":null,"editor":null,"rpparea1":"G","rpparea2":null,"rpparea3":null,"fid_100":"5655","length_ft":"256","conflict":"0","enacted":null,"created_us":null,"created_da":null,"last_edite":null,"last_edi_1":null,"hrlimit":"2","created_user":null,"created_date":null,"last_edited_user":"MTA","last_edited_date":"2017-05-12 17:13:10-07:00","rpp_sym":"lapis lazuli, 2.5 pt, no dash","mtab_date":null,"mtab_motion":null,"mtab_reso_text":null,"sym_rpp2":"lapis lazuli, 2.5 pt, no dash | 2, M-F, 800-1800","globalid":null,"exceptions":"Yes. RPP holders are exempt from time limits.","from_time":"8am","to_time":"6pm","data_as_of":"2017-05-12T17:13:10.000","analysis_neighborhood":"Pacific Heights","supervisor_district":"2","data_loaded_at":"2026-06-13T10:29:08.190",":id":"row-t8bm.d7mn.nqtj",":version":"rv-vre9.4sku.2deb",":created_at":"2026-06-13T17:29:18.307Z",":updated_at":"2026-06-13T17:29:18.307Z"}},{"type":"Feature","geometry":{"type":"MultiLineString","coordinates":[[[-122.417667586,37.792745355],[-122.417590142,37.792349983]]]},"properties":{"objectid":"3652","agency":null,"regulation":"Time limited","days":"M-Sa","hours":"800-2100","hrs_begin":"800","hrs_end":"2100","regdetails":null,"modified":null,"editor":null,"rpparea1":"C","rpparea2":"G","rpparea3":null,"fid_100":"4904","length_ft":"146","conflict":"0","enacted":null,"created_us":null,"created_da":null,"last_edite":null,"last_edi_1":null,"hrlimit":"2","created_user":null,"created_date":null,"last_edited_user":"MTA","last_edited_date":"2017-05-12 17:17:39-07:00","rpp_sym":"black, 2.5 pt, no dash","mtab_date":null,"mtab_motion":null,"mtab_reso_text":null,"sym_rpp2":"black, 2.5 pt, no dash | 2, M-Sa, 800-2100","globalid":null,"exceptions":"Yes. RPP holders are exempt from time limits.","from_time":"8am","to_time":"9pm","data_as_of":"2017-05-12T17:17:39.000","analysis_neighborhood":"Nob Hill","supervisor_district":"3","data_loaded_at":"2026-06-13T10:29:08.190",":id":"row-i4fr~kucu.j5wa",":version":"rv-xzyq-xzva_jb8t",":created_at":"2026-06-13T17:29:18.307Z",":updated_at":"2026-06-13T17:29:18.307Z"}},{"type":"Feature","geometry":{"type":"MultiLineString","coordinates":[[[-122.419856021,37.795186528],[-122.419703789,37.79444611]]]},"properties":{"objectid":"3511","agency":null,"regulation":"Time limited","days":"M-Sa","hours":"800-2100","hrs_begin":"800","hrs_end":"2100","regdetails":null,"modified":null,"editor":null,"rpparea1":"A","rpparea2":"C","rpparea3":"G","fid_100":"4677","length_ft":"273","conflict":"0","enacted":null,"created_us":null,"created_da":null,"last_edite":null,"last_edi_1":null,"hrlimit":"2","created_user":null,"created_date":null,"last_edited_user":"MTA","last_edited_date":"2017-05-12 17:17:31-07:00","rpp_sym":"black, 2.5 pt, no dash","mtab_date":null,"mtab_motion":null,"mtab_reso_text":null,"sym_rpp2":"black, 2.5 pt, no dash | 2, M-Sa, 800-2100","globalid":null,"exceptions":"Yes. RPP holders are exempt from time limits.","from_time":"8am","to_time":"9pm","data_as_of":"2017-05-12T17:17:31.000","analysis_neighborhood":"Russian Hill","supervisor_district":"3","data_loaded_at":"2026-06-13T10:29:08.190",":id":"row-7gie-44q6.78ir",":version":"rv-httm-g9js.v8bw",":created_at":"2026-06-13T17:29:18.307Z",":updated_at":"2026-06-13T17:29:18.307Z"}},{"type":"Feature","geometry":{"type":"MultiLineString","coordinates":[[[-122.418361016,37.795370809],[-122.41820164,37.79463264]]]},"properties":{"objectid":"981","agency":null,"regulation":"Time limited","days":"M-Sa","hours":"800-2100","hrs_begin":"800","hrs_end":"2100","regdetails":null,"modified":null,"editor":null,"rpparea1":"A","rpparea2":"C","rpparea3":"G","fid_100":"4697","length_ft":"273","conflict":"0","enacted":null,"created_us":null,"created_da":null,"last_edite":null,"last_edi_1":null,"hrlimit":"2","created_user":null,"created_date":null,"last_edited_user":"MTA","last_edited_date":"2017-05-12 17:17:30-07:00","rpp_sym":"black, 2.5 pt, no dash","mtab_date":null,"mtab_motion":null,"mtab_reso_text":null,"sym_rpp2":"black, 2.5 pt, no dash | 2, M-Sa, 800-2100","globalid":null,"exceptions":"Yes. RPP holders are exempt from time limits.","from_time":"8am","to_time":"9pm","data_as_of":"2017-05-12T17:17:30.000","analysis_neighborhood":"Russian Hill","supervisor_district":"3","data_loaded_at":"2026-06-13T10:29:08.190",":id":"row-4ihe.ixch~7ztb",":version":"rv-5sje~mwqm_w93m",":created_at":"2026-06-13T17:29:18.307Z",":updated_at":"2026-06-13T17:29:18.307Z"}},{"type":"Feature","geometry":{"type":"MultiLineString","coordinates":[[[-122.419629658,37.794332364],[-122.418231619,37.794505159]]]},"properties":{"objectid":"5218","agency":null,"regulation":"Time limited","days":"M-Sa","hours":"800-2100","hrs_begin":"800","hrs_end":"2100","regdetails":null,"modified":null,"editor":null,"rpparea1":"A","rpparea2":"C","rpparea3":"G","fid_100":"4740","length_ft":"409","conflict":"0","enacted":null,"created_us":null,"created_da":null,"last_edite":null,"last_edi_1":null,"hrlimit":"2","created_user":null,"created_date":null,"last_edited_user":"MTA","last_edited_date":"2017-05-12 17:17:31-07:00","rpp_sym":"black, 2.5 pt, no dash","mtab_date":null,"mtab_motion":null,"mtab_reso_text":null,"sym_rpp2":"black, 2.5 pt, no dash | 2, M-Sa, 800-2100","globalid":null,"exceptions":"Yes. RPP holders are exempt from time limits.","from_time":"8am","to_time":"9pm","data_as_of":"2017-05-12T17:17:31.000","analysis_neighborhood":"Russian Hill","supervisor_district":"3","data_loaded_at":"2026-06-13T10:29:08.190",":id":"row-knt3~vf93_hdc4",":version":"rv-kmj3~ry5x_ntzc",":created_at":"2026-06-13T17:29:18.307Z",":updated_at":"2026-06-13T17:29:18.307Z"}},{"type":"Feature","geometry":{"type":"MultiLineString","coordinates":[[[-122.438066683,37.785421955],[-122.436669629,37.785599564]]]},"properties":{"objectid":"3513","agency":null,"regulation":"Time limited","days":"M-F","hours":"800-1800","hrs_begin":"800","hrs_end":"1800","regdetails":null,"modified":null,"editor":null,"rpparea1":"G","rpparea2":null,"rpparea3":null,"fid_100":"5687","length_ft":"409","conflict":"0","enacted":null,"created_us":null,"created_da":null,"last_edite":null,"last_edi_1":null,"hrlimit":"2","created_user":null,"created_date":null,"last_edited_user":"MTA","last_edited_date":"2017-05-12 17:13:14-07:00","rpp_sym":"lapis lazuli, 2.5 pt, no dash","mtab_date":null,"mtab_motion":null,"mtab_reso_text":null,"sym_rpp2":"lapis lazuli, 2.5 pt, no dash | 2, M-F, 800-1800","globalid":null,"exceptions":"Yes. RPP holders are exempt from time limits.","from_time":"8am","to_time":"6pm","data_as_of":"2017-05-12T17:13:14.000","analysis_neighborhood":"Japantown","supervisor_district":"5","data_loaded_at":"2026-06-13T10:29:08.190",":id":"row-6xez-zdn2-g72f",":version":"rv-jkmz_2i5c.4xmq",":created_at":"2026-06-13T17:29:18.307Z",":updated_at":"2026-06-13T17:29:18.307Z"}},{"type":"Feature","geometry":{"type":"MultiLineString","coordinates":[[[-122.428414857,37.78773237],[-122.427019105,37.787910484]]]},"properties":{"objectid":"7299","agency":null,"regulation":"Time limited","days":"M-F","hours":"800-1800","hrs_begin":"800","hrs_end":"1800","regdetails":null,"modified":null,"editor":null,"rpparea1":"G","rpparea2":null,"rpparea3":null,"fid_100":"5593","length_ft":"409","conflict":"0","enacted":null,"created_us":null,"created_da":null,"last_edite":null,"last_edi_1":null,"hrlimit":"2","created_user":null,"created_date":null,"last_edited_user":"MTA","last_edited_date":"2017-05-12 17:13:38-07:00","rpp_sym":"lapis lazuli, 2.5 pt, no dash","mtab_date":null,"mtab_motion":null,"mtab_reso_text":null,"sym_rpp2":"lapis lazuli, 2.5 pt, no dash | 2, M-F, 800-1800","globalid":null,"exceptions":"Yes. RPP holders are exempt from time limits.","from_time":"8am","to_time":"6pm","data_as_of":"2017-05-12T17:13:38.000","analysis_neighborhood":"Pacific Heights","supervisor_district":"5","data_loaded_at":"2026-06-13T10:29:08.190",":id":"row-9fjj.k7ja-57zq",":version":"rv-5uhh.dhhd~6sdt",":created_at":"2026-06-13T17:29:18.307Z",":updated_at":"2026-06-13T17:29:18.307Z"}},{"type":"Feature","geometry":{"type":"MultiLineString","coordinates":[[[-122.429007579,37.790376658],[-122.428862405,37.789659938]]]},"properties":{"objectid":"5714","agency":null,"regulation":"Time limited","days":"M-F","hours":"800-1800","hrs_begin":"800","hrs_end":"1800","regdetails":null,"modified":null,"editor":null,"rpparea1":"G","rpparea2":null,"rpparea3":null,"fid_100":"5650","length_ft":"264","conflict":"0","enacted":null,"created_us":null,"created_da":null,"last_edite":null,"last_edi_1":null,"hrlimit":"2","created_user":null,"created_date":null,"last_edited_user":"MTA","last_edited_date":"2017-05-12 17:13:28-07:00","rpp_sym":"lapis lazuli, 2.5 pt, no dash","mtab_date":null,"mtab_motion":null,"mtab_reso_text":null,"sym_rpp2":"lapis lazuli, 2.5 pt, no dash | 2, M-F, 800-1800","globalid":null,"exceptions":"Yes. RPP holders are exempt from time limits.","from_time":"8am","to_time":"6pm","data_as_of":"2017-05-12T17:13:28.000","analysis_neighborhood":"Pacific Heights","supervisor_district":"2","data_loaded_at":"2026-06-13T10:29:08.190",":id":"row-rih2_w32y_gaxs",":version":"rv-usup_7uqr_vixv",":created_at":"2026-06-13T17:29:18.307Z",":updated_at":"2026-06-13T17:29:18.307Z"}},{"type":"Feature","geometry":{"type":"MultiLineString","coordinates":[[[-122.443054581,37.792203676],[-122.442912946,37.791508279]]]},"properties":{"objectid":"4805","agency":null,"regulation":"Time limited","days":"M-F","hours":"800-1800","hrs_begin":"800","hrs_end":"1800","regdetails":null,"modified":null,"editor":null,"rpparea1":"G","rpparea2":null,"rpparea3":null,"fid_100":"5920","length_ft":"256","conflict":"0","enacted":null,"created_us":null,"created_da":null,"last_edite":null,"last_edi_1":null,"hrlimit":"3","created_user":null,"created_date":null,"last_edited_user":"MTA","last_edited_date":"2017-05-12 17:13:28-07:00","rpp_sym":"lapis lazuli, 2.5 pt, dash 3:1, interval 2","mtab_date":null,"mtab_motion":null,"mtab_reso_text":null,"sym_rpp2":"lapis lazuli, 2.5 pt, dash 3:1, interval 2 | 3, M-F, 800-1800","globalid":null,"exceptions":"Yes. RPP holders are exempt from time limits.","from_time":"8am","to_time":"6pm","data_as_of":"2017-05-12T17:13:28.000","analysis_neighborhood":"Pacific Heights","supervisor_district":"2","data_loaded_at":"2026-06-13T10:29:08.190",":id":"row-i5jf-hkf9-g9ja",":version":"rv-wf7k~kw2a~zteq",":created_at":"2026-06-13T17:29:18.307Z",":updated_at":"2026-06-13T17:29:18.307Z"}},{"type":"Feature","geometry":{"type":"MultiLineString","coordinates":[[[-122.445639051,37.789209536],[-122.444215817,37.789389844]]]},"properties":{"objectid":"6744","agency":null,"regulation":"Time limited","days":"M-F","hours":"800-1800","hrs_begin":"800","hrs_end":"1800","regdetails":null,"modified":null,"editor":null,"rpparea1":"G","rpparea2":null,"rpparea3":null,"fid_100":"5985","length_ft":"416","conflict":"0","enacted":null,"created_us":null,"created_da":null,"last_edite":null,"last_edi_1":null,"hrlimit":"2","created_user":null,"created_date":null,"last_edited_user":"MTA","last_edited_date":"2017-05-12 17:13:10-07:00","rpp_sym":"lapis lazuli, 2.5 pt, no dash","mtab_date":null,"mtab_motion":null,"mtab_reso_text":null,"sym_rpp2":"lapis lazuli, 2.5 pt, no dash | 2, M-F, 800-1800","globalid":null,"exceptions":"Yes. RPP holders are exempt from time limits.","from_time":"8am","to_time":"6pm","data_as_of":"2017-05-12T17:13:10.000","analysis_neighborhood":"Pacific Heights","supervisor_district":"2","data_loaded_at":"2026-06-13T10:29:08.190",":id":"row-83js_6rv7-z8jc",":version":"rv-3uuz-xxei~9kna",":created_at":"2026-06-13T17:29:18.307Z",":updated_at":"2026-06-13T17:29:18.307Z"}},{"type":"Feature","geometry":{"type":"MultiLineString","coordinates":[[[-122.449263898,37.79155508],[-122.447815561,37.79173938]]]},"properties":{"objectid":"2528","agency":null,"regulation":"Time limited","days":"M-F","hours":"900-1600","hrs_begin":"900","hrs_end":"1600","regdetails":null,"modified":"2015-01-07 16:00:00-08:00","editor":"Mark C. Dreger","rpparea1":"F","rpparea2":"G","rpparea3":null,"fid_100":"6052","length_ft":"424","conflict":"0","enacted":null,"created_us":null,"created_da":null,"last_edite":null,"last_edi_1":null,"hrlimit":"3","created_user":null,"created_date":null,"last_edited_user":"MTA","last_edited_date":"2017-05-12 17:10:56-07:00","rpp_sym":"seville orange, 2.5 pt, dash 3:1, interval 2","mtab_date":null,"mtab_motion":null,"mtab_reso_text":null,"sym_rpp2":"seville orange, 2.5 pt, dash 3:1, interval 2 | 3, M-F, 900-1600","globalid":null,"exceptions":"Yes. RPP holders are exempt from time limits.","from_time":"9am","to_time":"4pm","data_as_of":"2017-05-12T17:10:56.000","analysis_neighborhood":"Presidio","supervisor_district":"2","data_loaded_at":"2026-06-13T10:29:08.190",":id":"row-6vfn-jpcz~q8q4",":version":"rv-4t6v_eqjx-cchz",":created_at":"2026-06-13T17:29:18.307Z",":updated_at":"2026-06-13T17:29:18.307Z"}},{"type":"Feature","geometry":{"type":"MultiLineString","coordinates":[[[-122.442527239,37.790508429],[-122.441121445,37.790687327]]]},"properties":{"objectid":"1517","agency":null,"regulation":"Time limited","days":"M-F","hours":"800-1800","hrs_begin":"800","hrs_end":"1800","regdetails":null,"modified":null,"editor":null,"rpparea1":"G","rpparea2":null,"rpparea3":null,"fid_100":"5947","length_ft":"411","conflict":"0","enacted":null,"created_us":null,"created_da":null,"last_edite":null,"last_edi_1":null,"hrlimit":"2","created_user":null,"created_date":null,"last_edited_user":"MTA","last_edited_date":"2017-05-12 17:13:24-07:00","rpp_sym":"lapis lazuli, 2.5 pt, no dash","mtab_date":null,"mtab_motion":null,"mtab_reso_text":null,"sym_rpp2":"lapis lazuli, 2.5 pt, no dash | 2, M-F, 800-1800","globalid":null,"exceptions":"Yes. RPP holders are exempt from time limits.","from_time":"8am","to_time":"6pm","data_as_of":"2017-05-12T17:13:24.000","analysis_neighborhood":"Pacific Heights","supervisor_district":"2","data_loaded_at":"2026-06-13T10:29:08.190",":id":"row-pk87-cp7h.x62f",":version":"rv-wa56.ttyw_8gbk",":created_at":"2026-06-13T17:29:18.307Z",":updated_at":"2026-06-13T17:29:18.307Z"}},{"type":"Feature","geometry":{"type":"MultiLineString","coordinates":[[[-122.44435817,37.78282882],[-122.442952538,37.783008062]]]},"properties":{"objectid":"4458","agency":null,"regulation":"Time limited","days":"M-F","hours":"800-1800","hrs_begin":"800","hrs_end":"1800","regdetails":null,"modified":null,"editor":null,"rpparea1":"G","rpparea2":null,"rpparea3":null,"fid_100":"6033","length_ft":"411","conflict":"0","enacted":null,"created_us":null,"created_da":null,"last_edite":null,"last_edi_1":null,"hrlimit":"2","created_user":null,"created_date":null,"last_edited_user":"MTA","last_edited_date":"2017-05-12 17:13:24-07:00","rpp_sym":"lapis lazuli, 2.5 pt, no dash","mtab_date":null,"mtab_motion":null,"mtab_reso_text":null,"sym_rpp2":"lapis lazuli, 2.5 pt, no dash | 2, M-F, 800-1800","globalid":null,"exceptions":"Yes. RPP holders are exempt from time limits.","from_time":"8am","to_time":"6pm","data_as_of":"2017-05-12T17:13:24.000","analysis_neighborhood":"Presidio Heights","supervisor_district":"2","data_loaded_at":"2026-06-13T10:29:08.190",":id":"row-pdxh~ya5j.sxqu",":version":"rv-3h3m.ps78.y4ak",":created_at":"2026-06-13T17:29:18.307Z",":updated_at":"2026-06-13T17:29:18.307Z"}},{"type":"Feature","geometry":{"type":"MultiLineString","coordinates":[[[-122.428967244,37.790421258],[-122.427561241,37.790598666]]]},"properties":{"objectid":"2859","agency":null,"regulation":"Time limited","days":"M-F","hours":"800-1800","hrs_begin":"800","hrs_end":"1800","regdetails":null,"modified":null,"editor":null,"rpparea1":"G","rpparea2":null,"rpparea3":null,"fid_100":"5657","length_ft":"411","conflict":"0","enacted":null,"created_us":null,"created_da":null,"last_edite":null,"last_edi_1":null,"hrlimit":"2","created_user":null,"created_date":null,"last_edited_user":"MTA","last_edited_date":"2017-05-12 17:13:14-07:00","rpp_sym":"lapis lazuli, 2.5 pt, no dash","mtab_date":null,"mtab_motion":null,"mtab_reso_text":null,"sym_rpp2":"lapis lazuli, 2.5 pt, no dash | 2, M-F, 800-1800","globalid":null,"exceptions":"Yes. RPP holders are exempt from time limits.","from_time":"8am","to_time":"6pm","data_as_of":"2017-05-12T17:13:14.000","analysis_neighborhood":"Pacific Heights","supervisor_district":"2","data_loaded_at":"2026-06-13T10:29:08.190",":id":"row-sasj~uf5m~ifph",":version":"rv-he9q_hdet_drei",":created_at":"2026-06-13T17:29:18.307Z",":updated_at":"2026-06-13T17:29:18.307Z"}},{"type":"Feature","geometry":{"type":"MultiLineString","coordinates":[[[-122.447198396,37.789900116],[-122.446048852,37.790050022]]]},"properties":{"objectid":"5753","agency":null,"regulation":"Time limited","days":"M-F","hours":"800-1800","hrs_begin":"800","hrs_end":"1800","regdetails":null,"modified":null,"editor":null,"rpparea1":"F","rpparea2":"G","rpparea3":null,"fid_100":"5933","length_ft":"337","conflict":"0","enacted":null,"created_us":null,"created_da":null,"last_edite":null,"last_edi_1":null,"hrlimit":"2","created_user":null,"created_date":null,"last_edited_user":"MTA","last_edited_date":"2017-05-12 17:13:39-07:00","rpp_sym":"lapis lazuli, 2.5 pt, no dash","mtab_date":null,"mtab_motion":null,"mtab_reso_text":null,"sym_rpp2":"lapis lazuli, 2.5 pt, no dash | 2, M-F, 800-1800","globalid":null,"exceptions":"Yes. RPP holders are exempt from time limits.","from_time":"8am","to_time":"6pm","data_as_of":"2017-05-12T17:13:39.000","analysis_neighborhood":"Presidio Heights","supervisor_district":"2","data_loaded_at":"2026-06-13T10:29:08.190",":id":"row-tbhm-axu9-aqys",":version":"rv-kjgt~uqsa_jazq",":created_at":"2026-06-13T17:29:18.307Z",":updated_at":"2026-06-13T17:29:18.307Z"}},{"type":"Feature","geometry":{"type":"MultiLineString","coordinates":[[[-122.431741244,37.795559469],[-122.431594493,37.794825399]]]},"properties":{"objectid":"5871","agency":null,"regulation":"Time limited","days":"M-F","hours":"800-1800","hrs_begin":"800","hrs_end":"1800","regdetails":null,"modified":null,"editor":null,"rpparea1":"G","rpparea2":"K","rpparea3":null,"fid_100":"6089","length_ft":"271","conflict":"0","enacted":null,"created_us":null,"created_da":null,"last_edite":null,"last_edi_1":null,"hrlimit":"2","created_user":null,"created_date":null,"last_edited_user":"MTA","last_edited_date":"2017-05-12 17:13:11-07:00","rpp_sym":"lapis lazuli, 2.5 pt, no dash","mtab_date":null,"mtab_motion":null,"mtab_reso_text":null,"sym_rpp2":"lapis lazuli, 2.5 pt, no dash | 2, M-F, 800-1800","globalid":null,"exceptions":"Yes. RPP holders are exempt from time limits.","from_time":"8am","to_time":"6pm","data_as_of":"2017-05-12T17:13:11.000","analysis_neighborhood":"Pacific Heights","supervisor_district":"2","data_loaded_at":"2026-06-13T10:29:08.190",":id":"row-dpf6_rgfz_qrcz",":version":"rv-ny42.9bwh~e3wa",":created_at":"2026-06-13T17:29:18.307Z",":updated_at":"2026-06-13T17:29:18.307Z"}},{"type":"Feature","geometry":{"type":"MultiLineString","coordinates":[[[-122.427798878,37.792371822],[-122.426274459,37.792564962]]]},"properties":{"objectid":"6279","agency":null,"regulation":"Time limited","days":"M-F","hours":"800-1800","hrs_begin":"800","hrs_end":"1800","regdetails":null,"modified":null,"editor":null,"rpparea1":"G","rpparea2":null,"rpparea3":null,"fid_100":"5678","length_ft":"446","conflict":"0","enacted":null,"created_us":null,"created_da":null,"last_edite":null,"last_edi_1":null,"hrlimit":"2","created_user":null,"created_date":null,"last_edited_user":"MTA","last_edited_date":"2017-05-12 17:13:12-07:00","rpp_sym":"lapis lazuli, 2.5 pt, no dash","mtab_date":null,"mtab_motion":null,"mtab_reso_text":null,"sym_rpp2":"lapis lazuli, 2.5 pt, no dash | 2, M-F, 800-1800","globalid":null,"exceptions":"Yes. RPP holders are exempt from time limits.","from_time":"8am","to_time":"6pm","data_as_of":"2017-05-12T17:13:12.000","analysis_neighborhood":"Pacific Heights","supervisor_district":"2","data_loaded_at":"2026-06-13T10:29:08.190",":id":"row-27xr~npkt~cxt9",":version":"rv-93bc-ry6u.4xmu",":created_at":"2026-06-13T17:29:18.307Z",":updated_at":"2026-06-13T17:29:18.307Z"}},{"type":"Feature","geometry":{"type":"MultiLineString","coordinates":[[[-122.420945108,37.795965817],[-122.420233763,37.796008414]]]},"properties":{"objectid":"6079","agency":null,"regulation":"Time limited","days":"M-Sa","hours":"800-2100","hrs_begin":"800","hrs_end":"2100","regdetails":null,"modified":null,"editor":null,"rpparea1":"A","rpparea2":"C","rpparea3":"G","fid_100":"4673","length_ft":"206","conflict":"0","enacted":null,"created_us":null,"created_da":null,"last_edite":null,"last_edi_1":null,"hrlimit":"2","created_user":null,"created_date":null,"last_edited_user":"RAYNELLCOOPER","last_edited_date":"2024-04-29 17:21:10-07:00","rpp_sym":"black, 2.5 pt, no dash","mtab_date":null,"mtab_motion":null,"mtab_reso_text":null,"sym_rpp2":"black, 2.5 pt, no dash | 2, M-Sa, 800-2100","globalid":null,"exceptions":"Yes. RPP holders are exempt from time limits.","from_time":"8am","to_time":"9pm","data_as_of":"2024-04-29T17:21:10.000","analysis_neighborhood":"Russian Hill","supervisor_district":"3","data_loaded_at":"2026-06-13T10:29:08.190",":id":"row-ewv2-f35v.mrrz",":version":"rv-95g2~vc9a_bk6x",":created_at":"2026-06-13T17:29:18.307Z",":updated_at":"2026-06-13T17:29:18.307Z"}},{"type":"Feature","geometry":{"type":"MultiLineString","coordinates":[[[-122.431874292,37.787105041],[-122.431729361,37.786384017]]]},"properties":{"objectid":"2636","agency":null,"regulation":"Time limited","days":"M-F","hours":"800-1800","hrs_begin":"800","hrs_end":"1800","regdetails":null,"modified":null,"editor":null,"rpparea1":"G","rpparea2":null,"rpparea3":null,"fid_100":"5607","length_ft":"266","conflict":"0","enacted":null,"created_us":null,"created_da":null,"last_edite":null,"last_edi_1":null,"hrlimit":"2","created_user":null,"created_date":null,"last_edited_user":"MTA","last_edited_date":"2017-05-12 17:13:10-07:00","rpp_sym":"lapis lazuli, 2.5 pt, no dash","mtab_date":null,"mtab_motion":null,"mtab_reso_text":null,"sym_rpp2":"lapis lazuli, 2.5 pt, no dash | 2, M-F, 800-1800","globalid":null,"exceptions":"Yes. RPP holders are exempt from time limits.","from_time":"8am","to_time":"6pm","data_as_of":"2017-05-12T17:13:10.000","analysis_neighborhood":"Pacific Heights","supervisor_district":"5","data_loaded_at":"2026-06-13T10:29:08.190",":id":"row-idgf.u7ed_x3gz",":version":"rv-n4yd_kfig.xip5",":created_at":"2026-06-13T17:29:18.307Z",":updated_at":"2026-06-13T17:29:18.307Z"}},{"type":"Feature","geometry":{"type":"MultiLineString","coordinates":[[[-122.443283977,37.785666214],[-122.443135998,37.784931877]]]},"properties":{"objectid":"4822","agency":null,"regulation":"Time limited","days":"M-F","hours":"800-1800","hrs_begin":"800","hrs_end":"1800","regdetails":null,"modified":null,"editor":null,"rpparea1":"G","rpparea2":null,"rpparea3":null,"fid_100":"6015","length_ft":"271","conflict":"0","enacted":null,"created_us":null,"created_da":null,"last_edite":null,"last_edi_1":null,"hrlimit":"2","created_user":null,"created_date":null,"last_edited_user":"MTA","last_edited_date":"2017-05-12 17:13:24-07:00","rpp_sym":"lapis lazuli, 2.5 pt, no dash","mtab_date":null,"mtab_motion":null,"mtab_reso_text":null,"sym_rpp2":"lapis lazuli, 2.5 pt, no dash | 2, M-F, 800-1800","globalid":null,"exceptions":"Yes. RPP holders are exempt from time limits.","from_time":"8am","to_time":"6pm","data_as_of":"2017-05-12T17:13:24.000","analysis_neighborhood":"Pacific Heights","supervisor_district":"2","data_loaded_at":"2026-06-13T10:29:08.190",":id":"row-gykq-5bzi~jhtz",":version":"rv-s6rk.8dnz~ph5f",":created_at":"2026-06-13T17:29:18.307Z",":updated_at":"2026-06-13T17:29:18.307Z"}},{"type":"Feature","geometry":{"type":"MultiLineString","coordinates":[[[-122.428249362,37.786621696],[-122.42810062,37.785886981]]]},"properties":{"objectid":"2841","agency":null,"regulation":"Time limited","days":"M-F","hours":"800-1800","hrs_begin":"800","hrs_end":"1800","regdetails":null,"modified":null,"editor":null,"rpparea1":"G","rpparea2":null,"rpparea3":null,"fid_100":"5641","length_ft":"271","conflict":"0","enacted":null,"created_us":null,"created_da":null,"last_edite":null,"last_edi_1":null,"hrlimit":"2","created_user":null,"created_date":null,"last_edited_user":"MTA","last_edited_date":"2017-05-12 17:13:25-07:00","rpp_sym":"lapis lazuli, 2.5 pt, no dash","mtab_date":null,"mtab_motion":null,"mtab_reso_text":null,"sym_rpp2":"lapis lazuli, 2.5 pt, no dash | 2, M-F, 800-1800","globalid":null,"exceptions":"Yes. RPP holders are exempt from time limits.","from_time":"8am","to_time":"6pm","data_as_of":"2017-05-12T17:13:25.000","analysis_neighborhood":"Japantown","supervisor_district":"5","data_loaded_at":"2026-06-13T10:29:08.190",":id":"row-zdue-2r2m.uedm",":version":"rv-bytz_mfkp-nggz",":created_at":"2026-06-13T17:29:18.307Z",":updated_at":"2026-06-13T17:29:18.307Z"}},{"type":"Feature","geometry":{"type":"MultiLineString","coordinates":[[[-122.425871841,37.79182453],[-122.424474866,37.792002294]]]},"properties":{"objectid":"6683","agency":null,"regulation":"Time limited","days":"M-Sa","hours":"800-2300","hrs_begin":"800","hrs_end":"2300","regdetails":"MON - FRI: 8AM - 11PM; SAT: 5PM - 11PM","modified":"2015-01-08 16:00:00-08:00","editor":"Mark C. Dreger","rpparea1":"G","rpparea2":null,"rpparea3":null,"fid_100":"5673","length_ft":"409","conflict":"0","enacted":null,"created_us":null,"created_da":null,"last_edite":null,"last_edi_1":null,"hrlimit":"2","created_user":null,"created_date":null,"last_edited_user":"MTA","last_edited_date":"2017-05-12 17:19:20-07:00","rpp_sym":"leaf green, 2.5 pt, no dash","mtab_date":null,"mtab_motion":null,"mtab_reso_text":null,"sym_rpp2":"leaf green, 2.5 pt, no dash | 2, M-Sa, 800-2300","globalid":null,"exceptions":"Yes. RPP holders are exempt from time limits.","from_time":"8am","to_time":"11pm","data_as_of":"2017-05-12T17:19:20.000","analysis_neighborhood":"Pacific Heights","supervisor_district":"2","data_loaded_at":"2026-06-13T10:29:08.190",":id":"row-e7dt~hxp6-pe3v",":version":"rv-mskp-aer9~fpd3",":created_at":"2026-06-13T17:29:18.307Z",":updated_at":"2026-06-13T17:29:18.307Z"}},{"type":"Feature","geometry":{"type":"MultiLineString","coordinates":[[[-122.42677066,37.796220102],[-122.425391408,37.796395252]]]},"properties":{"objectid":"6831","agency":null,"regulation":"Time limited","days":"M-F","hours":"800-1800","hrs_begin":"800","hrs_end":"1800","regdetails":null,"modified":null,"editor":null,"rpparea1":"G","rpparea2":"K","rpparea3":null,"fid_100":"6094","length_ft":"404","conflict":"0","enacted":null,"created_us":null,"created_da":null,"last_edite":null,"last_edi_1":null,"hrlimit":"2","created_user":null,"created_date":null,"last_edited_user":"MTA","last_edited_date":"2017-05-12 17:13:12-07:00","rpp_sym":"lapis lazuli, 2.5 pt, no dash","mtab_date":null,"mtab_motion":null,"mtab_reso_text":null,"sym_rpp2":"lapis lazuli, 2.5 pt, no dash | 2, M-F, 800-1800","globalid":null,"exceptions":"Yes. RPP holders are exempt from time limits.","from_time":"8am","to_time":"6pm","data_as_of":"2017-05-12T17:13:12.000","analysis_neighborhood":"Pacific Heights","supervisor_district":"2","data_loaded_at":"2026-06-13T10:29:08.190",":id":"row-n9b3_pwcc.26nm",":version":"rv-pw8h_bzd5_wejm",":created_at":"2026-06-13T17:29:18.307Z",":updated_at":"2026-06-13T17:29:18.307Z"}},{"type":"Feature","geometry":{"type":"MultiLineString","coordinates":[[[-122.443230251,37.784726474],[-122.443081145,37.783989479]]]},"properties":{"objectid":"781","agency":null,"regulation":"Time limited","days":"M-F","hours":"800-1800","hrs_begin":"800","hrs_end":"1800","regdetails":null,"modified":null,"editor":null,"rpparea1":"G","rpparea2":null,"rpparea3":null,"fid_100":"6042","length_ft":"272","conflict":"0","enacted":null,"created_us":null,"created_da":null,"last_edite":null,"last_edi_1":null,"hrlimit":"2","created_user":null,"created_date":null,"last_edited_user":"MTA","last_edited_date":"2017-05-12 17:13:36-07:00","rpp_sym":"lapis lazuli, 2.5 pt, no dash","mtab_date":null,"mtab_motion":null,"mtab_reso_text":null,"sym_rpp2":"lapis lazuli, 2.5 pt, no dash | 2, M-F, 800-1800","globalid":null,"exceptions":"Yes. RPP holders are exempt from time limits.","from_time":"8am","to_time":"6pm","data_as_of":"2017-05-12T17:13:36.000","analysis_neighborhood":"Presidio Heights","supervisor_district":"5","data_loaded_at":"2026-06-13T10:29:08.190",":id":"row-sqc9-uqyk_hzkf",":version":"rv-5ysn~ijsw_pu4q",":created_at":"2026-06-13T17:29:18.307Z",":updated_at":"2026-06-13T17:29:18.307Z"}},{"type":"Feature","geometry":{"type":"MultiLineString","coordinates":[[[-122.437966814,37.784649115],[-122.438113995,37.785384862]]]},"properties":{"objectid":"7634","agency":null,"regulation":"Time limited","days":"M-F","hours":"800-1800","hrs_begin":"800","hrs_end":"1800","regdetails":null,"modified":null,"editor":null,"rpparea1":"G","rpparea2":null,"rpparea3":null,"fid_100":"5686","length_ft":"271","conflict":"0","enacted":null,"created_us":null,"created_da":null,"last_edite":null,"last_edi_1":null,"hrlimit":"2","created_user":null,"created_date":null,"last_edited_user":"MTA","last_edited_date":"2017-05-12 17:13:39-07:00","rpp_sym":"lapis lazuli, 2.5 pt, no dash","mtab_date":null,"mtab_motion":null,"mtab_reso_text":null,"sym_rpp2":"lapis lazuli, 2.5 pt, no dash | 2, M-F, 800-1800","globalid":null,"exceptions":"Yes. RPP holders are exempt from time limits.","from_time":"8am","to_time":"6pm","data_as_of":"2017-05-12T17:13:39.000","analysis_neighborhood":"Japantown","supervisor_district":"5","data_loaded_at":"2026-06-13T10:29:08.190",":id":"row-ra43.77qn.ft9s",":version":"rv-zmsd~dzt5-pmen",":created_at":"2026-06-13T17:29:18.307Z",":updated_at":"2026-06-13T17:29:18.307Z"}},{"type":"Feature","geometry":{"type":"MultiLineString","coordinates":[[[-122.427494466,37.790562233],[-122.427352382,37.789861451]]]},"properties":{"objectid":"3666","agency":null,"regulation":"Time limited","days":"M-F","hours":"800-1800","hrs_begin":"800","hrs_end":"1800","regdetails":null,"modified":null,"editor":null,"rpparea1":"G","rpparea2":null,"rpparea3":null,"fid_100":"5660","length_ft":"258","conflict":"0","enacted":null,"created_us":null,"created_da":null,"last_edite":null,"last_edi_1":null,"hrlimit":"2","created_user":null,"created_date":null,"last_edited_user":"MTA","last_edited_date":"2017-05-12 17:13:14-07:00","rpp_sym":"lapis lazuli, 2.5 pt, no dash","mtab_date":null,"mtab_motion":null,"mtab_reso_text":null,"sym_rpp2":"lapis lazuli, 2.5 pt, no dash | 2, M-F, 800-1800","globalid":null,"exceptions":"Yes. RPP holders are exempt from time limits.","from_time":"8am","to_time":"6pm","data_as_of":"2017-05-12T17:13:14.000","analysis_neighborhood":"Pacific Heights","supervisor_district":"2","data_loaded_at":"2026-06-13T10:29:08.190",":id":"row-hsqs.vhax_yedb",":version":"rv-qdhq~m4af.h78q",":created_at":"2026-06-13T17:29:18.307Z",":updated_at":"2026-06-13T17:29:18.307Z"}},{"type":"Feature","geometry":{"type":"MultiLineString","coordinates":[[[-122.420021262,37.795994919],[-122.419889102,37.795343742]]]},"properties":{"objectid":"5419","agency":null,"regulation":"Time limited","days":"M-Sa","hours":"800-2100","hrs_begin":"800","hrs_end":"2100","regdetails":null,"modified":null,"editor":null,"rpparea1":"A","rpparea2":"C","rpparea3":"G","fid_100":"4675","length_ft":"240","conflict":"0","enacted":null,"created_us":null,"created_da":null,"last_edite":null,"last_edi_1":null,"hrlimit":"2","created_user":null,"created_date":null,"last_edited_user":"MTA","last_edited_date":"2017-05-12 17:17:28-07:00","rpp_sym":"black, 2.5 pt, no dash","mtab_date":null,"mtab_motion":null,"mtab_reso_text":null,"sym_rpp2":"black, 2.5 pt, no dash | 2, M-Sa, 800-2100","globalid":null,"exceptions":"Yes. RPP holders are exempt from time limits.","from_time":"8am","to_time":"9pm","data_as_of":"2017-05-12T17:17:28.000","analysis_neighborhood":"Russian Hill","supervisor_district":"3","data_loaded_at":"2026-06-13T10:29:08.190",":id":"row-pdb5.y9x2.bwvp",":version":"rv-z9j2-9zzg_3z5u",":created_at":"2026-06-13T17:29:18.307Z",":updated_at":"2026-06-13T17:29:18.307Z"}},{"type":"Feature","geometry":{"type":"MultiLineString","coordinates":[[[-122.435125981,37.787248091],[-122.435062924,37.786934889]]]},"properties":{"objectid":"5173","agency":null,"regulation":"Time limited","days":"M-F","hours":"800-1800","hrs_begin":"800","hrs_end":"1800","regdetails":null,"modified":null,"editor":null,"rpparea1":"G","rpparea2":null,"rpparea3":null,"fid_100":"5725","length_ft":"115","conflict":"0","enacted":null,"created_us":null,"created_da":null,"last_edite":null,"last_edi_1":null,"hrlimit":"2","created_user":null,"created_date":null,"last_edited_user":"MTA","last_edited_date":"2017-05-12 17:13:12-07:00","rpp_sym":"lapis lazuli, 2.5 pt, no dash","mtab_date":null,"mtab_motion":null,"mtab_reso_text":null,"sym_rpp2":"lapis lazuli, 2.5 pt, no dash | 2, M-F, 800-1800","globalid":null,"exceptions":"Yes. RPP holders are exempt from time limits.","from_time":"8am","to_time":"6pm","data_as_of":"2017-05-12T17:13:12.000","analysis_neighborhood":"Pacific Heights","supervisor_district":"5","data_loaded_at":"2026-06-13T10:29:08.190",":id":"row-6xqp~9drp~v66x",":version":"rv-6jib_7bb8.bkua",":created_at":"2026-06-13T17:29:18.307Z",":updated_at":"2026-06-13T17:29:18.307Z"}},{"type":"Feature","geometry":{"type":"MultiLineString","coordinates":[[[-122.428478016,37.787754798],[-122.428622401,37.788468991]]]},"properties":{"objectid":"5545","agency":null,"regulation":"Time limited","days":"M-F","hours":"800-1800","hrs_begin":"800","hrs_end":"1800","regdetails":null,"modified":null,"editor":null,"rpparea1":"G","rpparea2":null,"rpparea3":null,"fid_100":"5617","length_ft":"263","conflict":"0","enacted":null,"created_us":null,"created_da":null,"last_edite":null,"last_edi_1":null,"hrlimit":"2","created_user":null,"created_date":null,"last_edited_user":"MTA","last_edited_date":"2017-05-12 17:13:10-07:00","rpp_sym":"lapis lazuli, 2.5 pt, no dash","mtab_date":null,"mtab_motion":null,"mtab_reso_text":null,"sym_rpp2":"lapis lazuli, 2.5 pt, no dash | 2, M-F, 800-1800","globalid":null,"exceptions":"Yes. RPP holders are exempt from time limits.","from_time":"8am","to_time":"6pm","data_as_of":"2017-05-12T17:13:10.000","analysis_neighborhood":"Pacific Heights","supervisor_district":"5","data_loaded_at":"2026-06-13T10:29:08.190",":id":"row-buns.rxva.gjed",":version":"rv-g6pw_2z9r~v2up",":created_at":"2026-06-13T17:29:18.307Z",":updated_at":"2026-06-13T17:29:18.307Z"}},{"type":"Feature","geometry":{"type":"MultiLineString","coordinates":[[[-122.436399078,37.794025069],[-122.4350401,37.794197138]]]},"properties":{"objectid":"6569","agency":null,"regulation":"Time limited","days":"M-F","hours":"800-1800","hrs_begin":"800","hrs_end":"1800","regdetails":null,"modified":null,"editor":null,"rpparea1":"G","rpparea2":"K","rpparea3":null,"fid_100":"5807","length_ft":"398","conflict":"0","enacted":null,"created_us":null,"created_da":null,"last_edite":null,"last_edi_1":null,"hrlimit":"2","created_user":null,"created_date":null,"last_edited_user":"MTA","last_edited_date":"2017-05-12 17:13:27-07:00","rpp_sym":"lapis lazuli, 2.5 pt, no dash","mtab_date":null,"mtab_motion":null,"mtab_reso_text":null,"sym_rpp2":"lapis lazuli, 2.5 pt, no dash | 2, M-F, 800-1800","globalid":null,"exceptions":"Yes. RPP holders are exempt from time limits.","from_time":"8am","to_time":"6pm","data_as_of":"2017-05-12T17:13:27.000","analysis_neighborhood":"Pacific Heights","supervisor_district":"2","data_loaded_at":"2026-06-13T10:29:08.190",":id":"row-7grv~vkyd~pwe4",":version":"rv-jy45~7smh-qh76",":created_at":"2026-06-13T17:29:18.307Z",":updated_at":"2026-06-13T17:29:18.307Z"}},{"type":"Feature","geometry":{"type":"MultiLineString","coordinates":[[[-122.435526857,37.788564706],[-122.435380649,37.787838418]]]},"properties":{"objectid":"1819","agency":null,"regulation":"Time limited","days":"M-F","hours":"800-1800","hrs_begin":"800","hrs_end":"1800","regdetails":null,"modified":null,"editor":null,"rpparea1":"G","rpparea2":null,"rpparea3":null,"fid_100":"5721","length_ft":"268","conflict":"0","enacted":null,"created_us":null,"created_da":null,"last_edite":null,"last_edi_1":null,"hrlimit":"2","created_user":null,"created_date":null,"last_edited_user":"MTA","last_edited_date":"2017-05-12 17:13:11-07:00","rpp_sym":"lapis lazuli, 2.5 pt, no dash","mtab_date":null,"mtab_motion":null,"mtab_reso_text":null,"sym_rpp2":"lapis lazuli, 2.5 pt, no dash | 2, M-F, 800-1800","globalid":null,"exceptions":"Yes. RPP holders are exempt from time limits.","from_time":"8am","to_time":"6pm","data_as_of":"2017-05-12T17:13:11.000","analysis_neighborhood":"Pacific Heights","supervisor_district":"2","data_loaded_at":"2026-06-13T10:29:08.190",":id":"row-thh7~hc9d_2maz",":version":"rv-jt3c~ghjy.9b3a",":created_at":"2026-06-13T17:29:18.307Z",":updated_at":"2026-06-13T17:29:18.307Z"}},{"type":"Feature","geometry":{"type":"MultiLineString","coordinates":[[[-122.431819999,37.787692194],[-122.431752285,37.787357328]]]},"properties":{"objectid":"5077","agency":null,"regulation":"Time limited","days":"M-F","hours":"800-1800","hrs_begin":"800","hrs_end":"1800","regdetails":null,"modified":null,"editor":null,"rpparea1":"G","rpparea2":null,"rpparea3":null,"fid_100":"5606","length_ft":"123","conflict":"0","enacted":null,"created_us":null,"created_da":null,"last_edite":null,"last_edi_1":null,"hrlimit":"2","created_user":null,"created_date":null,"last_edited_user":"MTA","last_edited_date":"2017-05-12 17:13:02-07:00","rpp_sym":"lapis lazuli, 2.5 pt, no dash","mtab_date":null,"mtab_motion":null,"mtab_reso_text":null,"sym_rpp2":"lapis lazuli, 2.5 pt, no dash | 2, M-F, 800-1800","globalid":null,"exceptions":"Yes. RPP holders are exempt from time limits.","from_time":"8am","to_time":"6pm","data_as_of":"2017-05-12T17:13:02.000","analysis_neighborhood":"Pacific Heights","supervisor_district":"5","data_loaded_at":"2026-06-13T10:29:08.190",":id":"row-fbbe~d7jp_abv2",":version":"rv-ft48~2w9v.cg2x",":created_at":"2026-06-13T17:29:18.307Z",":updated_at":"2026-06-13T17:29:18.307Z"}},{"type":"Feature","geometry":{"type":"MultiLineString","coordinates":[[[-122.444883332,37.785498194],[-122.443477709,37.78567706]]]},"properties":{"objectid":"516","agency":null,"regulation":"Time limited","days":"M-F","hours":"800-1800","hrs_begin":"800","hrs_end":"1800","regdetails":null,"modified":null,"editor":null,"rpparea1":"G","rpparea2":null,"rpparea3":null,"fid_100":"6011","length_ft":"411","conflict":"0","enacted":null,"created_us":null,"created_da":null,"last_edite":null,"last_edi_1":null,"hrlimit":"2","created_user":null,"created_date":null,"last_edited_user":"MTA","last_edited_date":"2017-05-12 17:13:02-07:00","rpp_sym":"lapis lazuli, 2.5 pt, no dash","mtab_date":null,"mtab_motion":null,"mtab_reso_text":null,"sym_rpp2":"lapis lazuli, 2.5 pt, no dash | 2, M-F, 800-1800","globalid":null,"exceptions":"Yes. RPP holders are exempt from time limits.","from_time":"8am","to_time":"6pm","data_as_of":"2017-05-12T17:13:02.000","analysis_neighborhood":"Presidio Heights","supervisor_district":"2","data_loaded_at":"2026-06-13T10:29:08.190",":id":"row-wq3c-m3p9~wixh",":version":"rv-iuxs-kpj6_bnme",":created_at":"2026-06-13T17:29:18.307Z",":updated_at":"2026-06-13T17:29:18.307Z"}},{"type":"Feature","geometry":{"type":"MultiLineString","coordinates":[[[-122.419322839,37.792540321],[-122.419172513,37.791795857]]]},"properties":{"objectid":"2578","agency":null,"regulation":"Time limited","days":"M-Sa","hours":"800-2100","hrs_begin":"800","hrs_end":"2100","regdetails":null,"modified":null,"editor":null,"rpparea1":"C","rpparea2":"G","rpparea3":null,"fid_100":"4902","length_ft":"275","conflict":"0","enacted":null,"created_us":null,"created_da":null,"last_edite":null,"last_edi_1":null,"hrlimit":"2","created_user":null,"created_date":null,"last_edited_user":"MTA","last_edited_date":"2017-05-12 17:17:39-07:00","rpp_sym":"black, 2.5 pt, no dash","mtab_date":null,"mtab_motion":null,"mtab_reso_text":null,"sym_rpp2":"black, 2.5 pt, no dash | 2, M-Sa, 800-2100","globalid":null,"exceptions":"Yes. RPP holders are exempt from time limits.","from_time":"8am","to_time":"9pm","data_as_of":"2017-05-12T17:17:39.000","analysis_neighborhood":"Nob Hill","supervisor_district":"3","data_loaded_at":"2026-06-13T10:29:08.190",":id":"row-tdmq_2w4y.df85",":version":"rv-r2yh.jqdu-5iqm",":created_at":"2026-06-13T17:29:18.307Z",":updated_at":"2026-06-13T17:29:18.307Z"}},{"type":"Feature","geometry":{"type":"MultiLineString","coordinates":[[[-122.436793669,37.787482672],[-122.435404162,37.787659214]]]},"properties":{"objectid":"3792","agency":null,"regulation":"Time limited","days":"M-F","hours":"800-1800","hrs_begin":"800","hrs_end":"1800","regdetails":null,"modified":null,"editor":null,"rpparea1":"G","rpparea2":null,"rpparea3":null,"fid_100":"5730","length_ft":"407","conflict":"0","enacted":null,"created_us":null,"created_da":null,"last_edite":null,"last_edi_1":null,"hrlimit":"2","created_user":null,"created_date":null,"last_edited_user":"MTA","last_edited_date":"2017-05-12 17:13:23-07:00","rpp_sym":"lapis lazuli, 2.5 pt, no dash","mtab_date":null,"mtab_motion":null,"mtab_reso_text":null,"sym_rpp2":"lapis lazuli, 2.5 pt, no dash | 2, M-F, 800-1800","globalid":null,"exceptions":"Yes. RPP holders are exempt from time limits.","from_time":"8am","to_time":"6pm","data_as_of":"2017-05-12T17:13:23.000","analysis_neighborhood":"Pacific Heights","supervisor_district":"5","data_loaded_at":"2026-06-13T10:29:08.190",":id":"row-8zzs~efmm.xewz",":version":"rv-fnf5-d55p_bf4f",":created_at":"2026-06-13T17:29:18.307Z",":updated_at":"2026-06-13T17:29:18.307Z"}},{"type":"Feature","geometry":{"type":"MultiLineString","coordinates":[[[-122.435980815,37.79149378],[-122.436119066,37.792181456]]]},"properties":{"objectid":"7550","agency":null,"regulation":"Time limited","days":"M-F","hours":"800-1800","hrs_begin":"800","hrs_end":"1800","regdetails":null,"modified":null,"editor":null,"rpparea1":"G","rpparea2":null,"rpparea3":null,"fid_100":"5768","length_ft":"254","conflict":"0","enacted":null,"created_us":null,"created_da":null,"last_edite":null,"last_edi_1":null,"hrlimit":"2","created_user":null,"created_date":null,"last_edited_user":"MTA","last_edited_date":"2017-05-12 17:12:59-07:00","rpp_sym":"lapis lazuli, 2.5 pt, no dash","mtab_date":null,"mtab_motion":null,"mtab_reso_text":null,"sym_rpp2":"lapis lazuli, 2.5 pt, no dash | 2, M-F, 800-1800","globalid":null,"exceptions":"Yes. RPP holders are exempt from time limits.","from_time":"8am","to_time":"6pm","data_as_of":"2017-05-12T17:12:59.000","analysis_neighborhood":"Pacific Heights","supervisor_district":"2","data_loaded_at":"2026-06-13T10:29:08.190",":id":"row-iep2_b7rw-wy9r",":version":"rv-x3nx.m5qs~727f",":created_at":"2026-06-13T17:29:18.307Z",":updated_at":"2026-06-13T17:29:18.307Z"}},{"type":"Feature","geometry":{"type":"MultiLineString","coordinates":[[[-122.438664855,37.787426618],[-122.438809149,37.78813942]]]},"properties":{"objectid":"4425","agency":null,"regulation":"Time limited","days":"M-F","hours":"800-1800","hrs_begin":"800","hrs_end":"1800","regdetails":null,"modified":null,"editor":null,"rpparea1":"G","rpparea2":null,"rpparea3":null,"fid_100":"5703","length_ft":"263","conflict":"0","enacted":null,"created_us":null,"created_da":null,"last_edite":null,"last_edi_1":null,"hrlimit":"2","created_user":null,"created_date":null,"last_edited_user":"MTA","last_edited_date":"2017-05-12 17:13:03-07:00","rpp_sym":"lapis lazuli, 2.5 pt, no dash","mtab_date":null,"mtab_motion":null,"mtab_reso_text":null,"sym_rpp2":"lapis lazuli, 2.5 pt, no dash | 2, M-F, 800-1800","globalid":null,"exceptions":"Yes. RPP holders are exempt from time limits.","from_time":"8am","to_time":"6pm","data_as_of":"2017-05-12T17:13:03.000","analysis_neighborhood":"Pacific Heights","supervisor_district":"2","data_loaded_at":"2026-06-13T10:29:08.190",":id":"row-amvw.kjin.m9xa",":version":"rv-vqtz-5frj_8hpz",":created_at":"2026-06-13T17:29:18.307Z",":updated_at":"2026-06-13T17:29:18.307Z"}},{"type":"Feature","geometry":{"type":"MultiLineString","coordinates":[[[-122.446487635,37.786216526],[-122.446399658,37.785775862]]]},"properties":{"objectid":"1715","agency":null,"regulation":"Time limited","days":"M-F","hours":"800-1800","hrs_begin":"800","hrs_end":"1800","regdetails":null,"modified":null,"editor":null,"rpparea1":"G","rpparea2":null,"rpparea3":null,"fid_100":"6001","length_ft":"162","conflict":"0","enacted":null,"created_us":null,"created_da":null,"last_edite":null,"last_edi_1":null,"hrlimit":"2","created_user":null,"created_date":null,"last_edited_user":"MTA","last_edited_date":"2017-05-12 17:12:59-07:00","rpp_sym":"lapis lazuli, 2.5 pt, no dash","mtab_date":null,"mtab_motion":null,"mtab_reso_text":null,"sym_rpp2":"lapis lazuli, 2.5 pt, no dash | 2, M-F, 800-1800","globalid":null,"exceptions":"Yes. RPP holders are exempt from time limits.","from_time":"8am","to_time":"6pm","data_as_of":"2017-05-12T17:12:59.000","analysis_neighborhood":"Presidio Heights","supervisor_district":"2","data_loaded_at":"2026-06-13T10:29:08.190",":id":"row-ejh4~v7g6.22cc",":version":"rv-p9ii~a47h_4ca4",":created_at":"2026-06-13T17:29:18.307Z",":updated_at":"2026-06-13T17:29:18.307Z"}},{"type":"Feature","geometry":{"type":"MultiLineString","coordinates":[[[-122.440541784,37.78911028],[-122.440679765,37.789792673]]]},"properties":{"objectid":"5886","agency":null,"regulation":"Time limited","days":"M-F","hours":"800-1800","hrs_begin":"800","hrs_end":"1800","regdetails":null,"modified":null,"editor":null,"rpparea1":"G","rpparea2":null,"rpparea3":null,"fid_100":"5741","length_ft":"252","conflict":"0","enacted":null,"created_us":null,"created_da":null,"last_edite":null,"last_edi_1":null,"hrlimit":"2","created_user":null,"created_date":null,"last_edited_user":"MTA","last_edited_date":"2017-05-12 17:13:35-07:00","rpp_sym":"lapis lazuli, 2.5 pt, no dash","mtab_date":null,"mtab_motion":null,"mtab_reso_text":null,"sym_rpp2":"lapis lazuli, 2.5 pt, no dash | 2, M-F, 800-1800","globalid":null,"exceptions":"Yes. RPP holders are exempt from time limits.","from_time":"8am","to_time":"6pm","data_as_of":"2017-05-12T17:13:35.000","analysis_neighborhood":"Pacific Heights","supervisor_district":"2","data_loaded_at":"2026-06-13T10:29:08.190",":id":"row-ur29.q6dv-g99c",":version":"rv-3drw_tuxq.pqwv",":created_at":"2026-06-13T17:29:18.307Z",":updated_at":"2026-06-13T17:29:18.307Z"}},{"type":"Feature","geometry":{"type":"MultiLineString","coordinates":[[[-122.424762831,37.793611158],[-122.424628028,37.792942785]]]},"properties":{"objectid":"5783","agency":null,"regulation":"Time limited","days":"M-Sa","hours":"800-2300","hrs_begin":"800","hrs_end":"2300","regdetails":"MON - FRI: 8AM - 11PM; SAT: 5PM - 11PM","modified":"2015-01-08 16:00:00-08:00","editor":"Mark C. Dreger","rpparea1":"C","rpparea2":"G","rpparea3":null,"fid_100":"5860","length_ft":"246","conflict":"0","enacted":null,"created_us":null,"created_da":null,"last_edite":null,"last_edi_1":null,"hrlimit":"2","created_user":null,"created_date":null,"last_edited_user":"MTA","last_edited_date":"2017-05-12 17:19:20-07:00","rpp_sym":"leaf green, 2.5 pt, no dash","mtab_date":null,"mtab_motion":null,"mtab_reso_text":null,"sym_rpp2":"leaf green, 2.5 pt, no dash | 2, M-Sa, 800-2300","globalid":null,"exceptions":"Yes. RPP holders are exempt from time limits.","from_time":"8am","to_time":"11pm","data_as_of":"2017-05-12T17:19:20.000","analysis_neighborhood":"Pacific Heights","supervisor_district":"2","data_loaded_at":"2026-06-13T10:29:08.190",":id":"row-q9th_tyrj_beq6",":version":"rv-qpxy.e88n~nded",":created_at":"2026-06-13T17:29:18.307Z",":updated_at":"2026-06-13T17:29:18.307Z"}},{"type":"Feature","geometry":{"type":"MultiLineString","coordinates":[[[-122.441827954,37.786803016],[-122.441681982,37.786083784]]]},"properties":{"objectid":"500","agency":null,"regulation":"Time limited","days":"M-F","hours":"800-1800","hrs_begin":"800","hrs_end":"1800","regdetails":null,"modified":null,"editor":null,"rpparea1":"G","rpparea2":null,"rpparea3":null,"fid_100":"6106","length_ft":"265","conflict":"0","enacted":null,"created_us":null,"created_da":null,"last_edite":null,"last_edi_1":null,"hrlimit":"2","created_user":null,"created_date":null,"last_edited_user":"MTA","last_edited_date":"2017-05-12 17:13:37-07:00","rpp_sym":"lapis lazuli, 2.5 pt, no dash","mtab_date":null,"mtab_motion":null,"mtab_reso_text":null,"sym_rpp2":"lapis lazuli, 2.5 pt, no dash | 2, M-F, 800-1800","globalid":null,"exceptions":"Yes. RPP holders are exempt from time limits.","from_time":"8am","to_time":"6pm","data_as_of":"2017-05-12T17:13:37.000","analysis_neighborhood":"Pacific Heights","supervisor_district":"2","data_loaded_at":"2026-06-13T10:29:08.190",":id":"row-kqmd-hbwq_ppg9",":version":"rv-kc5e~9yh5.6je4",":created_at":"2026-06-13T17:29:18.307Z",":updated_at":"2026-06-13T17:29:18.307Z"}},{"type":"Feature","geometry":{"type":"MultiLineString","coordinates":[[[-122.449282826,37.791412434],[-122.449141899,37.790708285]]]},"properties":{"objectid":"2574","agency":null,"regulation":"Time limited","days":"M-F","hours":"900-1600","hrs_begin":"900","hrs_end":"1600","regdetails":null,"modified":"2015-01-07 16:00:00-08:00","editor":"Mark C. Dreger","rpparea1":"F","rpparea2":"G","rpparea3":null,"fid_100":"6101","length_ft":"260","conflict":"0","enacted":null,"created_us":null,"created_da":null,"last_edite":null,"last_edi_1":null,"hrlimit":"3","created_user":null,"created_date":null,"last_edited_user":"MTA","last_edited_date":"2017-05-12 17:10:56-07:00","rpp_sym":"seville orange, 2.5 pt, dash 3:1, interval 2","mtab_date":null,"mtab_motion":null,"mtab_reso_text":null,"sym_rpp2":"seville orange, 2.5 pt, dash 3:1, interval 2 | 3, M-F, 900-1600","globalid":null,"exceptions":"Yes. RPP holders are exempt from time limits.","from_time":"9am","to_time":"4pm","data_as_of":"2017-05-12T17:10:56.000","analysis_neighborhood":"Presidio Heights","supervisor_district":"2","data_loaded_at":"2026-06-13T10:29:08.190",":id":"row-n9jx~itk8_snze",":version":"rv-jcgx_j34s-ngry",":created_at":"2026-06-13T17:29:18.307Z",":updated_at":"2026-06-13T17:29:18.307Z"}},{"type":"Feature","geometry":{"type":"MultiLineString","coordinates":[[[-122.433162033,37.794359357],[-122.433021368,37.79366548]]]},"properties":{"objectid":"2178","agency":null,"regulation":"Time limited","days":"M-F","hours":"800-1800","hrs_begin":"800","hrs_end":"1800","regdetails":null,"modified":null,"editor":null,"rpparea1":"G","rpparea2":"K","rpparea3":null,"fid_100":"5812","length_ft":"256","conflict":"0","enacted":null,"created_us":null,"created_da":null,"last_edite":null,"last_edi_1":null,"hrlimit":"2","created_user":null,"created_date":null,"last_edited_user":"MTA","last_edited_date":"2017-05-12 17:13:15-07:00","rpp_sym":"lapis lazuli, 2.5 pt, no dash","mtab_date":null,"mtab_motion":null,"mtab_reso_text":null,"sym_rpp2":"lapis lazuli, 2.5 pt, no dash | 2, M-F, 800-1800","globalid":null,"exceptions":"Yes. RPP holders are exempt from time limits.","from_time":"8am","to_time":"6pm","data_as_of":"2017-05-12T17:13:15.000","analysis_neighborhood":"Pacific Heights","supervisor_district":"2","data_loaded_at":"2026-06-13T10:29:08.190",":id":"row-2wqv_yvx8~jtgn",":version":"rv-mgxj~kn66~6ppy",":created_at":"2026-06-13T17:29:18.307Z",":updated_at":"2026-06-13T17:29:18.307Z"}},{"type":"Feature","geometry":{"type":"MultiLineString","coordinates":[[[-122.443450423,37.786772595],[-122.442042158,37.786952117]]]},"properties":{"objectid":"552","agency":null,"regulation":"Time limited","days":"M-F","hours":"800-1800","hrs_begin":"800","hrs_end":"1800","regdetails":null,"modified":null,"editor":null,"rpparea1":"G","rpparea2":null,"rpparea3":null,"fid_100":"6107","length_ft":"412","conflict":"0","enacted":null,"created_us":null,"created_da":null,"last_edite":null,"last_edi_1":null,"hrlimit":"2","created_user":null,"created_date":null,"last_edited_user":"MTA","last_edited_date":"2017-05-12 17:13:03-07:00","rpp_sym":"lapis lazuli, 2.5 pt, no dash","mtab_date":null,"mtab_motion":null,"mtab_reso_text":null,"sym_rpp2":"lapis lazuli, 2.5 pt, no dash | 2, M-F, 800-1800","globalid":null,"exceptions":"Yes. RPP holders are exempt from time limits.","from_time":"8am","to_time":"6pm","data_as_of":"2017-05-12T17:13:03.000","analysis_neighborhood":"Pacific Heights","supervisor_district":"2","data_loaded_at":"2026-06-13T10:29:08.190",":id":"row-z6p4_q8px_8ahb",":version":"rv-gpbr.n2h9_sseu",":created_at":"2026-06-13T17:29:18.307Z",":updated_at":"2026-06-13T17:29:18.307Z"}},{"type":"Feature","geometry":{"type":"MultiLineString","coordinates":[[[-122.42680495,37.796188391],[-122.426658818,37.795450806]]]},"properties":{"objectid":"4232","agency":null,"regulation":"Time limited","days":"M-F","hours":"800-1800","hrs_begin":"800","hrs_end":"1800","regdetails":null,"modified":null,"editor":null,"rpparea1":"G","rpparea2":"K","rpparea3":null,"fid_100":"6096","length_ft":"272","conflict":"0","enacted":null,"created_us":null,"created_da":null,"last_edite":null,"last_edi_1":null,"hrlimit":"2","created_user":null,"created_date":null,"last_edited_user":"MTA","last_edited_date":"2017-05-12 17:13:03-07:00","rpp_sym":"lapis lazuli, 2.5 pt, no dash","mtab_date":null,"mtab_motion":null,"mtab_reso_text":null,"sym_rpp2":"lapis lazuli, 2.5 pt, no dash | 2, M-F, 800-1800","globalid":null,"exceptions":"Yes. RPP holders are exempt from time limits.","from_time":"8am","to_time":"6pm","data_as_of":"2017-05-12T17:13:03.000","analysis_neighborhood":"Pacific Heights","supervisor_district":"2","data_loaded_at":"2026-06-13T10:29:08.190",":id":"row-iga5.r3w2.qrzk",":version":"rv-5tps.8u44.cjd2",":created_at":"2026-06-13T17:29:18.307Z",":updated_at":"2026-06-13T17:29:18.307Z"}},{"type":"Feature","geometry":{"type":"MultiLineString","coordinates":[[[-122.447039554,37.789139034],[-122.445890473,37.789285312]]]},"properties":{"objectid":"718","agency":null,"regulation":"Time limited","days":"M-F","hours":"800-1800","hrs_begin":"800","hrs_end":"1800","regdetails":null,"modified":null,"editor":null,"rpparea1":"F","rpparea2":"G","rpparea3":null,"fid_100":"5976","length_ft":"336","conflict":"0","enacted":null,"created_us":null,"created_da":null,"last_edite":null,"last_edi_1":null,"hrlimit":"2","created_user":null,"created_date":null,"last_edited_user":"MTA","last_edited_date":"2017-05-12 17:13:24-07:00","rpp_sym":"lapis lazuli, 2.5 pt, no dash","mtab_date":null,"mtab_motion":null,"mtab_reso_text":null,"sym_rpp2":"lapis lazuli, 2.5 pt, no dash | 2, M-F, 800-1800","globalid":null,"exceptions":"Yes. RPP holders are exempt from time limits.","from_time":"8am","to_time":"6pm","data_as_of":"2017-05-12T17:13:24.000","analysis_neighborhood":"Presidio Heights","supervisor_district":"2","data_loaded_at":"2026-06-13T10:29:08.190",":id":"row-8dwb.53p4~uwz5",":version":"rv-w48k.zp9w.juy8",":created_at":"2026-06-13T17:29:18.307Z",":updated_at":"2026-06-13T17:29:18.307Z"}},{"type":"Feature","geometry":{"type":"MultiLineString","coordinates":[[[-122.428059199,37.794254388],[-122.426650987,37.794433894]]]},"properties":{"objectid":"2095","agency":null,"regulation":"Time limited","days":"M-F","hours":"800-1800","hrs_begin":"800","hrs_end":"1800","regdetails":null,"modified":null,"editor":null,"rpparea1":"G","rpparea2":"K","rpparea3":null,"fid_100":"5831","length_ft":"412","conflict":"0","enacted":null,"created_us":null,"created_da":null,"last_edite":null,"last_edi_1":null,"hrlimit":"2","created_user":null,"created_date":null,"last_edited_user":"MTA","last_edited_date":"2017-05-12 17:13:36-07:00","rpp_sym":"lapis lazuli, 2.5 pt, no dash","mtab_date":null,"mtab_motion":null,"mtab_reso_text":null,"sym_rpp2":"lapis lazuli, 2.5 pt, no dash | 2, M-F, 800-1800","globalid":null,"exceptions":"Yes. RPP holders are exempt from time limits.","from_time":"8am","to_time":"6pm","data_as_of":"2017-05-12T17:13:36.000","analysis_neighborhood":"Pacific Heights","supervisor_district":"2","data_loaded_at":"2026-06-13T10:29:08.190",":id":"row-89mg-enrf.h9ut",":version":"rv-jj9i_a7cq-2md5",":created_at":"2026-06-13T17:29:18.307Z",":updated_at":"2026-06-13T17:29:18.307Z"}},{"type":"Feature","geometry":{"type":"MultiLineString","coordinates":[[[-122.436267229,37.793205113],[-122.434868684,37.793383873]]]},"properties":{"objectid":"249","agency":null,"regulation":"Time limited","days":"M-F","hours":"800-1800","hrs_begin":"800","hrs_end":"1800","regdetails":null,"modified":null,"editor":null,"rpparea1":"G","rpparea2":"K","rpparea3":null,"fid_100":"5795","length_ft":"409","conflict":"0","enacted":null,"created_us":null,"created_da":null,"last_edite":null,"last_edi_1":null,"hrlimit":"2","created_user":null,"created_date":null,"last_edited_user":"MTA","last_edited_date":"2017-05-12 17:13:36-07:00","rpp_sym":"lapis lazuli, 2.5 pt, no dash","mtab_date":null,"mtab_motion":null,"mtab_reso_text":null,"sym_rpp2":"lapis lazuli, 2.5 pt, no dash | 2, M-F, 800-1800","globalid":null,"exceptions":"Yes. RPP holders are exempt from time limits.","from_time":"8am","to_time":"6pm","data_as_of":"2017-05-12T17:13:36.000","analysis_neighborhood":"Pacific Heights","supervisor_district":"2","data_loaded_at":"2026-06-13T10:29:08.190",":id":"row-nse8.fcde-n2i7",":version":"rv-dps6~8knq.2zt3",":created_at":"2026-06-13T17:29:18.307Z",":updated_at":"2026-06-13T17:29:18.307Z"}},{"type":"Feature","geometry":{"type":"MultiLineString","coordinates":[[[-122.4269387,37.796162128],[-122.426792155,37.795438165]]]},"properties":{"objectid":"1649","agency":null,"regulation":"Time limited","days":"M-F","hours":"800-1800","hrs_begin":"800","hrs_end":"1800","regdetails":null,"modified":null,"editor":null,"rpparea1":"G","rpparea2":"K","rpparea3":null,"fid_100":"6095","length_ft":"267","conflict":"0","enacted":null,"created_us":null,"created_da":null,"last_edite":null,"last_edi_1":null,"hrlimit":"2","created_user":null,"created_date":null,"last_edited_user":"MTA","last_edited_date":"2017-05-12 17:13:27-07:00","rpp_sym":"lapis lazuli, 2.5 pt, no dash","mtab_date":null,"mtab_motion":null,"mtab_reso_text":null,"sym_rpp2":"lapis lazuli, 2.5 pt, no dash | 2, M-F, 800-1800","globalid":null,"exceptions":"Yes. RPP holders are exempt from time limits.","from_time":"8am","to_time":"6pm","data_as_of":"2017-05-12T17:13:27.000","analysis_neighborhood":"Pacific Heights","supervisor_district":"2","data_loaded_at":"2026-06-13T10:29:08.190",":id":"row-dsyj_aqv2.jqu4",":version":"rv-jnba_3fgn.ychv",":created_at":"2026-06-13T17:29:18.307Z",":updated_at":"2026-06-13T17:29:18.307Z"}},{"type":"Feature","geometry":{"type":"MultiLineString","coordinates":[[[-122.417824539,37.792726407],[-122.417748482,37.792364302]]]},"properties":{"objectid":"2044","agency":null,"regulation":"Time limited","days":"M-Sa","hours":"800-2100","hrs_begin":"800","hrs_end":"2100","regdetails":null,"modified":null,"editor":null,"rpparea1":"C","rpparea2":"G","rpparea3":null,"fid_100":"4903","length_ft":"134","conflict":"0","enacted":null,"created_us":null,"created_da":null,"last_edite":null,"last_edi_1":null,"hrlimit":"2","created_user":null,"created_date":null,"last_edited_user":"MTA","last_edited_date":"2017-05-12 17:17:39-07:00","rpp_sym":"black, 2.5 pt, no dash","mtab_date":null,"mtab_motion":null,"mtab_reso_text":null,"sym_rpp2":"black, 2.5 pt, no dash | 2, M-Sa, 800-2100","globalid":null,"exceptions":"Yes. RPP holders are exempt from time limits.","from_time":"8am","to_time":"9pm","data_as_of":"2017-05-12T17:17:39.000","analysis_neighborhood":"Nob Hill","supervisor_district":"3","data_loaded_at":"2026-06-13T10:29:08.190",":id":"row-76vx~kkqu-4gk5",":version":"rv-mgp5_j9pf.iifn",":created_at":"2026-06-13T17:29:18.307Z",":updated_at":"2026-06-13T17:29:18.307Z"}},{"type":"Feature","geometry":{"type":"MultiLineString","coordinates":[[[-122.4383174,37.794721989],[-122.438166698,37.79397688]]]},"properties":{"objectid":"4660","agency":null,"regulation":"Time limited","days":"M-F","hours":"800-1800","hrs_begin":"800","hrs_end":"1800","regdetails":null,"modified":null,"editor":null,"rpparea1":"G","rpparea2":"K","rpparea3":null,"fid_100":"6062","length_ft":"275","conflict":"0","enacted":null,"created_us":null,"created_da":null,"last_edite":null,"last_edi_1":null,"hrlimit":"2","created_user":null,"created_date":null,"last_edited_user":"MTA","last_edited_date":"2017-05-12 17:13:24-07:00","rpp_sym":"lapis lazuli, 2.5 pt, no dash","mtab_date":null,"mtab_motion":null,"mtab_reso_text":null,"sym_rpp2":"lapis lazuli, 2.5 pt, no dash | 2, M-F, 800-1800","globalid":null,"exceptions":"Yes. RPP holders are exempt from time limits.","from_time":"8am","to_time":"6pm","data_as_of":"2017-05-12T17:13:24.000","analysis_neighborhood":"Pacific Heights","supervisor_district":"2","data_loaded_at":"2026-06-13T10:29:08.190",":id":"row-fk7v~9acy.7cnn",":version":"rv-6yyu.7t97-akq5",":created_at":"2026-06-13T17:29:18.307Z",":updated_at":"2026-06-13T17:29:18.307Z"}},{"type":"Feature","geometry":{"type":"MultiLineString","coordinates":[[[-122.447415978,37.79073572],[-122.447278131,37.790053198]]]},"properties":{"objectid":"6434","agency":null,"regulation":"Time limited","days":"M-F","hours":"800-1800","hrs_begin":"800","hrs_end":"1800","regdetails":null,"modified":"2015-01-07 16:00:00-08:00","editor":"Mark C. Dreger","rpparea1":"F","rpparea2":"G","rpparea3":null,"fid_100":"5931","length_ft":"252","conflict":"0","enacted":null,"created_us":null,"created_da":null,"last_edite":null,"last_edi_1":null,"hrlimit":"3","created_user":null,"created_date":null,"last_edited_user":"MTA","last_edited_date":"2017-05-12 17:13:12-07:00","rpp_sym":"lapis lazuli, 2.5 pt, dash 3:1, interval 2","mtab_date":null,"mtab_motion":null,"mtab_reso_text":null,"sym_rpp2":"lapis lazuli, 2.5 pt, dash 3:1, interval 2 | 3, M-F, 800-1800","globalid":null,"exceptions":"Yes. RPP holders are exempt from time limits.","from_time":"8am","to_time":"6pm","data_as_of":"2017-05-12T17:13:12.000","analysis_neighborhood":"Presidio Heights","supervisor_district":"2","data_loaded_at":"2026-06-13T10:29:08.190",":id":"row-ebcy-3aj3_43sa",":version":"rv-sznj_77x5-x5kj",":created_at":"2026-06-13T17:29:18.307Z",":updated_at":"2026-06-13T17:29:18.307Z"}},{"type":"Feature","geometry":{"type":"MultiLineString","coordinates":[[[-122.425139922,37.796377023],[-122.424992858,37.795655643]]]},"properties":{"objectid":"5200","agency":null,"regulation":"Time limited","days":"M-F","hours":"800-1800","hrs_begin":"800","hrs_end":"1800","regdetails":null,"modified":"2015-01-08 16:00:00-08:00","editor":"Mark C. Dreger","rpparea1":"G","rpparea2":"K","rpparea3":null,"fid_100":"4544","length_ft":"266","conflict":"0","enacted":null,"created_us":null,"created_da":null,"last_edite":null,"last_edi_1":null,"hrlimit":"2","created_user":null,"created_date":null,"last_edited_user":"MTA","last_edited_date":"2017-05-12 17:13:27-07:00","rpp_sym":"lapis lazuli, 2.5 pt, no dash","mtab_date":null,"mtab_motion":null,"mtab_reso_text":null,"sym_rpp2":"lapis lazuli, 2.5 pt, no dash | 2, M-F, 800-1800","globalid":null,"exceptions":"Yes. RPP holders are exempt from time limits.","from_time":"8am","to_time":"6pm","data_as_of":"2017-05-12T17:13:27.000","analysis_neighborhood":"Pacific Heights","supervisor_district":"2","data_loaded_at":"2026-06-13T10:29:08.190",":id":"row-8rea~pzmr-h5if",":version":"rv-rcdm_axen_cycp",":created_at":"2026-06-13T17:29:18.307Z",":updated_at":"2026-06-13T17:29:18.307Z"}},{"type":"Feature","geometry":{"type":"MultiLineString","coordinates":[[[-122.445066813,37.78544071],[-122.444916307,37.784701228]]]},"properties":{"objectid":"1426","agency":null,"regulation":"Time limited","days":"M-F","hours":"800-1800","hrs_begin":"800","hrs_end":"1800","regdetails":null,"modified":null,"editor":null,"rpparea1":"G","rpparea2":null,"rpparea3":null,"fid_100":"6005","length_ft":"273","conflict":"0","enacted":null,"created_us":null,"created_da":null,"last_edite":null,"last_edi_1":null,"hrlimit":"2","created_user":null,"created_date":null,"last_edited_user":"MTA","last_edited_date":"2017-05-12 17:13:35-07:00","rpp_sym":"lapis lazuli, 2.5 pt, no dash","mtab_date":null,"mtab_motion":null,"mtab_reso_text":null,"sym_rpp2":"lapis lazuli, 2.5 pt, no dash | 2, M-F, 800-1800","globalid":null,"exceptions":"Yes. RPP holders are exempt from time limits.","from_time":"8am","to_time":"6pm","data_as_of":"2017-05-12T17:13:35.000","analysis_neighborhood":"Presidio Heights","supervisor_district":"2","data_loaded_at":"2026-06-13T10:29:08.190",":id":"row-6ns3_trre.m2c2",":version":"rv-r3f8-birc~tahu",":created_at":"2026-06-13T17:29:18.307Z",":updated_at":"2026-06-13T17:29:18.307Z"}},{"type":"Feature","geometry":{"type":"MultiLineString","coordinates":[[[-122.429673676,37.793000514],[-122.429533992,37.79231034]]]},"properties":{"objectid":"422","agency":null,"regulation":"Time limited","days":"M-F","hours":"800-1800","hrs_begin":"800","hrs_end":"1800","regdetails":null,"modified":null,"editor":null,"rpparea1":"G","rpparea2":null,"rpparea3":null,"fid_100":"5872","length_ft":"255","conflict":"0","enacted":null,"created_us":null,"created_da":null,"last_edite":null,"last_edi_1":null,"hrlimit":"2","created_user":null,"created_date":null,"last_edited_user":"MTA","last_edited_date":"2017-05-12 17:13:03-07:00","rpp_sym":"lapis lazuli, 2.5 pt, no dash","mtab_date":null,"mtab_motion":null,"mtab_reso_text":null,"sym_rpp2":"lapis lazuli, 2.5 pt, no dash | 2, M-F, 800-1800","globalid":null,"exceptions":"Yes. RPP holders are exempt from time limits.","from_time":"8am","to_time":"6pm","data_as_of":"2017-05-12T17:13:03.000","analysis_neighborhood":"Pacific Heights","supervisor_district":"2","data_loaded_at":"2026-06-13T10:29:08.190",":id":"row-xyud.f6j3.4548",":version":"rv-ase7~q8gr.4yz3",":created_at":"2026-06-13T17:29:18.307Z",":updated_at":"2026-06-13T17:29:18.307Z"}},{"type":"Feature","geometry":{"type":"MultiLineString","coordinates":[[[-122.449237073,37.790506908],[-122.44909972,37.789826943]]]},"properties":{"objectid":"76","agency":null,"regulation":"Time limited","days":"M-F","hours":"900-1600","hrs_begin":"900","hrs_end":"1600","regdetails":null,"modified":null,"editor":null,"rpparea1":"F","rpparea2":"G","rpparea3":null,"fid_100":"5387","length_ft":"251","conflict":"0","enacted":null,"created_us":null,"created_da":null,"last_edite":null,"last_edi_1":null,"hrlimit":"3","created_user":null,"created_date":null,"last_edited_user":"MTA","last_edited_date":"2017-05-12 17:10:57-07:00","rpp_sym":"seville orange, 2.5 pt, dash 3:1, interval 2","mtab_date":null,"mtab_motion":null,"mtab_reso_text":null,"sym_rpp2":"seville orange, 2.5 pt, dash 3:1, interval 2 | 3, M-F, 900-1600","globalid":null,"exceptions":"Yes. RPP holders are exempt from time limits.","from_time":"9am","to_time":"4pm","data_as_of":"2017-05-12T17:10:57.000","analysis_neighborhood":"Presidio Heights","supervisor_district":"2","data_loaded_at":"2026-06-13T10:29:08.190",":id":"row-r45k~9m96.za45",":version":"rv-waf2-wcqp~aqu4",":created_at":"2026-06-13T17:29:18.307Z",":updated_at":"2026-06-13T17:29:18.307Z"}},{"type":"Feature","geometry":{"type":"MultiLineString","coordinates":[[[-122.438122848,37.793761277],[-122.437977433,37.793041094]]]},"properties":{"objectid":"5562","agency":null,"regulation":"Time limited","days":"M-F","hours":"800-1800","hrs_begin":"800","hrs_end":"1800","regdetails":null,"modified":null,"editor":null,"rpparea1":"G","rpparea2":"K","rpparea3":null,"fid_100":"5901","length_ft":"266","conflict":"0","enacted":null,"created_us":null,"created_da":null,"last_edite":null,"last_edi_1":null,"hrlimit":"2","created_user":null,"created_date":null,"last_edited_user":"MTA","last_edited_date":"2017-05-12 17:13:12-07:00","rpp_sym":"lapis lazuli, 2.5 pt, no dash","mtab_date":null,"mtab_motion":null,"mtab_reso_text":null,"sym_rpp2":"lapis lazuli, 2.5 pt, no dash | 2, M-F, 800-1800","globalid":null,"exceptions":"Yes. RPP holders are exempt from time limits.","from_time":"8am","to_time":"6pm","data_as_of":"2017-05-12T17:13:12.000","analysis_neighborhood":"Pacific Heights","supervisor_district":"2","data_loaded_at":"2026-06-13T10:29:08.190",":id":"row-3u7n~bzah_2v78",":version":"rv-ewa9_4i3i.35qc",":created_at":"2026-06-13T17:29:18.307Z",":updated_at":"2026-06-13T17:29:18.307Z"}},{"type":"Feature","geometry":{"type":"MultiLineString","coordinates":[[[-122.439352881,37.791808638],[-122.437831278,37.792001928]]]},"properties":{"objectid":"3348","agency":null,"regulation":"Time limited","days":"M-F","hours":"800-1800","hrs_begin":"800","hrs_end":"1800","regdetails":null,"modified":null,"editor":null,"rpparea1":"G","rpparea2":null,"rpparea3":null,"fid_100":"5775","length_ft":"445","conflict":"0","enacted":null,"created_us":null,"created_da":null,"last_edite":null,"last_edi_1":null,"hrlimit":"2","created_user":null,"created_date":null,"last_edited_user":"MTA","last_edited_date":"2017-05-12 17:13:14-07:00","rpp_sym":"lapis lazuli, 2.5 pt, no dash","mtab_date":null,"mtab_motion":null,"mtab_reso_text":null,"sym_rpp2":"lapis lazuli, 2.5 pt, no dash | 2, M-F, 800-1800","globalid":null,"exceptions":"Yes. RPP holders are exempt from time limits.","from_time":"8am","to_time":"6pm","data_as_of":"2017-05-12T17:13:14.000","analysis_neighborhood":"Pacific Heights","supervisor_district":"2","data_loaded_at":"2026-06-13T10:29:08.190",":id":"row-ezmk.v32a~i396",":version":"rv-ctd6.pdii_pmfa",":created_at":"2026-06-13T17:29:18.307Z",":updated_at":"2026-06-13T17:29:18.307Z"}},{"type":"Feature","geometry":{"type":"MultiLineString","coordinates":[[[-122.424730049,37.794571103],[-122.424061465,37.794656856]]]},"properties":{"objectid":"5801","agency":null,"regulation":"Time limited","days":"M-F","hours":"800-1800","hrs_begin":"800","hrs_end":"1800","regdetails":null,"modified":null,"editor":null,"rpparea1":"G","rpparea2":null,"rpparea3":null,"fid_100":"5850","length_ft":"196","conflict":"0","enacted":null,"created_us":null,"created_da":null,"last_edite":null,"last_edi_1":null,"hrlimit":"2","created_user":null,"created_date":null,"last_edited_user":"MTA","last_edited_date":"2017-05-12 17:13:38-07:00","rpp_sym":"lapis lazuli, 2.5 pt, no dash","mtab_date":null,"mtab_motion":null,"mtab_reso_text":null,"sym_rpp2":"lapis lazuli, 2.5 pt, no dash | 2, M-F, 800-1800","globalid":null,"exceptions":"Yes. RPP holders are exempt from time limits.","from_time":"8am","to_time":"6pm","data_as_of":"2017-05-12T17:13:38.000","analysis_neighborhood":"Pacific Heights","supervisor_district":"2","data_loaded_at":"2026-06-13T10:29:08.190",":id":"row-5ada_a3g3~id7p",":version":"rv-4nu6.rrtx-s6ik",":created_at":"2026-06-13T17:29:18.307Z",":updated_at":"2026-06-13T17:29:18.307Z"}},{"type":"Feature","geometry":{"type":"MultiLineString","coordinates":[[[-122.441958639,37.786777605],[-122.441814555,37.78606778]]]},"properties":{"objectid":"5045","agency":null,"regulation":"Time limited","days":"M-F","hours":"800-1800","hrs_begin":"800","hrs_end":"1800","regdetails":null,"modified":null,"editor":null,"rpparea1":"G","rpparea2":null,"rpparea3":null,"fid_100":"6105","length_ft":"262","conflict":"0","enacted":null,"created_us":null,"created_da":null,"last_edite":null,"last_edi_1":null,"hrlimit":"2","created_user":null,"created_date":null,"last_edited_user":"MTA","last_edited_date":"2017-05-12 17:13:01-07:00","rpp_sym":"lapis lazuli, 2.5 pt, no dash","mtab_date":null,"mtab_motion":null,"mtab_reso_text":null,"sym_rpp2":"lapis lazuli, 2.5 pt, no dash | 2, M-F, 800-1800","globalid":null,"exceptions":"Yes. RPP holders are exempt from time limits.","from_time":"8am","to_time":"6pm","data_as_of":"2017-05-12T17:13:01.000","analysis_neighborhood":"Pacific Heights","supervisor_district":"2","data_loaded_at":"2026-06-13T10:29:08.190",":id":"row-exjr_5d3t~inib",":version":"rv-cy7w_74n8_hq64",":created_at":"2026-06-13T17:29:18.307Z",":updated_at":"2026-06-13T17:29:18.307Z"}},{"type":"Feature","geometry":{"type":"MultiLineString","coordinates":[[[-122.429340168,37.792284292],[-122.427918023,37.792466261]]]},"properties":{"objectid":"1529","agency":null,"regulation":"Time limited","days":"M-F","hours":"800-1800","hrs_begin":"800","hrs_end":"1800","regdetails":null,"modified":null,"editor":null,"rpparea1":"G","rpparea2":null,"rpparea3":null,"fid_100":"5864","length_ft":"416","conflict":"0","enacted":null,"created_us":null,"created_da":null,"last_edite":null,"last_edi_1":null,"hrlimit":"2","created_user":null,"created_date":null,"last_edited_user":"MTA","last_edited_date":"2017-05-12 17:13:24-07:00","rpp_sym":"lapis lazuli, 2.5 pt, no dash","mtab_date":null,"mtab_motion":null,"mtab_reso_text":null,"sym_rpp2":"lapis lazuli, 2.5 pt, no dash | 2, M-F, 800-1800","globalid":null,"exceptions":"Yes. RPP holders are exempt from time limits.","from_time":"8am","to_time":"6pm","data_as_of":"2017-05-12T17:13:24.000","analysis_neighborhood":"Pacific Heights","supervisor_district":"2","data_loaded_at":"2026-06-13T10:29:08.190",":id":"row-7h63-nhsm-duj5",":version":"rv-9pu5-yusi~2faq",":created_at":"2026-06-13T17:29:18.307Z",":updated_at":"2026-06-13T17:29:18.307Z"}},{"type":"Feature","geometry":{"type":"MultiLineString","coordinates":[[[-122.441403367,37.793513299],[-122.440806225,37.793589321]]]},"properties":{"objectid":"461","agency":null,"regulation":"Time limited","days":"M-F","hours":"800-1800","hrs_begin":"800","hrs_end":"1800","regdetails":null,"modified":null,"editor":null,"rpparea1":"G","rpparea2":"K","rpparea3":null,"fid_100":"6068","length_ft":"175","conflict":"0","enacted":null,"created_us":null,"created_da":null,"last_edite":null,"last_edi_1":null,"hrlimit":"2","created_user":null,"created_date":null,"last_edited_user":"MTA","last_edited_date":"2017-05-12 17:13:03-07:00","rpp_sym":"lapis lazuli, 2.5 pt, no dash","mtab_date":null,"mtab_motion":null,"mtab_reso_text":null,"sym_rpp2":"lapis lazuli, 2.5 pt, no dash | 2, M-F, 800-1800","globalid":null,"exceptions":"Yes. RPP holders are exempt from time limits.","from_time":"8am","to_time":"6pm","data_as_of":"2017-05-12T17:13:03.000","analysis_neighborhood":"Pacific Heights","supervisor_district":"2","data_loaded_at":"2026-06-13T10:29:08.190",":id":"row-ffd6.wzns~q4hy",":version":"rv-2cup.h9pt-yvda",":created_at":"2026-06-13T17:29:18.307Z",":updated_at":"2026-06-13T17:29:18.307Z"}},{"type":"Feature","geometry":{"type":"MultiLineString","coordinates":[[[-122.444502643,37.783636519],[-122.443100636,37.7838153]]]},"properties":{"objectid":"5318","agency":null,"regulation":"Time limited","days":"M-F","hours":"800-1800","hrs_begin":"800","hrs_end":"1800","regdetails":null,"modified":null,"editor":null,"rpparea1":"G","rpparea2":null,"rpparea3":null,"fid_100":"6039","length_ft":"410","conflict":"0","enacted":null,"created_us":null,"created_da":null,"last_edite":null,"last_edi_1":null,"hrlimit":"2","created_user":null,"created_date":null,"last_edited_user":"MTA","last_edited_date":"2017-05-12 17:13:40-07:00","rpp_sym":"lapis lazuli, 2.5 pt, no dash","mtab_date":null,"mtab_motion":null,"mtab_reso_text":null,"sym_rpp2":"lapis lazuli, 2.5 pt, no dash | 2, M-F, 800-1800","globalid":null,"exceptions":"Yes. RPP holders are exempt from time limits.","from_time":"8am","to_time":"6pm","data_as_of":"2017-05-12T17:13:40.000","analysis_neighborhood":"Presidio Heights","supervisor_district":"2","data_loaded_at":"2026-06-13T10:29:08.190",":id":"row-arva-2c2w~27xv",":version":"rv-gjbn_v99v-fzh6",":created_at":"2026-06-13T17:29:18.307Z",":updated_at":"2026-06-13T17:29:18.307Z"}},{"type":"Feature","geometry":{"type":"MultiLineString","coordinates":[[[-122.426027577,37.791655251],[-122.425889401,37.790970269]]]},"properties":{"objectid":"4541","agency":null,"regulation":"Time limited","days":"M-F","hours":"800-1800","hrs_begin":"800","hrs_end":"1800","regdetails":null,"modified":null,"editor":null,"rpparea1":"G","rpparea2":null,"rpparea3":null,"fid_100":"5670","length_ft":"253","conflict":"0","enacted":null,"created_us":null,"created_da":null,"last_edite":null,"last_edi_1":null,"hrlimit":"2","created_user":null,"created_date":null,"last_edited_user":"MTA","last_edited_date":"2017-05-12 17:13:46-07:00","rpp_sym":"lapis lazuli, 2.5 pt, no dash","mtab_date":null,"mtab_motion":null,"mtab_reso_text":null,"sym_rpp2":"lapis lazuli, 2.5 pt, no dash | 2, M-F, 800-1800","globalid":null,"exceptions":"Yes. RPP holders are exempt from time limits.","from_time":"8am","to_time":"6pm","data_as_of":"2017-05-12T17:13:46.000","analysis_neighborhood":"Pacific Heights","supervisor_district":"2","data_loaded_at":"2026-06-13T10:29:08.190",":id":"row-j2n9.gyxr-uhw4",":version":"rv-cjxe.qx3w~3ubc",":created_at":"2026-06-13T17:29:18.307Z",":updated_at":"2026-06-13T17:29:18.307Z"}},{"type":"Feature","geometry":{"type":"MultiLineString","coordinates":[[[-122.429138361,37.790351388],[-122.428997255,37.789652681]]]},"properties":{"objectid":"1342","agency":null,"regulation":"Time limited","days":"M-F","hours":"800-1800","hrs_begin":"800","hrs_end":"1800","regdetails":null,"modified":null,"editor":null,"rpparea1":"G","rpparea2":null,"rpparea3":null,"fid_100":"5649","length_ft":"258","conflict":"0","enacted":null,"created_us":null,"created_da":null,"last_edite":null,"last_edi_1":null,"hrlimit":"2","created_user":null,"created_date":null,"last_edited_user":"MTA","last_edited_date":"2017-05-12 17:13:24-07:00","rpp_sym":"lapis lazuli, 2.5 pt, no dash","mtab_date":null,"mtab_motion":null,"mtab_reso_text":null,"sym_rpp2":"lapis lazuli, 2.5 pt, no dash | 2, M-F, 800-1800","globalid":null,"exceptions":"Yes. RPP holders are exempt from time limits.","from_time":"8am","to_time":"6pm","data_as_of":"2017-05-12T17:13:24.000","analysis_neighborhood":"Pacific Heights","supervisor_district":"2","data_loaded_at":"2026-06-13T10:29:08.190",":id":"row-wfdy.9znr_f8dt",":version":"rv-qm8p.cjyn~yg7e",":created_at":"2026-06-13T17:29:18.307Z",":updated_at":"2026-06-13T17:29:18.307Z"}},{"type":"Feature","geometry":{"type":"MultiLineString","coordinates":[[[-122.431677201,37.794562196],[-122.431534666,37.793857211]]]},"properties":{"objectid":"2684","agency":null,"regulation":"Time limited","days":"M-F","hours":"800-1800","hrs_begin":"800","hrs_end":"1800","regdetails":null,"modified":null,"editor":null,"rpparea1":"G","rpparea2":"K","rpparea3":null,"fid_100":"5815","length_ft":"260","conflict":"0","enacted":null,"created_us":null,"created_da":null,"last_edite":null,"last_edi_1":null,"hrlimit":"2","created_user":null,"created_date":null,"last_edited_user":"MTA","last_edited_date":"2017-05-12 17:13:38-07:00","rpp_sym":"lapis lazuli, 2.5 pt, no dash","mtab_date":null,"mtab_motion":null,"mtab_reso_text":null,"sym_rpp2":"lapis lazuli, 2.5 pt, no dash | 2, M-F, 800-1800","globalid":null,"exceptions":"Yes. RPP holders are exempt from time limits.","from_time":"8am","to_time":"6pm","data_as_of":"2017-05-12T17:13:38.000","analysis_neighborhood":"Pacific Heights","supervisor_district":"2","data_loaded_at":"2026-06-13T10:29:08.190",":id":"row-caqu~3zpy_spxz",":version":"rv-xvf5_sy4z_q7z3",":created_at":"2026-06-13T17:29:18.307Z",":updated_at":"2026-06-13T17:29:18.307Z"}},{"type":"Feature","geometry":{"type":"MultiLineString","coordinates":[[[-122.430828867,37.791042977],[-122.430689928,37.790355884]]]},"properties":{"objectid":"332","agency":null,"regulation":"Time limited","days":"M-F","hours":"800-1800","hrs_begin":"800","hrs_end":"1800","regdetails":null,"modified":null,"editor":null,"rpparea1":"G","rpparea2":null,"rpparea3":null,"fid_100":"5651","length_ft":"253","conflict":"0","enacted":null,"created_us":null,"created_da":null,"last_edite":null,"last_edi_1":null,"hrlimit":"2","created_user":null,"created_date":null,"last_edited_user":"MTA","last_edited_date":"2017-05-12 17:13:02-07:00","rpp_sym":"lapis lazuli, 2.5 pt, no dash","mtab_date":null,"mtab_motion":null,"mtab_reso_text":null,"sym_rpp2":"lapis lazuli, 2.5 pt, no dash | 2, M-F, 800-1800","globalid":null,"exceptions":"Yes. RPP holders are exempt from time limits.","from_time":"8am","to_time":"6pm","data_as_of":"2017-05-12T17:13:02.000","analysis_neighborhood":"Pacific Heights","supervisor_district":"2","data_loaded_at":"2026-06-13T10:29:08.190",":id":"row-6xz7~rmt6~2s2a",":version":"rv-jmfk_wp64.mtpt",":created_at":"2026-06-13T17:29:18.307Z",":updated_at":"2026-06-13T17:29:18.307Z"}},{"type":"Feature","geometry":{"type":"MultiLineString","coordinates":[[[-122.425263045,37.788625208],[-122.425318678,37.788902032]]]},"properties":{"objectid":"5094","agency":null,"regulation":"Time limited","days":"M-F","hours":"800-1800","hrs_begin":"800","hrs_end":"1800","regdetails":null,"modified":null,"editor":null,"rpparea1":"G","rpparea2":null,"rpparea3":null,"fid_100":"5630","length_ft":"102","conflict":"0","enacted":null,"created_us":null,"created_da":null,"last_edite":null,"last_edi_1":null,"hrlimit":"2","created_user":null,"created_date":null,"last_edited_user":"MTA","last_edited_date":"2017-05-12 17:13:10-07:00","rpp_sym":"lapis lazuli, 2.5 pt, no dash","mtab_date":null,"mtab_motion":null,"mtab_reso_text":null,"sym_rpp2":"lapis lazuli, 2.5 pt, no dash | 2, M-F, 800-1800","globalid":null,"exceptions":"Yes. RPP holders are exempt from time limits.","from_time":"8am","to_time":"6pm","data_as_of":"2017-05-12T17:13:10.000","analysis_neighborhood":"Western Addition","supervisor_district":"2","data_loaded_at":"2026-06-13T10:29:08.190",":id":"row-hvpw_er4n-9gh9",":version":"rv-gx3h-xtyk-vi2y",":created_at":"2026-06-13T17:29:18.307Z",":updated_at":"2026-06-13T17:29:18.307Z"}},{"type":"Feature","geometry":{"type":"MultiLineString","coordinates":[[[-122.426849695,37.788371595],[-122.425458767,37.788550279]]]},"properties":{"objectid":"7049","agency":null,"regulation":"Time limited","days":"M-F","hours":"800-1800","hrs_begin":"800","hrs_end":"1800","regdetails":null,"modified":null,"editor":null,"rpparea1":"G","rpparea2":null,"rpparea3":null,"fid_100":"5558","length_ft":"407","conflict":"0","enacted":null,"created_us":null,"created_da":null,"last_edite":null,"last_edi_1":null,"hrlimit":"2","created_user":null,"created_date":null,"last_edited_user":"MTA","last_edited_date":"2017-05-12 17:13:35-07:00","rpp_sym":"lapis lazuli, 2.5 pt, no dash","mtab_date":null,"mtab_motion":null,"mtab_reso_text":null,"sym_rpp2":"lapis lazuli, 2.5 pt, no dash | 2, M-F, 800-1800","globalid":null,"exceptions":"Yes. RPP holders are exempt from time limits.","from_time":"8am","to_time":"6pm","data_as_of":"2017-05-12T17:13:35.000","analysis_neighborhood":"Pacific Heights","supervisor_district":"5","data_loaded_at":"2026-06-13T10:29:08.190",":id":"row-db3d~pzg6.56s4",":version":"rv-ixe6_bf68_2ssp",":created_at":"2026-06-13T17:29:18.307Z",":updated_at":"2026-06-13T17:29:18.307Z"}},{"type":"Feature","geometry":{"type":"MultiLineString","coordinates":[[[-122.430033835,37.794776229],[-122.429889702,37.794065356]]]},"properties":{"objectid":"4361","agency":null,"regulation":"Time limited","days":"M-F","hours":"800-1800","hrs_begin":"800","hrs_end":"1800","regdetails":null,"modified":null,"editor":null,"rpparea1":"G","rpparea2":"K","rpparea3":null,"fid_100":"5817","length_ft":"262","conflict":"0","enacted":null,"created_us":null,"created_da":null,"last_edite":null,"last_edi_1":null,"hrlimit":"2","created_user":null,"created_date":null,"last_edited_user":"MTA","last_edited_date":"2017-05-12 17:13:39-07:00","rpp_sym":"lapis lazuli, 2.5 pt, no dash","mtab_date":null,"mtab_motion":null,"mtab_reso_text":null,"sym_rpp2":"lapis lazuli, 2.5 pt, no dash | 2, M-F, 800-1800","globalid":null,"exceptions":"Yes. RPP holders are exempt from time limits.","from_time":"8am","to_time":"6pm","data_as_of":"2017-05-12T17:13:39.000","analysis_neighborhood":"Pacific Heights","supervisor_district":"2","data_loaded_at":"2026-06-13T10:29:08.190",":id":"row-3i34~tn3u_w8k9",":version":"rv-uqty-5bpi-ac6t",":created_at":"2026-06-13T17:29:18.307Z",":updated_at":"2026-06-13T17:29:18.307Z"}},{"type":"Feature","geometry":{"type":"MultiLineString","coordinates":[[[-122.444363556,37.791276297],[-122.442957754,37.791455216]]]},"properties":{"objectid":"1365","agency":null,"regulation":"Time limited","days":"M-F","hours":"800-1800","hrs_begin":"800","hrs_end":"1800","regdetails":null,"modified":null,"editor":null,"rpparea1":"G","rpparea2":null,"rpparea3":null,"fid_100":"5923","length_ft":"411","conflict":"0","enacted":null,"created_us":null,"created_da":null,"last_edite":null,"last_edi_1":null,"hrlimit":"3","created_user":null,"created_date":null,"last_edited_user":"MTA","last_edited_date":"2017-05-12 17:13:36-07:00","rpp_sym":"lapis lazuli, 2.5 pt, dash 3:1, interval 2","mtab_date":null,"mtab_motion":null,"mtab_reso_text":null,"sym_rpp2":"lapis lazuli, 2.5 pt, dash 3:1, interval 2 | 3, M-F, 800-1800","globalid":null,"exceptions":"Yes. RPP holders are exempt from time limits.","from_time":"8am","to_time":"6pm","data_as_of":"2017-05-12T17:13:36.000","analysis_neighborhood":"Pacific Heights","supervisor_district":"2","data_loaded_at":"2026-06-13T10:29:08.190",":id":"row-pp39.v2ig~ihb2",":version":"rv-pu9r~ts3z-66kr",":created_at":"2026-06-13T17:29:18.307Z",":updated_at":"2026-06-13T17:29:18.307Z"}},{"type":"Feature","geometry":{"type":"MultiLineString","coordinates":[[[-122.43208949,37.789215168],[-122.430681252,37.789392758]]]},"properties":{"objectid":"6680","agency":null,"regulation":"Time limited","days":"M-F","hours":"800-1800","hrs_begin":"800","hrs_end":"1800","regdetails":null,"modified":null,"editor":null,"rpparea1":"G","rpparea2":null,"rpparea3":null,"fid_100":"5570","length_ft":"412","conflict":"0","enacted":null,"created_us":null,"created_da":null,"last_edite":null,"last_edi_1":null,"hrlimit":"2","created_user":null,"created_date":null,"last_edited_user":"MTA","last_edited_date":"2017-05-12 17:13:25-07:00","rpp_sym":"lapis lazuli, 2.5 pt, no dash","mtab_date":null,"mtab_motion":null,"mtab_reso_text":null,"sym_rpp2":"lapis lazuli, 2.5 pt, no dash | 2, M-F, 800-1800","globalid":null,"exceptions":"Yes. RPP holders are exempt from time limits.","from_time":"8am","to_time":"6pm","data_as_of":"2017-05-12T17:13:25.000","analysis_neighborhood":"Pacific Heights","supervisor_district":"2","data_loaded_at":"2026-06-13T10:29:08.190",":id":"row-zxyu.p795-bmec",":version":"rv-rbz5_ykpj~3r7f",":created_at":"2026-06-13T17:29:18.307Z",":updated_at":"2026-06-13T17:29:18.307Z"}},{"type":"Feature","geometry":{"type":"MultiLineString","coordinates":[[[-122.426204575,37.792532645],[-122.426028972,37.791662173]]]},"properties":{"objectid":"1572","agency":null,"regulation":"Time limited","days":"M-F","hours":"800-1800","hrs_begin":"800","hrs_end":"1800","regdetails":null,"modified":null,"editor":null,"rpparea1":"G","rpparea2":null,"rpparea3":null,"fid_100":"5674","length_ft":"321","conflict":"0","enacted":null,"created_us":null,"created_da":null,"last_edite":null,"last_edi_1":null,"hrlimit":"2","created_user":null,"created_date":null,"last_edited_user":"MTA","last_edited_date":"2017-05-12 17:13:13-07:00","rpp_sym":"lapis lazuli, 2.5 pt, no dash","mtab_date":null,"mtab_motion":null,"mtab_reso_text":null,"sym_rpp2":"lapis lazuli, 2.5 pt, no dash | 2, M-F, 800-1800","globalid":null,"exceptions":"Yes. RPP holders are exempt from time limits.","from_time":"8am","to_time":"6pm","data_as_of":"2017-05-12T17:13:13.000","analysis_neighborhood":"Pacific Heights","supervisor_district":"2","data_loaded_at":"2026-06-13T10:29:08.190",":id":"row-patm~yqve.5chn",":version":"rv-u7hf~j36m.79hn",":created_at":"2026-06-13T17:29:18.307Z",":updated_at":"2026-06-13T17:29:18.307Z"}},{"type":"Feature","geometry":{"type":"MultiLineString","coordinates":[[[-122.435579851,37.78882791],[-122.435640237,37.789127829]]]},"properties":{"objectid":"960","agency":null,"regulation":"Time limited","days":"M-F","hours":"800-1800","hrs_begin":"800","hrs_end":"1800","regdetails":null,"modified":null,"editor":null,"rpparea1":"G","rpparea2":null,"rpparea3":null,"fid_100":"5717","length_ft":"111","conflict":"0","enacted":null,"created_us":null,"created_da":null,"last_edite":null,"last_edi_1":null,"hrlimit":"2","created_user":null,"created_date":null,"last_edited_user":"MTA","last_edited_date":"2017-05-12 17:13:36-07:00","rpp_sym":"lapis lazuli, 2.5 pt, no dash","mtab_date":null,"mtab_motion":null,"mtab_reso_text":null,"sym_rpp2":"lapis lazuli, 2.5 pt, no dash | 2, M-F, 800-1800","globalid":null,"exceptions":"Yes. RPP holders are exempt from time limits.","from_time":"8am","to_time":"6pm","data_as_of":"2017-05-12T17:13:36.000","analysis_neighborhood":"Pacific Heights","supervisor_district":"2","data_loaded_at":"2026-06-13T10:29:08.190",":id":"row-5upg-vvgy_mxz7",":version":"rv-swyg~b3nq~zghe",":created_at":"2026-06-13T17:29:18.307Z",":updated_at":"2026-06-13T17:29:18.307Z"}},{"type":"Feature","geometry":{"type":"MultiLineString","coordinates":[[[-122.432846353,37.792802145],[-122.432905665,37.793094725]]]},"properties":{"objectid":"1021","agency":null,"regulation":"Time limited","days":"M-F","hours":"800-1800","hrs_begin":"800","hrs_end":"1800","regdetails":null,"modified":null,"editor":null,"rpparea1":"G","rpparea2":null,"rpparea3":null,"fid_100":"5804","length_ft":"108","conflict":"0","enacted":null,"created_us":null,"created_da":null,"last_edite":null,"last_edi_1":null,"hrlimit":"2","created_user":null,"created_date":null,"last_edited_user":"MTA","last_edited_date":"2017-05-12 17:13:28-07:00","rpp_sym":"lapis lazuli, 2.5 pt, no dash","mtab_date":null,"mtab_motion":null,"mtab_reso_text":null,"sym_rpp2":"lapis lazuli, 2.5 pt, no dash | 2, M-F, 800-1800","globalid":null,"exceptions":"Yes. RPP holders are exempt from time limits.","from_time":"8am","to_time":"6pm","data_as_of":"2017-05-12T17:13:28.000","analysis_neighborhood":"Pacific Heights","supervisor_district":"2","data_loaded_at":"2026-06-13T10:29:08.190",":id":"row-tjun~q2dk-eug2",":version":"rv-5j6c-eh4n-9ajb",":created_at":"2026-06-13T17:29:18.307Z",":updated_at":"2026-06-13T17:29:18.307Z"}},{"type":"Feature","geometry":{"type":"MultiLineString","coordinates":[[[-122.42691986,37.788398014],[-122.426979943,37.788694368]]]},"properties":{"objectid":"2228","agency":null,"regulation":"Time limited","days":"M-F","hours":"800-1800","hrs_begin":"800","hrs_end":"1800","regdetails":null,"modified":null,"editor":null,"rpparea1":"G","rpparea2":null,"rpparea3":null,"fid_100":"5624","length_ft":"109","conflict":"0","enacted":null,"created_us":null,"created_da":null,"last_edite":null,"last_edi_1":null,"hrlimit":"2","created_user":null,"created_date":null,"last_edited_user":"MTA","last_edited_date":"2017-05-12 17:12:59-07:00","rpp_sym":"lapis lazuli, 2.5 pt, no dash","mtab_date":null,"mtab_motion":null,"mtab_reso_text":null,"sym_rpp2":"lapis lazuli, 2.5 pt, no dash | 2, M-F, 800-1800","globalid":null,"exceptions":"Yes. RPP holders are exempt from time limits.","from_time":"8am","to_time":"6pm","data_as_of":"2017-05-12T17:12:59.000","analysis_neighborhood":"Pacific Heights","supervisor_district":"5","data_loaded_at":"2026-06-13T10:29:08.190",":id":"row-enaz.sgxf_cssg",":version":"rv-5bke~mbxc~vkgb",":created_at":"2026-06-13T17:29:18.307Z",":updated_at":"2026-06-13T17:29:18.307Z"}},{"type":"Feature","geometry":{"type":"MultiLineString","coordinates":[[[-122.426222194,37.785355218],[-122.424961181,37.785513112]]]},"properties":{"objectid":"1758","agency":null,"regulation":"Time limited","days":"M-Su","hours":"800-2100","hrs_begin":"800","hrs_end":"2100","regdetails":null,"modified":"2015-01-08 16:00:00-08:00","editor":"Mark C. Dreger","rpparea1":"G","rpparea2":null,"rpparea3":null,"fid_100":"1252","length_ft":"369","conflict":"0","enacted":null,"created_us":null,"created_da":null,"last_edite":null,"last_edi_1":null,"hrlimit":"2","created_user":null,"created_date":null,"last_edited_user":"MTA","last_edited_date":"2017-05-12 17:17:38-07:00","rpp_sym":"malachite green, 2.5 pt, no dash","mtab_date":null,"mtab_motion":null,"mtab_reso_text":null,"sym_rpp2":"malachite green, 2.5 pt, no dash | 2, M-Su, 800-2100","globalid":null,"exceptions":"Yes. RPP holders are exempt from time limits.","from_time":"8am","to_time":"9pm","data_as_of":"2017-05-12T17:17:38.000","analysis_neighborhood":"Japantown","supervisor_district":"2","data_loaded_at":"2026-06-13T10:29:08.190",":id":"row-xmyf~ef3x-9ugy",":version":"rv-69zs.6qtu-ikmj",":created_at":"2026-06-13T17:29:18.307Z",":updated_at":"2026-06-13T17:29:18.307Z"}},{"type":"Feature","geometry":{"type":"MultiLineString","coordinates":[[[-122.426643367,37.786865361],[-122.425166236,37.787053]]]},"properties":{"objectid":"481","agency":null,"regulation":"Time limited","days":"M-F","hours":"800-1800","hrs_begin":"800","hrs_end":"1800","regdetails":null,"modified":null,"editor":null,"rpparea1":"G","rpparea2":null,"rpparea3":null,"fid_100":"5550","length_ft":"432","conflict":"0","enacted":null,"created_us":null,"created_da":null,"last_edite":null,"last_edi_1":null,"hrlimit":"2","created_user":null,"created_date":null,"last_edited_user":"MTA","last_edited_date":"2017-05-12 17:13:39-07:00","rpp_sym":"lapis lazuli, 2.5 pt, no dash","mtab_date":null,"mtab_motion":null,"mtab_reso_text":null,"sym_rpp2":"lapis lazuli, 2.5 pt, no dash | 2, M-F, 800-1800","globalid":null,"exceptions":"Yes. RPP holders are exempt from time limits.","from_time":"8am","to_time":"6pm","data_as_of":"2017-05-12T17:13:39.000","analysis_neighborhood":"Japantown","supervisor_district":"5","data_loaded_at":"2026-06-13T10:29:08.190",":id":"row-ysxs~hu4i~2end",":version":"rv-kcgi.vfcn.fw6i",":created_at":"2026-06-13T17:29:18.307Z",":updated_at":"2026-06-13T17:29:18.307Z"}},{"type":"Feature","geometry":{"type":"MultiLineString","coordinates":[[[-122.446644846,37.78719122],[-122.445500343,37.787337891]]]},"properties":{"objectid":"4266","agency":null,"regulation":"Time limited","days":"M-F","hours":"800-1800","hrs_begin":"800","hrs_end":"1800","regdetails":null,"modified":null,"editor":null,"rpparea1":"G","rpparea2":null,"rpparea3":null,"fid_100":"5987","length_ft":"335","conflict":"0","enacted":null,"created_us":null,"created_da":null,"last_edite":null,"last_edi_1":null,"hrlimit":"2","created_user":null,"created_date":null,"last_edited_user":"MTA","last_edited_date":"2017-05-12 17:12:59-07:00","rpp_sym":"lapis lazuli, 2.5 pt, no dash","mtab_date":null,"mtab_motion":null,"mtab_reso_text":null,"sym_rpp2":"lapis lazuli, 2.5 pt, no dash | 2, M-F, 800-1800","globalid":null,"exceptions":"Yes. RPP holders are exempt from time limits.","from_time":"8am","to_time":"6pm","data_as_of":"2017-05-12T17:12:59.000","analysis_neighborhood":"Presidio Heights","supervisor_district":"2","data_loaded_at":"2026-06-13T10:29:08.190",":id":"row-wuxj~bnti~e8in",":version":"rv-prp8~wenf.h3su",":created_at":"2026-06-13T17:29:18.307Z",":updated_at":"2026-06-13T17:29:18.307Z"}},{"type":"Feature","geometry":{"type":"MultiLineString","coordinates":[[[-122.441014712,37.791594702],[-122.439612535,37.791773117]]]},"properties":{"objectid":"7672","agency":null,"regulation":"Time limited","days":"M-F","hours":"800-1800","hrs_begin":"800","hrs_end":"1800","regdetails":null,"modified":null,"editor":null,"rpparea1":"G","rpparea2":null,"rpparea3":null,"fid_100":"5778","length_ft":"410","conflict":"0","enacted":null,"created_us":null,"created_da":null,"last_edite":null,"last_edi_1":null,"hrlimit":"2","created_user":null,"created_date":null,"last_edited_user":"MTA","last_edited_date":"2017-05-12 17:13:39-07:00","rpp_sym":"lapis lazuli, 2.5 pt, no dash","mtab_date":null,"mtab_motion":null,"mtab_reso_text":null,"sym_rpp2":"lapis lazuli, 2.5 pt, no dash | 2, M-F, 800-1800","globalid":null,"exceptions":"Yes. RPP holders are exempt from time limits.","from_time":"8am","to_time":"6pm","data_as_of":"2017-05-12T17:13:39.000","analysis_neighborhood":"Pacific Heights","supervisor_district":"2","data_loaded_at":"2026-06-13T10:29:08.190",":id":"row-7qnv.mqpp_4vat",":version":"rv-3wzj-n4nh.xep4",":created_at":"2026-06-13T17:29:18.307Z",":updated_at":"2026-06-13T17:29:18.307Z"}},{"type":"Feature","geometry":{"type":"MultiLineString","coordinates":[[[-122.446164388,37.791841719],[-122.444762263,37.79202026]]]},"properties":{"objectid":"876","agency":null,"regulation":"Time limited","days":"M-F","hours":"800-1800","hrs_begin":"800","hrs_end":"1800","regdetails":null,"modified":null,"editor":null,"rpparea1":"G","rpparea2":null,"rpparea3":null,"fid_100":"5915","length_ft":"410","conflict":"0","enacted":null,"created_us":null,"created_da":null,"last_edite":null,"last_edi_1":null,"hrlimit":"3","created_user":null,"created_date":null,"last_edited_user":"MTA","last_edited_date":"2017-05-12 17:13:28-07:00","rpp_sym":"lapis lazuli, 2.5 pt, dash 3:1, interval 2","mtab_date":null,"mtab_motion":null,"mtab_reso_text":null,"sym_rpp2":"lapis lazuli, 2.5 pt, dash 3:1, interval 2 | 3, M-F, 800-1800","globalid":null,"exceptions":"Yes. RPP holders are exempt from time limits.","from_time":"8am","to_time":"6pm","data_as_of":"2017-05-12T17:13:28.000","analysis_neighborhood":"Pacific Heights","supervisor_district":"2","data_loaded_at":"2026-06-13T10:29:08.190",":id":"row-ri47~t5t5_5iap",":version":"rv-cvxr-9wgc_83cf",":created_at":"2026-06-13T17:29:18.307Z",":updated_at":"2026-06-13T17:29:18.307Z"}},{"type":"Feature","geometry":{"type":"MultiLineString","coordinates":[[[-122.425264489,37.788946977],[-122.423908925,37.789119068]]]},"properties":{"objectid":"6118","agency":null,"regulation":"Time limited","days":"M-F","hours":"800-1800","hrs_begin":"800","hrs_end":"1800","regdetails":null,"modified":null,"editor":null,"rpparea1":"G","rpparea2":null,"rpparea3":null,"fid_100":"5561","length_ft":"397","conflict":"0","enacted":null,"created_us":null,"created_da":null,"last_edite":null,"last_edi_1":null,"hrlimit":"2","created_user":null,"created_date":null,"last_edited_user":"MTA","last_edited_date":"2017-05-12 17:13:39-07:00","rpp_sym":"lapis lazuli, 2.5 pt, no dash","mtab_date":null,"mtab_motion":null,"mtab_reso_text":null,"sym_rpp2":"lapis lazuli, 2.5 pt, no dash | 2, M-F, 800-1800","globalid":null,"exceptions":"Yes. RPP holders are exempt from time limits.","from_time":"8am","to_time":"6pm","data_as_of":"2017-05-12T17:13:39.000","analysis_neighborhood":"Western Addition","supervisor_district":"2","data_loaded_at":"2026-06-13T10:29:08.190",":id":"row-yceu-93wr-xdiz",":version":"rv-6v79-ctxp~iekn",":created_at":"2026-06-13T17:29:18.307Z",":updated_at":"2026-06-13T17:29:18.307Z"}},{"type":"Feature","geometry":{"type":"MultiLineString","coordinates":[[[-122.447221596,37.789860154],[-122.447083787,37.789177693]]]},"properties":{"objectid":"5383","agency":null,"regulation":"Time limited","days":"M-F","hours":"800-1800","hrs_begin":"800","hrs_end":"1800","regdetails":null,"modified":null,"editor":null,"rpparea1":"F","rpparea2":"G","rpparea3":null,"fid_100":"5972","length_ft":"252","conflict":"0","enacted":null,"created_us":null,"created_da":null,"last_edite":null,"last_edi_1":null,"hrlimit":"2","created_user":null,"created_date":null,"last_edited_user":"MTA","last_edited_date":"2017-05-12 17:13:26-07:00","rpp_sym":"lapis lazuli, 2.5 pt, no dash","mtab_date":null,"mtab_motion":null,"mtab_reso_text":null,"sym_rpp2":"lapis lazuli, 2.5 pt, no dash | 2, M-F, 800-1800","globalid":null,"exceptions":"Yes. RPP holders are exempt from time limits.","from_time":"8am","to_time":"6pm","data_as_of":"2017-05-12T17:13:26.000","analysis_neighborhood":"Presidio Heights","supervisor_district":"2","data_loaded_at":"2026-06-13T10:29:08.190",":id":"row-xqpt.6zu3.4pcm",":version":"rv-fjjw.x9x7_6zxr",":created_at":"2026-06-13T17:29:18.307Z",":updated_at":"2026-06-13T17:29:18.307Z"}},{"type":"Feature","geometry":{"type":"MultiLineString","coordinates":[[[-122.43808244,37.793804064],[-122.43667591,37.793982258]]]},"properties":{"objectid":"4363","agency":null,"regulation":"Time limited","days":"M-F","hours":"800-1800","hrs_begin":"800","hrs_end":"1800","regdetails":null,"modified":null,"editor":null,"rpparea1":"G","rpparea2":"K","rpparea3":null,"fid_100":"5899","length_ft":"412","conflict":"0","enacted":null,"created_us":null,"created_da":null,"last_edite":null,"last_edi_1":null,"hrlimit":"2","created_user":null,"created_date":null,"last_edited_user":"MTA","last_edited_date":"2017-05-12 17:13:03-07:00","rpp_sym":"lapis lazuli, 2.5 pt, no dash","mtab_date":null,"mtab_motion":null,"mtab_reso_text":null,"sym_rpp2":"lapis lazuli, 2.5 pt, no dash | 2, M-F, 800-1800","globalid":null,"exceptions":"Yes. RPP holders are exempt from time limits.","from_time":"8am","to_time":"6pm","data_as_of":"2017-05-12T17:13:03.000","analysis_neighborhood":"Pacific Heights","supervisor_district":"2","data_loaded_at":"2026-06-13T10:29:08.190",":id":"row-net5_9qwu.z36e",":version":"rv-mj74.zvdn~fvp9",":created_at":"2026-06-13T17:29:18.307Z",":updated_at":"2026-06-13T17:29:18.307Z"}},{"type":"Feature","geometry":{"type":"MultiLineString","coordinates":[[[-122.425289801,37.789079349],[-122.423926295,37.789252448]]]},"properties":{"objectid":"5103","agency":null,"regulation":"Time limited","days":"M-F","hours":"800-1800","hrs_begin":"800","hrs_end":"1800","regdetails":null,"modified":null,"editor":null,"rpparea1":"G","rpparea2":null,"rpparea3":null,"fid_100":"5560","length_ft":"399","conflict":"0","enacted":null,"created_us":null,"created_da":null,"last_edite":null,"last_edi_1":null,"hrlimit":"2","created_user":null,"created_date":null,"last_edited_user":"MTA","last_edited_date":"2017-05-12 17:13:27-07:00","rpp_sym":"lapis lazuli, 2.5 pt, no dash","mtab_date":null,"mtab_motion":null,"mtab_reso_text":null,"sym_rpp2":"lapis lazuli, 2.5 pt, no dash | 2, M-F, 800-1800","globalid":null,"exceptions":"Yes. RPP holders are exempt from time limits.","from_time":"8am","to_time":"6pm","data_as_of":"2017-05-12T17:13:27.000","analysis_neighborhood":"Western Addition","supervisor_district":"2","data_loaded_at":"2026-06-13T10:29:08.190",":id":"row-8xit.k6yz.6m9m",":version":"rv-x67w-2n56.dzek",":created_at":"2026-06-13T17:29:18.307Z",":updated_at":"2026-06-13T17:29:18.307Z"}},{"type":"Feature","geometry":{"type":"MultiLineString","coordinates":[[[-122.423739933,37.796546359],[-122.423597238,37.795838563]]]},"properties":{"objectid":"4386","agency":null,"regulation":"Time limited","days":"M-F","hours":"800-1800","hrs_begin":"800","hrs_end":"1800","regdetails":null,"modified":"2015-01-08 16:00:00-08:00","editor":"Mark C. Dreger","rpparea1":"A","rpparea2":"G","rpparea3":"K","fid_100":"4550","length_ft":"261","conflict":"0","enacted":null,"created_us":null,"created_da":null,"last_edite":null,"last_edi_1":null,"hrlimit":"2","created_user":null,"created_date":null,"last_edited_user":"MTA","last_edited_date":"2017-05-12 17:13:37-07:00","rpp_sym":"lapis lazuli, 2.5 pt, no dash","mtab_date":null,"mtab_motion":null,"mtab_reso_text":null,"sym_rpp2":"lapis lazuli, 2.5 pt, no dash | 2, M-F, 800-1800","globalid":null,"exceptions":"Yes. RPP holders are exempt from time limits.","from_time":"8am","to_time":"6pm","data_as_of":"2017-05-12T17:13:37.000","analysis_neighborhood":"Pacific Heights","supervisor_district":"2","data_loaded_at":"2026-06-13T10:29:08.190",":id":"row-hp2n_bihx-va5m",":version":"rv-88ca.5hb4.fja9",":created_at":"2026-06-13T17:29:18.307Z",":updated_at":"2026-06-13T17:29:18.307Z"}},{"type":"Feature","geometry":{"type":"MultiLineString","coordinates":[[[-122.445092189,37.786563466],[-122.443683055,37.786743434]]]},"properties":{"objectid":"4985","agency":null,"regulation":"Time limited","days":"M-F","hours":"800-1800","hrs_begin":"800","hrs_end":"1800","regdetails":null,"modified":null,"editor":null,"rpparea1":"G","rpparea2":null,"rpparea3":null,"fid_100":"5997","length_ft":"412","conflict":"0","enacted":null,"created_us":null,"created_da":null,"last_edite":null,"last_edi_1":null,"hrlimit":"2","created_user":null,"created_date":null,"last_edited_user":"MTA","last_edited_date":"2017-05-12 17:13:11-07:00","rpp_sym":"lapis lazuli, 2.5 pt, no dash","mtab_date":null,"mtab_motion":null,"mtab_reso_text":null,"sym_rpp2":"lapis lazuli, 2.5 pt, no dash | 2, M-F, 800-1800","globalid":null,"exceptions":"Yes. RPP holders are exempt from time limits.","from_time":"8am","to_time":"6pm","data_as_of":"2017-05-12T17:13:11.000","analysis_neighborhood":"Presidio Heights","supervisor_district":"2","data_loaded_at":"2026-06-13T10:29:08.190",":id":"row-9k4k_b4cy-iy3c",":version":"rv-2kfg-ugtq.a67z",":created_at":"2026-06-13T17:29:18.307Z",":updated_at":"2026-06-13T17:29:18.307Z"}},{"type":"Feature","geometry":{"type":"MultiLineString","coordinates":[[[-122.443417404,37.785648905],[-122.443267993,37.784913026]]]},"properties":{"objectid":"3764","agency":null,"regulation":"Time limited","days":"M-F","hours":"800-1800","hrs_begin":"800","hrs_end":"1800","regdetails":null,"modified":null,"editor":null,"rpparea1":"G","rpparea2":null,"rpparea3":null,"fid_100":"6014","length_ft":"271","conflict":"0","enacted":null,"created_us":null,"created_da":null,"last_edite":null,"last_edi_1":null,"hrlimit":"2","created_user":null,"created_date":null,"last_edited_user":"MTA","last_edited_date":"2017-05-12 17:13:26-07:00","rpp_sym":"lapis lazuli, 2.5 pt, no dash","mtab_date":null,"mtab_motion":null,"mtab_reso_text":null,"sym_rpp2":"lapis lazuli, 2.5 pt, no dash | 2, M-F, 800-1800","globalid":null,"exceptions":"Yes. RPP holders are exempt from time limits.","from_time":"8am","to_time":"6pm","data_as_of":"2017-05-12T17:13:26.000","analysis_neighborhood":"Presidio Heights","supervisor_district":"2","data_loaded_at":"2026-06-13T10:29:08.190",":id":"row-n2nr_rzgx_4dyh",":version":"rv-zz8z.94c4.6ykz",":created_at":"2026-06-13T17:29:18.307Z",":updated_at":"2026-06-13T17:29:18.307Z"}},{"type":"Feature","geometry":{"type":"MultiLineString","coordinates":[[[-122.4244083,37.791860798],[-122.424269583,37.791175903]]]},"properties":{"objectid":"7695","agency":null,"regulation":"Time limited","days":"M-Sa","hours":"800-2300","hrs_begin":"800","hrs_end":"2300","regdetails":"MON - FRI: 8AM - 11PM; SAT: 5PM - 11PM","modified":"2015-01-08 16:00:00-08:00","editor":"Mark C. Dreger","rpparea1":"C","rpparea2":"G","rpparea3":null,"fid_100":"5684","length_ft":"253","conflict":"0","enacted":null,"created_us":null,"created_da":null,"last_edite":null,"last_edi_1":null,"hrlimit":"2","created_user":null,"created_date":null,"last_edited_user":"MTA","last_edited_date":"2017-05-12 17:19:20-07:00","rpp_sym":"leaf green, 2.5 pt, no dash","mtab_date":null,"mtab_motion":null,"mtab_reso_text":null,"sym_rpp2":"leaf green, 2.5 pt, no dash | 2, M-Sa, 800-2300","globalid":null,"exceptions":"Yes. RPP holders are exempt from time limits.","from_time":"8am","to_time":"11pm","data_as_of":"2017-05-12T17:19:20.000","analysis_neighborhood":"Pacific Heights","supervisor_district":"2","data_loaded_at":"2026-06-13T10:29:08.190",":id":"row-iur2~ty9j-i7q6",":version":"rv-6rr3~p5d3.76bd",":created_at":"2026-06-13T17:29:18.307Z",":updated_at":"2026-06-13T17:29:18.307Z"}},{"type":"Feature","geometry":{"type":"MultiLineString","coordinates":[[[-122.432985643,37.792576539],[-122.432847041,37.791891281]]]},"properties":{"objectid":"4709","agency":null,"regulation":"Time limited","days":"M-F","hours":"800-1800","hrs_begin":"800","hrs_end":"1800","regdetails":null,"modified":null,"editor":null,"rpparea1":"G","rpparea2":null,"rpparea3":null,"fid_100":"5906","length_ft":"253","conflict":"0","enacted":null,"created_us":null,"created_da":null,"last_edite":null,"last_edi_1":null,"hrlimit":"2","created_user":null,"created_date":null,"last_edited_user":"MTA","last_edited_date":"2017-05-12 17:13:25-07:00","rpp_sym":"lapis lazuli, 2.5 pt, no dash","mtab_date":null,"mtab_motion":null,"mtab_reso_text":null,"sym_rpp2":"lapis lazuli, 2.5 pt, no dash | 2, M-F, 800-1800","globalid":null,"exceptions":"Yes. RPP holders are exempt from time limits.","from_time":"8am","to_time":"6pm","data_as_of":"2017-05-12T17:13:25.000","analysis_neighborhood":"Pacific Heights","supervisor_district":"2","data_loaded_at":"2026-06-13T10:29:08.190",":id":"row-wqut~q84b_vcpm",":version":"rv-z52p~mtn7-cjv4",":created_at":"2026-06-13T17:29:18.307Z",":updated_at":"2026-06-13T17:29:18.307Z"}},{"type":"Feature","geometry":{"type":"MultiLineString","coordinates":[[[-122.417643681,37.791838459],[-122.41749421,37.791105423]]]},"properties":{"objectid":"1778","agency":null,"regulation":"Time limited","days":"M-Sa","hours":"800-2100","hrs_begin":"800","hrs_end":"2100","regdetails":null,"modified":null,"editor":null,"rpparea1":"C","rpparea2":"G","rpparea3":null,"fid_100":"4899","length_ft":"270","conflict":"0","enacted":null,"created_us":null,"created_da":null,"last_edite":null,"last_edi_1":null,"hrlimit":"2","created_user":null,"created_date":null,"last_edited_user":"MTA","last_edited_date":"2017-05-12 17:17:39-07:00","rpp_sym":"black, 2.5 pt, no dash","mtab_date":null,"mtab_motion":null,"mtab_reso_text":null,"sym_rpp2":"black, 2.5 pt, no dash | 2, M-Sa, 800-2100","globalid":null,"exceptions":"Yes. RPP holders are exempt from time limits.","from_time":"8am","to_time":"9pm","data_as_of":"2017-05-12T17:17:39.000","analysis_neighborhood":"Nob Hill","supervisor_district":"3","data_loaded_at":"2026-06-13T10:29:08.190",":id":"row-mj8u-btct_3zdd",":version":"rv-3q33~9uck-jdys",":created_at":"2026-06-13T17:29:18.307Z",":updated_at":"2026-06-13T17:29:18.307Z"}},{"type":"Feature","geometry":{"type":"MultiLineString","coordinates":[[[-122.435338622,37.787628997],[-122.435264568,37.787261948]]]},"properties":{"objectid":"3436","agency":null,"regulation":"Time limited","days":"M-F","hours":"800-1800","hrs_begin":"800","hrs_end":"1800","regdetails":null,"modified":null,"editor":null,"rpparea1":"G","rpparea2":null,"rpparea3":null,"fid_100":"5723","length_ft":"135","conflict":"0","enacted":null,"created_us":null,"created_da":null,"last_edite":null,"last_edi_1":null,"hrlimit":"2","created_user":null,"created_date":null,"last_edited_user":"MTA","last_edited_date":"2017-05-12 17:13:25-07:00","rpp_sym":"lapis lazuli, 2.5 pt, no dash","mtab_date":null,"mtab_motion":null,"mtab_reso_text":null,"sym_rpp2":"lapis lazuli, 2.5 pt, no dash | 2, M-F, 800-1800","globalid":null,"exceptions":"Yes. RPP holders are exempt from time limits.","from_time":"8am","to_time":"6pm","data_as_of":"2017-05-12T17:13:25.000","analysis_neighborhood":"Pacific Heights","supervisor_district":"5","data_loaded_at":"2026-06-13T10:29:08.190",":id":"row-g8wk-ajmt~43ki",":version":"rv-v3yj~esg9_uppg",":created_at":"2026-06-13T17:29:18.307Z",":updated_at":"2026-06-13T17:29:18.307Z"}},{"type":"Feature","geometry":{"type":"MultiLineString","coordinates":[[[-122.445066749,37.78643111],[-122.443664626,37.786609715]]]},"properties":{"objectid":"914","agency":null,"regulation":"Time limited","days":"M-F","hours":"800-1800","hrs_begin":"800","hrs_end":"1800","regdetails":null,"modified":null,"editor":null,"rpparea1":"G","rpparea2":null,"rpparea3":null,"fid_100":"5998","length_ft":"410","conflict":"0","enacted":null,"created_us":null,"created_da":null,"last_edite":null,"last_edi_1":null,"hrlimit":"2","created_user":null,"created_date":null,"last_edited_user":"MTA","last_edited_date":"2017-05-12 17:12:59-07:00","rpp_sym":"lapis lazuli, 2.5 pt, no dash","mtab_date":null,"mtab_motion":null,"mtab_reso_text":null,"sym_rpp2":"lapis lazuli, 2.5 pt, no dash | 2, M-F, 800-1800","globalid":null,"exceptions":"Yes. RPP holders are exempt from time limits.","from_time":"8am","to_time":"6pm","data_as_of":"2017-05-12T17:12:59.000","analysis_neighborhood":"Presidio Heights","supervisor_district":"2","data_loaded_at":"2026-06-13T10:29:08.190",":id":"row-88wn-x7bn_gshg",":version":"rv-wuq6.f3cc~kqwb",":created_at":"2026-06-13T17:29:18.307Z",":updated_at":"2026-06-13T17:29:18.307Z"}},{"type":"Feature","geometry":{"type":"MultiLineString","coordinates":[[[-122.436675439,37.794924439],[-122.436524574,37.794179471]]]},"properties":{"objectid":"544","agency":null,"regulation":"Time limited","days":"M-F","hours":"800-1800","hrs_begin":"800","hrs_end":"1800","regdetails":null,"modified":null,"editor":null,"rpparea1":"G","rpparea2":"K","rpparea3":null,"fid_100":"6076","length_ft":"275","conflict":"0","enacted":null,"created_us":null,"created_da":null,"last_edite":null,"last_edi_1":null,"hrlimit":"2","created_user":null,"created_date":null,"last_edited_user":"MTA","last_edited_date":"2017-05-12 17:13:37-07:00","rpp_sym":"lapis lazuli, 2.5 pt, no dash","mtab_date":null,"mtab_motion":null,"mtab_reso_text":null,"sym_rpp2":"lapis lazuli, 2.5 pt, no dash | 2, M-F, 800-1800","globalid":null,"exceptions":"Yes. RPP holders are exempt from time limits.","from_time":"8am","to_time":"6pm","data_as_of":"2017-05-12T17:13:37.000","analysis_neighborhood":"Pacific Heights","supervisor_district":"2","data_loaded_at":"2026-06-13T10:29:08.190",":id":"row-i4iz_z5ew_u2mb",":version":"rv-7svx-vrcr~nv6m",":created_at":"2026-06-13T17:29:18.307Z",":updated_at":"2026-06-13T17:29:18.307Z"}},{"type":"Feature","geometry":{"type":"MultiLineString","coordinates":[[[-122.424206196,37.791928337],[-122.423236172,37.79205181]]]},"properties":{"objectid":"2318","agency":null,"regulation":"Time limited","days":"M-Sa","hours":"800-2300","hrs_begin":"800","hrs_end":"2300","regdetails":"MON - FRI: 8AM - 11PM; SAT: 5PM - 11PM","modified":"2015-01-08 16:00:00-08:00","editor":"Mark C. Dreger","rpparea1":"C","rpparea2":"G","rpparea3":null,"fid_100":"5683","length_ft":"284","conflict":"0","enacted":null,"created_us":null,"created_da":null,"last_edite":null,"last_edi_1":null,"hrlimit":"2","created_user":null,"created_date":null,"last_edited_user":"MTA","last_edited_date":"2017-05-12 17:19:20-07:00","rpp_sym":"leaf green, 2.5 pt, no dash","mtab_date":null,"mtab_motion":null,"mtab_reso_text":null,"sym_rpp2":"leaf green, 2.5 pt, no dash | 2, M-Sa, 800-2300","globalid":null,"exceptions":"Yes. RPP holders are exempt from time limits.","from_time":"8am","to_time":"11pm","data_as_of":"2017-05-12T17:19:20.000","analysis_neighborhood":"Pacific Heights","supervisor_district":"2","data_loaded_at":"2026-06-13T10:29:08.190",":id":"row-zhus~k9yr~zy5i",":version":"rv-vvbg.bd6n.rmp4",":created_at":"2026-06-13T17:29:18.307Z",":updated_at":"2026-06-13T17:29:18.307Z"}},{"type":"Feature","geometry":{"type":"MultiLineString","coordinates":[[[-122.425794248,37.791171827],[-122.425895011,37.791671341]]]},"properties":{"objectid":"1127","agency":null,"regulation":"Time limited","days":"M-F","hours":"800-1800","hrs_begin":"800","hrs_end":"1800","regdetails":null,"modified":null,"editor":null,"rpparea1":"G","rpparea2":null,"rpparea3":null,"fid_100":"5671","length_ft":"184","conflict":"0","enacted":null,"created_us":null,"created_da":null,"last_edite":null,"last_edi_1":null,"hrlimit":"2","created_user":null,"created_date":null,"last_edited_user":"MTA","last_edited_date":"2017-05-12 17:13:26-07:00","rpp_sym":"lapis lazuli, 2.5 pt, no dash","mtab_date":null,"mtab_motion":null,"mtab_reso_text":null,"sym_rpp2":"lapis lazuli, 2.5 pt, no dash | 2, M-F, 800-1800","globalid":null,"exceptions":"Yes. RPP holders are exempt from time limits.","from_time":"8am","to_time":"6pm","data_as_of":"2017-05-12T17:13:26.000","analysis_neighborhood":"Pacific Heights","supervisor_district":"2","data_loaded_at":"2026-06-13T10:29:08.190",":id":"row-yyxe_4a77_ubdc",":version":"rv-sudk-e6ju~d9xb",":created_at":"2026-06-13T17:29:18.307Z",":updated_at":"2026-06-13T17:29:18.307Z"}},{"type":"Feature","geometry":{"type":"MultiLineString","coordinates":[[[-122.425696062,37.790941637],[-122.424295482,37.791120078]]]},"properties":{"objectid":"2647","agency":null,"regulation":"Time limited","days":"M-Sa","hours":"800-2300","hrs_begin":"800","hrs_end":"2300","regdetails":"MON - FRI: 8AM - 11PM; SAT: 5PM - 11PM","modified":"2015-01-08 16:00:00-08:00","editor":"Mark C. Dreger","rpparea1":"G","rpparea2":null,"rpparea3":null,"fid_100":"5664","length_ft":"410","conflict":"0","enacted":null,"created_us":null,"created_da":null,"last_edite":null,"last_edi_1":null,"hrlimit":"2","created_user":null,"created_date":null,"last_edited_user":"MTA","last_edited_date":"2017-05-12 17:19:20-07:00","rpp_sym":"leaf green, 2.5 pt, no dash","mtab_date":null,"mtab_motion":null,"mtab_reso_text":null,"sym_rpp2":"leaf green, 2.5 pt, no dash | 2, M-Sa, 800-2300","globalid":null,"exceptions":"Yes. RPP holders are exempt from time limits.","from_time":"8am","to_time":"11pm","data_as_of":"2017-05-12T17:19:20.000","analysis_neighborhood":"Pacific Heights","supervisor_district":"2","data_loaded_at":"2026-06-13T10:29:08.190",":id":"row-kq9r~zpuv~5w36",":version":"rv-udbt~7cz4_i3xi",":created_at":"2026-06-13T17:29:18.307Z",":updated_at":"2026-06-13T17:29:18.307Z"}},{"type":"Feature","geometry":{"type":"MultiLineString","coordinates":[[[-122.425108947,37.787014172],[-122.424963377,37.786292442]]]},"properties":{"objectid":"2615","agency":null,"regulation":"Time limited","days":"M-F","hours":"800-1800","hrs_begin":"800","hrs_end":"1800","regdetails":null,"modified":null,"editor":null,"rpparea1":"G","rpparea2":null,"rpparea3":null,"fid_100":"5549","length_ft":"266","conflict":"0","enacted":null,"created_us":null,"created_da":null,"last_edite":null,"last_edi_1":null,"hrlimit":"2","created_user":null,"created_date":null,"last_edited_user":"MTA","last_edited_date":"2017-05-12 17:13:28-07:00","rpp_sym":"lapis lazuli, 2.5 pt, no dash","mtab_date":null,"mtab_motion":null,"mtab_reso_text":null,"sym_rpp2":"lapis lazuli, 2.5 pt, no dash | 2, M-F, 800-1800","globalid":null,"exceptions":"Yes. RPP holders are exempt from time limits.","from_time":"8am","to_time":"6pm","data_as_of":"2017-05-12T17:13:28.000","analysis_neighborhood":"Japantown","supervisor_district":"5","data_loaded_at":"2026-06-13T10:29:08.190",":id":"row-rwau.jyny_i9r2",":version":"rv-yrr9~8fra~74kn",":created_at":"2026-06-13T17:29:18.307Z",":updated_at":"2026-06-13T17:29:18.307Z"}},{"type":"Feature","geometry":{"type":"MultiLineString","coordinates":[[[-122.438430933,37.787274628],[-122.43704971,37.787450139]]]},"properties":{"objectid":"4638","agency":null,"regulation":"Time limited","days":"M-F","hours":"800-1800","hrs_begin":"800","hrs_end":"1800","regdetails":null,"modified":null,"editor":null,"rpparea1":"G","rpparea2":null,"rpparea3":null,"fid_100":"5734","length_ft":"404","conflict":"0","enacted":null,"created_us":null,"created_da":null,"last_edite":null,"last_edi_1":null,"hrlimit":"2","created_user":null,"created_date":null,"last_edited_user":"MTA","last_edited_date":"2017-05-12 17:13:01-07:00","rpp_sym":"lapis lazuli, 2.5 pt, no dash","mtab_date":null,"mtab_motion":null,"mtab_reso_text":null,"sym_rpp2":"lapis lazuli, 2.5 pt, no dash | 2, M-F, 800-1800","globalid":null,"exceptions":"Yes. RPP holders are exempt from time limits.","from_time":"8am","to_time":"6pm","data_as_of":"2017-05-12T17:13:01.000","analysis_neighborhood":"Pacific Heights","supervisor_district":"5","data_loaded_at":"2026-06-13T10:29:08.190",":id":"row-ph6z-5due-v7tw",":version":"rv-u85a_vqb7~rzsa",":created_at":"2026-06-13T17:29:18.307Z",":updated_at":"2026-06-13T17:29:18.307Z"}},{"type":"Feature","geometry":{"type":"MultiLineString","coordinates":[[[-122.445982293,37.790021127],[-122.445843808,37.789336797]]]},"properties":{"objectid":"1086","agency":null,"regulation":"Time limited","days":"M-F","hours":"800-1800","hrs_begin":"800","hrs_end":"1800","regdetails":null,"modified":null,"editor":null,"rpparea1":"F","rpparea2":"G","rpparea3":null,"fid_100":"5982","length_ft":"252","conflict":"0","enacted":null,"created_us":null,"created_da":null,"last_edite":null,"last_edi_1":null,"hrlimit":"2","created_user":null,"created_date":null,"last_edited_user":"MTA","last_edited_date":"2017-05-12 17:13:00-07:00","rpp_sym":"lapis lazuli, 2.5 pt, no dash","mtab_date":null,"mtab_motion":null,"mtab_reso_text":null,"sym_rpp2":"lapis lazuli, 2.5 pt, no dash | 2, M-F, 800-1800","globalid":null,"exceptions":"Yes. RPP holders are exempt from time limits.","from_time":"8am","to_time":"6pm","data_as_of":"2017-05-12T17:13:00.000","analysis_neighborhood":"Presidio Heights","supervisor_district":"2","data_loaded_at":"2026-06-13T10:29:08.190",":id":"row-4mfd_7v8e-5ptm",":version":"rv-bh9n~7d3k_ipcx",":created_at":"2026-06-13T17:29:18.307Z",":updated_at":"2026-06-13T17:29:18.307Z"}},{"type":"Feature","geometry":{"type":"MultiLineString","coordinates":[[[-122.44619547,37.791945623],[-122.444777068,37.79212656]]]},"properties":{"objectid":"6440","agency":null,"regulation":"Time limited","days":"M-F","hours":"800-1800","hrs_begin":"800","hrs_end":"1800","regdetails":null,"modified":null,"editor":null,"rpparea1":"G","rpparea2":"K","rpparea3":null,"fid_100":"5914","length_ft":"415","conflict":"0","enacted":null,"created_us":null,"created_da":null,"last_edite":null,"last_edi_1":null,"hrlimit":"3","created_user":null,"created_date":null,"last_edited_user":"MTA","last_edited_date":"2017-05-12 17:12:58-07:00","rpp_sym":"lapis lazuli, 2.5 pt, dash 3:1, interval 2","mtab_date":null,"mtab_motion":null,"mtab_reso_text":null,"sym_rpp2":"lapis lazuli, 2.5 pt, dash 3:1, interval 2 | 3, M-F, 800-1800","globalid":null,"exceptions":"Yes. RPP holders are exempt from time limits.","from_time":"8am","to_time":"6pm","data_as_of":"2017-05-12T17:12:58.000","analysis_neighborhood":"Pacific Heights","supervisor_district":"2","data_loaded_at":"2026-06-13T10:29:08.190",":id":"row-k4zn~hcpy_p2nv",":version":"rv-wfvr_qcsp.2a7n",":created_at":"2026-06-13T17:29:18.307Z",":updated_at":"2026-06-13T17:29:18.307Z"}},{"type":"Feature","geometry":{"type":"MultiLineString","coordinates":[[[-122.445295665,37.786571722],[-122.445444727,37.787309633]]]},"properties":{"objectid":"2930","agency":null,"regulation":"Time limited","days":"M-F","hours":"800-1800","hrs_begin":"800","hrs_end":"1800","regdetails":null,"modified":null,"editor":null,"rpparea1":"G","rpparea2":null,"rpparea3":null,"fid_100":"5992","length_ft":"272","conflict":"0","enacted":null,"created_us":null,"created_da":null,"last_edite":null,"last_edi_1":null,"hrlimit":"2","created_user":null,"created_date":null,"last_edited_user":"MTA","last_edited_date":"2017-05-12 17:13:38-07:00","rpp_sym":"lapis lazuli, 2.5 pt, no dash","mtab_date":null,"mtab_motion":null,"mtab_reso_text":null,"sym_rpp2":"lapis lazuli, 2.5 pt, no dash | 2, M-F, 800-1800","globalid":null,"exceptions":"Yes. RPP holders are exempt from time limits.","from_time":"8am","to_time":"6pm","data_as_of":"2017-05-12T17:13:38.000","analysis_neighborhood":"Presidio Heights","supervisor_district":"2","data_loaded_at":"2026-06-13T10:29:08.190",":id":"row-p84s_rwsf-2igq",":version":"rv-n9wm~wktm_7594",":created_at":"2026-06-13T17:29:18.307Z",":updated_at":"2026-06-13T17:29:18.307Z"}},{"type":"Feature","geometry":{"type":"MultiLineString","coordinates":[[[-122.439391171,37.791911549],[-122.437974397,37.792091523]]]},"properties":{"objectid":"5949","agency":null,"regulation":"Time limited","days":"M-F","hours":"800-1800","hrs_begin":"800","hrs_end":"1800","regdetails":null,"modified":null,"editor":null,"rpparea1":"G","rpparea2":null,"rpparea3":null,"fid_100":"5776","length_ft":"415","conflict":"0","enacted":null,"created_us":null,"created_da":null,"last_edite":null,"last_edi_1":null,"hrlimit":"2","created_user":null,"created_date":null,"last_edited_user":"MTA","last_edited_date":"2017-05-12 17:13:13-07:00","rpp_sym":"lapis lazuli, 2.5 pt, no dash","mtab_date":null,"mtab_motion":null,"mtab_reso_text":null,"sym_rpp2":"lapis lazuli, 2.5 pt, no dash | 2, M-F, 800-1800","globalid":null,"exceptions":"Yes. RPP holders are exempt from time limits.","from_time":"8am","to_time":"6pm","data_as_of":"2017-05-12T17:13:13.000","analysis_neighborhood":"Pacific Heights","supervisor_district":"2","data_loaded_at":"2026-06-13T10:29:08.190",":id":"row-y2aq_4nhh.f6np",":version":"rv-y3ex-x57d-93bq",":created_at":"2026-06-13T17:29:18.307Z",":updated_at":"2026-06-13T17:29:18.307Z"}},{"type":"Feature","geometry":{"type":"MultiLineString","coordinates":[[[-122.446676488,37.787358962],[-122.445523412,37.787505956]]]},"properties":{"objectid":"7115","agency":null,"regulation":"Time limited","days":"M-F","hours":"800-1800","hrs_begin":"800","hrs_end":"1800","regdetails":null,"modified":null,"editor":null,"rpparea1":"F","rpparea2":"G","rpparea3":null,"fid_100":"5986","length_ft":"337","conflict":"0","enacted":null,"created_us":null,"created_da":null,"last_edite":null,"last_edi_1":null,"hrlimit":"2","created_user":null,"created_date":null,"last_edited_user":"MTA","last_edited_date":"2017-05-12 17:13:00-07:00","rpp_sym":"lapis lazuli, 2.5 pt, no dash","mtab_date":null,"mtab_motion":null,"mtab_reso_text":null,"sym_rpp2":"lapis lazuli, 2.5 pt, no dash | 2, M-F, 800-1800","globalid":null,"exceptions":"Yes. RPP holders are exempt from time limits.","from_time":"8am","to_time":"6pm","data_as_of":"2017-05-12T17:13:00.000","analysis_neighborhood":"Presidio Heights","supervisor_district":"2","data_loaded_at":"2026-06-13T10:29:08.190",":id":"row-9zvj.r8zn_b5t3",":version":"rv-iw2a-zzyd-a2qi",":created_at":"2026-06-13T17:29:18.307Z",":updated_at":"2026-06-13T17:29:18.307Z"}},{"type":"Feature","geometry":{"type":"MultiLineString","coordinates":[[[-122.439026348,37.790151351],[-122.437497533,37.790345887]]]},"properties":{"objectid":"3593","agency":null,"regulation":"Time limited","days":"M-F","hours":"800-1800","hrs_begin":"800","hrs_end":"1800","regdetails":null,"modified":null,"editor":null,"rpparea1":"G","rpparea2":null,"rpparea3":null,"fid_100":"5745","length_ft":"447","conflict":"0","enacted":null,"created_us":null,"created_da":null,"last_edite":null,"last_edi_1":null,"hrlimit":"2","created_user":null,"created_date":null,"last_edited_user":"MTA","last_edited_date":"2017-05-12 17:12:59-07:00","rpp_sym":"lapis lazuli, 2.5 pt, no dash","mtab_date":null,"mtab_motion":null,"mtab_reso_text":null,"sym_rpp2":"lapis lazuli, 2.5 pt, no dash | 2, M-F, 800-1800","globalid":null,"exceptions":"Yes. RPP holders are exempt from time limits.","from_time":"8am","to_time":"6pm","data_as_of":"2017-05-12T17:12:59.000","analysis_neighborhood":"Pacific Heights","supervisor_district":"2","data_loaded_at":"2026-06-13T10:29:08.190",":id":"row-v975~v9y9-ne2k",":version":"rv-3q5r-5ezu-k3pc",":created_at":"2026-06-13T17:29:18.307Z",":updated_at":"2026-06-13T17:29:18.307Z"}},{"type":"Feature","geometry":{"type":"MultiLineString","coordinates":[[[-122.426562003,37.794298366],[-122.426422238,37.793607043]]]},"properties":{"objectid":"6391","agency":null,"regulation":"Time limited","days":"M-F","hours":"800-1800","hrs_begin":"800","hrs_end":"1800","regdetails":null,"modified":null,"editor":null,"rpparea1":"G","rpparea2":null,"rpparea3":null,"fid_100":"5838","length_ft":"255","conflict":"0","enacted":null,"created_us":null,"created_da":null,"last_edite":null,"last_edi_1":null,"hrlimit":"2","created_user":null,"created_date":null,"last_edited_user":"MTA","last_edited_date":"2017-05-12 17:13:15-07:00","rpp_sym":"lapis lazuli, 2.5 pt, no dash","mtab_date":null,"mtab_motion":null,"mtab_reso_text":null,"sym_rpp2":"lapis lazuli, 2.5 pt, no dash | 2, M-F, 800-1800","globalid":null,"exceptions":"Yes. RPP holders are exempt from time limits.","from_time":"8am","to_time":"6pm","data_as_of":"2017-05-12T17:13:15.000","analysis_neighborhood":"Pacific Heights","supervisor_district":"2","data_loaded_at":"2026-06-13T10:29:08.190",":id":"row-x9fw_x7ya_upfv",":version":"rv-k9qz_yfmr-t26g",":created_at":"2026-06-13T17:29:18.307Z",":updated_at":"2026-06-13T17:29:18.307Z"}},{"type":"Feature","geometry":{"type":"MultiLineString","coordinates":[[[-122.425672911,37.790836795],[-122.424286844,37.791011537]]]},"properties":{"objectid":"965","agency":null,"regulation":"Time limited","days":"M-Sa","hours":"800-2300","hrs_begin":"800","hrs_end":"2300","regdetails":"MON - FRI: 8AM - 11PM; SAT: 5PM - 11PM","modified":"2015-01-08 16:00:00-08:00","editor":"Mark C. Dreger","rpparea1":"G","rpparea2":null,"rpparea3":null,"fid_100":"5665","length_ft":"406","conflict":"0","enacted":null,"created_us":null,"created_da":null,"last_edite":null,"last_edi_1":null,"hrlimit":"2","created_user":null,"created_date":null,"last_edited_user":"MTA","last_edited_date":"2017-05-12 17:19:20-07:00","rpp_sym":"leaf green, 2.5 pt, no dash","mtab_date":null,"mtab_motion":null,"mtab_reso_text":null,"sym_rpp2":"leaf green, 2.5 pt, no dash | 2, M-Sa, 800-2300","globalid":null,"exceptions":"Yes. RPP holders are exempt from time limits.","from_time":"8am","to_time":"11pm","data_as_of":"2017-05-12T17:19:20.000","analysis_neighborhood":"Pacific Heights","supervisor_district":"2","data_loaded_at":"2026-06-13T10:29:08.190",":id":"row-s4km_ctpq-gqjc",":version":"rv-5zmr_znaw-e324",":created_at":"2026-06-13T17:29:18.307Z",":updated_at":"2026-06-13T17:29:18.307Z"}},{"type":"Feature","geometry":{"type":"MultiLineString","coordinates":[[[-122.44416683,37.789355411],[-122.444025409,37.788655447]]]},"properties":{"objectid":"4081","agency":null,"regulation":"Time limited","days":"M-F","hours":"800-1800","hrs_begin":"800","hrs_end":"1800","regdetails":null,"modified":null,"editor":null,"rpparea1":"G","rpparea2":null,"rpparea3":null,"fid_100":"5966","length_ft":"258","conflict":"0","enacted":null,"created_us":null,"created_da":null,"last_edite":null,"last_edi_1":null,"hrlimit":"2","created_user":null,"created_date":null,"last_edited_user":"MTA","last_edited_date":"2017-05-12 17:13:37-07:00","rpp_sym":"lapis lazuli, 2.5 pt, no dash","mtab_date":null,"mtab_motion":null,"mtab_reso_text":null,"sym_rpp2":"lapis lazuli, 2.5 pt, no dash | 2, M-F, 800-1800","globalid":null,"exceptions":"Yes. RPP holders are exempt from time limits.","from_time":"8am","to_time":"6pm","data_as_of":"2017-05-12T17:13:37.000","analysis_neighborhood":"Pacific Heights","supervisor_district":"2","data_loaded_at":"2026-06-13T10:29:08.190",":id":"row-p4r3-i583-hzik",":version":"rv-z8hc-kf9h-jmui",":created_at":"2026-06-13T17:29:18.307Z",":updated_at":"2026-06-13T17:29:18.307Z"}},{"type":"Feature","geometry":{"type":"MultiLineString","coordinates":[[[-122.430783565,37.790147291],[-122.430640901,37.78944177]]]},"properties":{"objectid":"581","agency":null,"regulation":"Time limited","days":"M-F","hours":"800-1800","hrs_begin":"800","hrs_end":"1800","regdetails":null,"modified":null,"editor":null,"rpparea1":"G","rpparea2":null,"rpparea3":null,"fid_100":"5645","length_ft":"260","conflict":"0","enacted":null,"created_us":null,"created_da":null,"last_edite":null,"last_edi_1":null,"hrlimit":"2","created_user":null,"created_date":null,"last_edited_user":"MTA","last_edited_date":"2017-05-12 17:12:59-07:00","rpp_sym":"lapis lazuli, 2.5 pt, no dash","mtab_date":null,"mtab_motion":null,"mtab_reso_text":null,"sym_rpp2":"lapis lazuli, 2.5 pt, no dash | 2, M-F, 800-1800","globalid":null,"exceptions":"Yes. RPP holders are exempt from time limits.","from_time":"8am","to_time":"6pm","data_as_of":"2017-05-12T17:12:59.000","analysis_neighborhood":"Pacific Heights","supervisor_district":"2","data_loaded_at":"2026-06-13T10:29:08.190",":id":"row-guks-7sik~vvqg",":version":"rv-vh8y_xu2e-erhp",":created_at":"2026-06-13T17:29:18.307Z",":updated_at":"2026-06-13T17:29:18.307Z"}},{"type":"Feature","geometry":{"type":"MultiLineString","coordinates":[[[-122.433034048,37.789093521],[-122.432360293,37.789179205]]]},"properties":{"objectid":"46","agency":null,"regulation":"Time limited","days":"M-F","hours":"800-1800","hrs_begin":"800","hrs_end":"1800","regdetails":null,"modified":null,"editor":null,"rpparea1":"G","rpparea2":null,"rpparea3":null,"fid_100":"5573","length_ft":"197","conflict":"0","enacted":null,"created_us":null,"created_da":null,"last_edite":null,"last_edi_1":null,"hrlimit":"2","created_user":null,"created_date":null,"last_edited_user":"MTA","last_edited_date":"2017-05-12 17:13:36-07:00","rpp_sym":"lapis lazuli, 2.5 pt, no dash","mtab_date":null,"mtab_motion":null,"mtab_reso_text":null,"sym_rpp2":"lapis lazuli, 2.5 pt, no dash | 2, M-F, 800-1800","globalid":null,"exceptions":"Yes. RPP holders are exempt from time limits.","from_time":"8am","to_time":"6pm","data_as_of":"2017-05-12T17:13:36.000","analysis_neighborhood":"Pacific Heights","supervisor_district":"2","data_loaded_at":"2026-06-13T10:29:08.190",":id":"row-g5jj~dw5q~pfjc",":version":"rv-x839_e3db-pn4s",":created_at":"2026-06-13T17:29:18.307Z",":updated_at":"2026-06-13T17:29:18.307Z"}},{"type":"Feature","geometry":{"type":"MultiLineString","coordinates":[[[-122.429540607,37.793022685],[-122.429402594,37.792332215]]]},"properties":{"objectid":"294","agency":null,"regulation":"Time limited","days":"M-F","hours":"800-1800","hrs_begin":"800","hrs_end":"1800","regdetails":null,"modified":null,"editor":null,"rpparea1":"G","rpparea2":null,"rpparea3":null,"fid_100":"5873","length_ft":"255","conflict":"0","enacted":null,"created_us":null,"created_da":null,"last_edite":null,"last_edi_1":null,"hrlimit":"2","created_user":null,"created_date":null,"last_edited_user":"MTA","last_edited_date":"2017-05-12 17:13:14-07:00","rpp_sym":"lapis lazuli, 2.5 pt, no dash","mtab_date":null,"mtab_motion":null,"mtab_reso_text":null,"sym_rpp2":"lapis lazuli, 2.5 pt, no dash | 2, M-F, 800-1800","globalid":null,"exceptions":"Yes. RPP holders are exempt from time limits.","from_time":"8am","to_time":"6pm","data_as_of":"2017-05-12T17:13:14.000","analysis_neighborhood":"Pacific Heights","supervisor_district":"2","data_loaded_at":"2026-06-13T10:29:08.190",":id":"row-96j4~etck.qws9",":version":"rv-8ky8_uffd~9pmf",":created_at":"2026-06-13T17:29:18.307Z",":updated_at":"2026-06-13T17:29:18.307Z"}},{"type":"Feature","geometry":{"type":"MultiLineString","coordinates":[[[-122.417998221,37.793605859],[-122.417891514,37.793074303]]]},"properties":{"objectid":"5038","agency":null,"regulation":"Time limited","days":"M-Sa","hours":"800-2100","hrs_begin":"800","hrs_end":"2100","regdetails":null,"modified":null,"editor":null,"rpparea1":"C","rpparea2":"G","rpparea3":null,"fid_100":"4981","length_ft":"196","conflict":"0","enacted":null,"created_us":null,"created_da":null,"last_edite":null,"last_edi_1":null,"hrlimit":"2","created_user":null,"created_date":null,"last_edited_user":"MTA","last_edited_date":"2017-05-12 17:17:30-07:00","rpp_sym":"black, 2.5 pt, no dash","mtab_date":null,"mtab_motion":null,"mtab_reso_text":null,"sym_rpp2":"black, 2.5 pt, no dash | 2, M-Sa, 800-2100","globalid":null,"exceptions":"Yes. RPP holders are exempt from time limits.","from_time":"8am","to_time":"9pm","data_as_of":"2017-05-12T17:17:30.000","analysis_neighborhood":"Russian Hill","supervisor_district":"3","data_loaded_at":"2026-06-13T10:29:08.190",":id":"row-8psn~25iy.5z6p",":version":"rv-qiet_z44m~8r5z",":created_at":"2026-06-13T17:29:18.307Z",":updated_at":"2026-06-13T17:29:18.307Z"}},{"type":"Feature","geometry":{"type":"MultiLineString","coordinates":[[[-122.41784556,37.793619265],[-122.41769953,37.792891905]]]},"properties":{"objectid":"4378","agency":null,"regulation":"Time limited","days":"M-Sa","hours":"800-2100","hrs_begin":"800","hrs_end":"2100","regdetails":null,"modified":null,"editor":null,"rpparea1":"C","rpparea2":"G","rpparea3":null,"fid_100":"4980","length_ft":"268","conflict":"0","enacted":null,"created_us":null,"created_da":null,"last_edite":null,"last_edi_1":null,"hrlimit":"2","created_user":null,"created_date":null,"last_edited_user":"MTA","last_edited_date":"2017-05-12 17:17:29-07:00","rpp_sym":"black, 2.5 pt, no dash","mtab_date":null,"mtab_motion":null,"mtab_reso_text":null,"sym_rpp2":"black, 2.5 pt, no dash | 2, M-Sa, 800-2100","globalid":null,"exceptions":"Yes. RPP holders are exempt from time limits.","from_time":"8am","to_time":"9pm","data_as_of":"2017-05-12T17:17:29.000","analysis_neighborhood":"Russian Hill","supervisor_district":"3","data_loaded_at":"2026-06-13T10:29:08.190",":id":"row-dggn.ks9p~i6sf",":version":"rv-qb5u_b3z9_s6v2",":created_at":"2026-06-13T17:29:18.307Z",":updated_at":"2026-06-13T17:29:18.307Z"}},{"type":"Feature","geometry":{"type":"MultiLineString","coordinates":[[[-122.429513538,37.793165942],[-122.428114887,37.793343492]]]},"properties":{"objectid":"3680","agency":null,"regulation":"Time limited","days":"M-F","hours":"800-1800","hrs_begin":"800","hrs_end":"1800","regdetails":null,"modified":null,"editor":null,"rpparea1":"G","rpparea2":null,"rpparea3":null,"fid_100":"5840","length_ft":"409","conflict":"0","enacted":null,"created_us":null,"created_da":null,"last_edite":null,"last_edi_1":null,"hrlimit":"2","created_user":null,"created_date":null,"last_edited_user":"MTA","last_edited_date":"2017-05-12 17:13:26-07:00","rpp_sym":"lapis lazuli, 2.5 pt, no dash","mtab_date":null,"mtab_motion":null,"mtab_reso_text":null,"sym_rpp2":"lapis lazuli, 2.5 pt, no dash | 2, M-F, 800-1800","globalid":null,"exceptions":"Yes. RPP holders are exempt from time limits.","from_time":"8am","to_time":"6pm","data_as_of":"2017-05-12T17:13:26.000","analysis_neighborhood":"Pacific Heights","supervisor_district":"2","data_loaded_at":"2026-06-13T10:29:08.190",":id":"row-kbxr.q72x_46d4",":version":"rv-7gmb~mscf-mpht",":created_at":"2026-06-13T17:29:18.307Z",":updated_at":"2026-06-13T17:29:18.307Z"}},{"type":"Feature","geometry":{"type":"MultiLineString","coordinates":[[[-122.441319183,37.78362725],[-122.441244197,37.783257515]]]},"properties":{"objectid":"1451","agency":null,"regulation":"Time limited","days":"M-F","hours":"800-1800","hrs_begin":"800","hrs_end":"1800","regdetails":null,"modified":null,"editor":null,"rpparea1":"G","rpparea2":null,"rpparea3":null,"fid_100":"6032","length_ft":"136","conflict":"0","enacted":null,"created_us":null,"created_da":null,"last_edite":null,"last_edi_1":null,"hrlimit":"2","created_user":null,"created_date":null,"last_edited_user":"MTA","last_edited_date":"2017-05-12 17:13:35-07:00","rpp_sym":"lapis lazuli, 2.5 pt, no dash","mtab_date":null,"mtab_motion":null,"mtab_reso_text":null,"sym_rpp2":"lapis lazuli, 2.5 pt, no dash | 2, M-F, 800-1800","globalid":null,"exceptions":"Yes. RPP holders are exempt from time limits.","from_time":"8am","to_time":"6pm","data_as_of":"2017-05-12T17:13:35.000","analysis_neighborhood":"Japantown","supervisor_district":"2","data_loaded_at":"2026-06-13T10:29:08.190",":id":"row-r9eg-6dee-fnwp",":version":"rv-pdgj~ghhb.3k8n",":created_at":"2026-06-13T17:29:18.307Z",":updated_at":"2026-06-13T17:29:18.307Z"}},{"type":"Feature","geometry":{"type":"MultiLineString","coordinates":[[[-122.436095025,37.792330235],[-122.4351384,37.79245173]]]},"properties":{"objectid":"5965","agency":null,"regulation":"Time limited","days":"M-F","hours":"800-1800","hrs_begin":"800","hrs_end":"1800","regdetails":null,"modified":null,"editor":null,"rpparea1":"G","rpparea2":null,"rpparea3":null,"fid_100":"5771","length_ft":"280","conflict":"0","enacted":null,"created_us":null,"created_da":null,"last_edite":null,"last_edi_1":null,"hrlimit":"2","created_user":null,"created_date":null,"last_edited_user":"MTA","last_edited_date":"2017-05-12 17:13:01-07:00","rpp_sym":"lapis lazuli, 2.5 pt, no dash","mtab_date":null,"mtab_motion":null,"mtab_reso_text":null,"sym_rpp2":"lapis lazuli, 2.5 pt, no dash | 2, M-F, 800-1800","globalid":null,"exceptions":"Yes. RPP holders are exempt from time limits.","from_time":"8am","to_time":"6pm","data_as_of":"2017-05-12T17:13:01.000","analysis_neighborhood":"Pacific Heights","supervisor_district":"2","data_loaded_at":"2026-06-13T10:29:08.190",":id":"row-r5sk.rthk_iqcx",":version":"rv-dgn2~qqsf~9hd6",":created_at":"2026-06-13T17:29:18.307Z",":updated_at":"2026-06-13T17:29:18.307Z"}},{"type":"Feature","geometry":{"type":"MultiLineString","coordinates":[[[-122.434821017,37.794368282],[-122.433419287,37.79454741]]]},"properties":{"objectid":"4793","agency":null,"regulation":"Time limited","days":"M-F","hours":"800-1800","hrs_begin":"800","hrs_end":"1800","regdetails":null,"modified":null,"editor":null,"rpparea1":"G","rpparea2":"K","rpparea3":null,"fid_100":"6086","length_ft":"410","conflict":"0","enacted":null,"created_us":null,"created_da":null,"last_edite":null,"last_edi_1":null,"hrlimit":"2","created_user":null,"created_date":null,"last_edited_user":"MTA","last_edited_date":"2017-05-12 17:12:58-07:00","rpp_sym":"lapis lazuli, 2.5 pt, no dash","mtab_date":null,"mtab_motion":null,"mtab_reso_text":null,"sym_rpp2":"lapis lazuli, 2.5 pt, no dash | 2, M-F, 800-1800","globalid":null,"exceptions":"Yes. RPP holders are exempt from time limits.","from_time":"8am","to_time":"6pm","data_as_of":"2017-05-12T17:12:58.000","analysis_neighborhood":"Pacific Heights","supervisor_district":"2","data_loaded_at":"2026-06-13T10:29:08.190",":id":"row-sxm2_ancc-x6ry",":version":"rv-8b8y_5n45~nrwp",":created_at":"2026-06-13T17:29:18.307Z",":updated_at":"2026-06-13T17:29:18.307Z"}},{"type":"Feature","geometry":{"type":"MultiLineString","coordinates":[[[-122.430379132,37.790351009],[-122.429227157,37.790496313]]]},"properties":{"objectid":"532","agency":null,"regulation":"Time limited","days":"M-F","hours":"800-1800","hrs_begin":"800","hrs_end":"1800","regdetails":null,"modified":null,"editor":null,"rpparea1":"G","rpparea2":null,"rpparea3":null,"fid_100":"5648","length_ft":"337","conflict":"0","enacted":null,"created_us":null,"created_da":null,"last_edite":null,"last_edi_1":null,"hrlimit":"2","created_user":null,"created_date":null,"last_edited_user":"MTA","last_edited_date":"2017-05-12 17:13:02-07:00","rpp_sym":"lapis lazuli, 2.5 pt, no dash","mtab_date":null,"mtab_motion":null,"mtab_reso_text":null,"sym_rpp2":"lapis lazuli, 2.5 pt, no dash | 2, M-F, 800-1800","globalid":null,"exceptions":"Yes. RPP holders are exempt from time limits.","from_time":"8am","to_time":"6pm","data_as_of":"2017-05-12T17:13:02.000","analysis_neighborhood":"Pacific Heights","supervisor_district":"2","data_loaded_at":"2026-06-13T10:29:08.190",":id":"row-2bzh~jh4r-2k9y",":version":"rv-mh2h_zkm6~k4j4",":created_at":"2026-06-13T17:29:18.307Z",":updated_at":"2026-06-13T17:29:18.307Z"}},{"type":"Feature","geometry":{"type":"MultiLineString","coordinates":[[[-122.428207563,37.786666642],[-122.426667715,37.786862269]]]},"properties":{"objectid":"6141","agency":null,"regulation":"Time limited","days":"M-F","hours":"800-1800","hrs_begin":"800","hrs_end":"1800","regdetails":null,"modified":null,"editor":null,"rpparea1":"G","rpparea2":null,"rpparea3":null,"fid_100":"5638","length_ft":"451","conflict":"0","enacted":null,"created_us":null,"created_da":null,"last_edite":null,"last_edi_1":null,"hrlimit":"2","created_user":null,"created_date":null,"last_edited_user":"MTA","last_edited_date":"2017-05-12 17:13:03-07:00","rpp_sym":"lapis lazuli, 2.5 pt, no dash","mtab_date":null,"mtab_motion":null,"mtab_reso_text":null,"sym_rpp2":"lapis lazuli, 2.5 pt, no dash | 2, M-F, 800-1800","globalid":null,"exceptions":"Yes. RPP holders are exempt from time limits.","from_time":"8am","to_time":"6pm","data_as_of":"2017-05-12T17:13:03.000","analysis_neighborhood":"Japantown","supervisor_district":"5","data_loaded_at":"2026-06-13T10:29:08.190",":id":"row-d7t6-w9w7.xnsa",":version":"rv-bfac~9wwf~n23b",":created_at":"2026-06-13T17:29:18.307Z",":updated_at":"2026-06-13T17:29:18.307Z"}},{"type":"Feature","geometry":{"type":"MultiLineString","coordinates":[[[-122.437150503,37.788927698],[-122.437085688,37.788612355]]]},"properties":{"objectid":"5642","agency":null,"regulation":"Time limited","days":"M-F","hours":"800-1800","hrs_begin":"800","hrs_end":"1800","regdetails":null,"modified":null,"editor":null,"rpparea1":"G","rpparea2":null,"rpparea3":null,"fid_100":"5712","length_ft":"116","conflict":"0","enacted":null,"created_us":null,"created_da":null,"last_edite":null,"last_edi_1":null,"hrlimit":"2","created_user":null,"created_date":null,"last_edited_user":"MTA","last_edited_date":"2017-05-12 17:12:59-07:00","rpp_sym":"lapis lazuli, 2.5 pt, no dash","mtab_date":null,"mtab_motion":null,"mtab_reso_text":null,"sym_rpp2":"lapis lazuli, 2.5 pt, no dash | 2, M-F, 800-1800","globalid":null,"exceptions":"Yes. RPP holders are exempt from time limits.","from_time":"8am","to_time":"6pm","data_as_of":"2017-05-12T17:12:59.000","analysis_neighborhood":"Pacific Heights","supervisor_district":"2","data_loaded_at":"2026-06-13T10:29:08.190",":id":"row-izj8~e9ue.9ud8",":version":"rv-w5hn-ca24~heu3",":created_at":"2026-06-13T17:29:18.307Z",":updated_at":"2026-06-13T17:29:18.307Z"}},{"type":"Feature","geometry":{"type":"MultiLineString","coordinates":[[[-122.446273037,37.785320828],[-122.445111597,37.785467965]]]},"properties":{"objectid":"2523","agency":null,"regulation":"Time limited","days":"M-F","hours":"800-1800","hrs_begin":"800","hrs_end":"1800","regdetails":null,"modified":null,"editor":null,"rpparea1":"G","rpparea2":null,"rpparea3":null,"fid_100":"6009","length_ft":"340","conflict":"0","enacted":null,"created_us":null,"created_da":null,"last_edite":null,"last_edi_1":null,"hrlimit":"2","created_user":null,"created_date":null,"last_edited_user":"MTA","last_edited_date":"2017-05-12 17:13:03-07:00","rpp_sym":"lapis lazuli, 2.5 pt, no dash","mtab_date":null,"mtab_motion":null,"mtab_reso_text":null,"sym_rpp2":"lapis lazuli, 2.5 pt, no dash | 2, M-F, 800-1800","globalid":null,"exceptions":"Yes. RPP holders are exempt from time limits.","from_time":"8am","to_time":"6pm","data_as_of":"2017-05-12T17:13:03.000","analysis_neighborhood":"Presidio Heights","supervisor_district":"2","data_loaded_at":"2026-06-13T10:29:08.190",":id":"row-eep4~m37h_q2at",":version":"rv-9bgt.rh8g_ej3a",":created_at":"2026-06-13T17:29:18.307Z",":updated_at":"2026-06-13T17:29:18.307Z"}},{"type":"Feature","geometry":{"type":"MultiLineString","coordinates":[[[-122.441389293,37.792404164],[-122.441252147,37.791727303]]]},"properties":{"objectid":"829","agency":null,"regulation":"Time limited","days":"M-F","hours":"800-1800","hrs_begin":"800","hrs_end":"1800","regdetails":null,"modified":null,"editor":null,"rpparea1":"G","rpparea2":null,"rpparea3":null,"fid_100":"5891","length_ft":"250","conflict":"0","enacted":null,"created_us":null,"created_da":null,"last_edite":null,"last_edi_1":null,"hrlimit":"3","created_user":null,"created_date":null,"last_edited_user":"MTA","last_edited_date":"2017-05-12 17:13:14-07:00","rpp_sym":"lapis lazuli, 2.5 pt, dash 3:1, interval 2","mtab_date":null,"mtab_motion":null,"mtab_reso_text":null,"sym_rpp2":"lapis lazuli, 2.5 pt, dash 3:1, interval 2 | 3, M-F, 800-1800","globalid":null,"exceptions":"Yes. RPP holders are exempt from time limits.","from_time":"8am","to_time":"6pm","data_as_of":"2017-05-12T17:13:14.000","analysis_neighborhood":"Pacific Heights","supervisor_district":"2","data_loaded_at":"2026-06-13T10:29:08.190",":id":"row-ughx.8twj~ns22",":version":"rv-nfgc-vw2e.ptx9",":created_at":"2026-06-13T17:29:18.307Z",":updated_at":"2026-06-13T17:29:18.307Z"}},{"type":"Feature","geometry":{"type":"MultiLineString","coordinates":[[[-122.442722698,37.79148519],[-122.44132045,37.791663575]]]},"properties":{"objectid":"5149","agency":null,"regulation":"Time limited","days":"M-F","hours":"800-1800","hrs_begin":"800","hrs_end":"1800","regdetails":null,"modified":null,"editor":null,"rpparea1":"G","rpparea2":null,"rpparea3":null,"fid_100":"5921","length_ft":"410","conflict":"0","enacted":null,"created_us":null,"created_da":null,"last_edite":null,"last_edi_1":null,"hrlimit":"3","created_user":null,"created_date":null,"last_edited_user":"MTA","last_edited_date":"2017-05-12 17:13:01-07:00","rpp_sym":"lapis lazuli, 2.5 pt, dash 3:1, interval 2","mtab_date":null,"mtab_motion":null,"mtab_reso_text":null,"sym_rpp2":"lapis lazuli, 2.5 pt, dash 3:1, interval 2 | 3, M-F, 800-1800","globalid":null,"exceptions":"Yes. RPP holders are exempt from time limits.","from_time":"8am","to_time":"6pm","data_as_of":"2017-05-12T17:13:01.000","analysis_neighborhood":"Pacific Heights","supervisor_district":"2","data_loaded_at":"2026-06-13T10:29:08.190",":id":"row-ge3j_pr5a_c93x",":version":"rv-isau-2ym9.kmrm",":created_at":"2026-06-13T17:29:18.307Z",":updated_at":"2026-06-13T17:29:18.307Z"}},{"type":"Feature","geometry":{"type":"MultiLineString","coordinates":[[[-122.434915083,37.79390889],[-122.434820033,37.793438531]]]},"properties":{"objectid":"2827","agency":null,"regulation":"Time limited","days":"M-F","hours":"800-1800","hrs_begin":"800","hrs_end":"1800","regdetails":null,"modified":null,"editor":null,"rpparea1":"G","rpparea2":"K","rpparea3":null,"fid_100":"5806","length_ft":"173","conflict":"0","enacted":null,"created_us":null,"created_da":null,"last_edite":null,"last_edi_1":null,"hrlimit":"2","created_user":null,"created_date":null,"last_edited_user":"MTA","last_edited_date":"2017-05-12 17:13:35-07:00","rpp_sym":"lapis lazuli, 2.5 pt, no dash","mtab_date":null,"mtab_motion":null,"mtab_reso_text":null,"sym_rpp2":"lapis lazuli, 2.5 pt, no dash | 2, M-F, 800-1800","globalid":null,"exceptions":"Yes. RPP holders are exempt from time limits.","from_time":"8am","to_time":"6pm","data_as_of":"2017-05-12T17:13:35.000","analysis_neighborhood":"Pacific Heights","supervisor_district":"2","data_loaded_at":"2026-06-13T10:29:08.190",":id":"row-n4p3_f4t6_c4jq",":version":"rv-th7j.j3hx_fd8q",":created_at":"2026-06-13T17:29:18.307Z",":updated_at":"2026-06-13T17:29:18.307Z"}},{"type":"Feature","geometry":{"type":"MultiLineString","coordinates":[[[-122.448927188,37.78964917],[-122.448786404,37.788951598]]]},"properties":{"objectid":"1813","agency":null,"regulation":"Time limited","days":"M-F","hours":"900-1600","hrs_begin":"900","hrs_end":"1600","regdetails":null,"modified":"2015-01-07 16:00:00-08:00","editor":"Mark C. Dreger","rpparea1":"F","rpparea2":"G","rpparea3":null,"fid_100":"6099","length_ft":"257","conflict":"0","enacted":null,"created_us":null,"created_da":null,"last_edite":null,"last_edi_1":null,"hrlimit":"2","created_user":null,"created_date":null,"last_edited_user":"MTA","last_edited_date":"2017-05-12 17:10:56-07:00","rpp_sym":"seville orange, 2.5 pt, no dash","mtab_date":null,"mtab_motion":null,"mtab_reso_text":null,"sym_rpp2":"seville orange, 2.5 pt, no dash | 2, M-F, 900-1600","globalid":null,"exceptions":"Yes. RPP holders are exempt from time limits.","from_time":"9am","to_time":"4pm","data_as_of":"2017-05-12T17:10:56.000","analysis_neighborhood":"Presidio Heights","supervisor_district":"2","data_loaded_at":"2026-06-13T10:29:08.190",":id":"row-5z6u.dq8q-a374",":version":"rv-mndh~5efy-3me3",":created_at":"2026-06-13T17:29:18.307Z",":updated_at":"2026-06-13T17:29:18.307Z"}},{"type":"Feature","geometry":{"type":"MultiLineString","coordinates":[[[-122.438618974,37.787199966],[-122.438478055,37.786503818]]]},"properties":{"objectid":"4575","agency":null,"regulation":"Time limited","days":"M-F","hours":"800-1800","hrs_begin":"800","hrs_end":"1800","regdetails":null,"modified":null,"editor":null,"rpparea1":"G","rpparea2":null,"rpparea3":null,"fid_100":"5699","length_ft":"257","conflict":"0","enacted":null,"created_us":null,"created_da":null,"last_edite":null,"last_edi_1":null,"hrlimit":"2","created_user":null,"created_date":null,"last_edited_user":"MTA","last_edited_date":"2017-05-12 17:13:25-07:00","rpp_sym":"lapis lazuli, 2.5 pt, no dash","mtab_date":null,"mtab_motion":null,"mtab_reso_text":null,"sym_rpp2":"lapis lazuli, 2.5 pt, no dash | 2, M-F, 800-1800","globalid":null,"exceptions":"Yes. RPP holders are exempt from time limits.","from_time":"8am","to_time":"6pm","data_as_of":"2017-05-12T17:13:25.000","analysis_neighborhood":"Pacific Heights","supervisor_district":"2","data_loaded_at":"2026-06-13T10:29:08.190",":id":"row-84ju~wp7s-e3ax",":version":"rv-hdtw-94u6.abxg",":created_at":"2026-06-13T17:29:18.307Z",":updated_at":"2026-06-13T17:29:18.307Z"}},{"type":"Feature","geometry":{"type":"MultiLineString","coordinates":[[[-122.439727145,37.793595734],[-122.438327737,37.793773084]]]},"properties":{"objectid":"280","agency":null,"regulation":"Time limited","days":"M-F","hours":"800-1800","hrs_begin":"800","hrs_end":"1800","regdetails":null,"modified":null,"editor":null,"rpparea1":"G","rpparea2":"K","rpparea3":null,"fid_100":"5898","length_ft":"409","conflict":"0","enacted":null,"created_us":null,"created_da":null,"last_edite":null,"last_edi_1":null,"hrlimit":"2","created_user":null,"created_date":null,"last_edited_user":"MTA","last_edited_date":"2017-05-12 17:12:58-07:00","rpp_sym":"lapis lazuli, 2.5 pt, no dash","mtab_date":null,"mtab_motion":null,"mtab_reso_text":null,"sym_rpp2":"lapis lazuli, 2.5 pt, no dash | 2, M-F, 800-1800","globalid":null,"exceptions":"Yes. RPP holders are exempt from time limits.","from_time":"8am","to_time":"6pm","data_as_of":"2017-05-12T17:12:58.000","analysis_neighborhood":"Pacific Heights","supervisor_district":"2","data_loaded_at":"2026-06-13T10:29:08.190",":id":"row-mwa3.ihui-cz6s",":version":"rv-5p7v~jdf4-jr9f",":created_at":"2026-06-13T17:29:18.307Z",":updated_at":"2026-06-13T17:29:18.307Z"}},{"type":"Feature","geometry":{"type":"MultiLineString","coordinates":[[[-122.438460662,37.78740644],[-122.437079466,37.787581946]]]},"properties":{"objectid":"4896","agency":null,"regulation":"Time limited","days":"M-F","hours":"800-1800","hrs_begin":"800","hrs_end":"1800","regdetails":null,"modified":null,"editor":null,"rpparea1":"G","rpparea2":null,"rpparea3":null,"fid_100":"5733","length_ft":"404","conflict":"0","enacted":null,"created_us":null,"created_da":null,"last_edite":null,"last_edi_1":null,"hrlimit":"2","created_user":null,"created_date":null,"last_edited_user":"MTA","last_edited_date":"2017-05-12 17:12:59-07:00","rpp_sym":"lapis lazuli, 2.5 pt, no dash","mtab_date":null,"mtab_motion":null,"mtab_reso_text":null,"sym_rpp2":"lapis lazuli, 2.5 pt, no dash | 2, M-F, 800-1800","globalid":null,"exceptions":"Yes. RPP holders are exempt from time limits.","from_time":"8am","to_time":"6pm","data_as_of":"2017-05-12T17:12:59.000","analysis_neighborhood":"Pacific Heights","supervisor_district":"2","data_loaded_at":"2026-06-13T10:29:08.190",":id":"row-ekfu~sid3-a8yj",":version":"rv-cwjz.jhqu~499y",":created_at":"2026-06-13T17:29:18.307Z",":updated_at":"2026-06-13T17:29:18.307Z"}},{"type":"Feature","geometry":{"type":"MultiLineString","coordinates":[[[-122.432277952,37.789956823],[-122.43213576,37.789253681]]]},"properties":{"objectid":"6588","agency":null,"regulation":"Time limited","days":"M-F","hours":"800-1800","hrs_begin":"800","hrs_end":"1800","regdetails":null,"modified":null,"editor":null,"rpparea1":"G","rpparea2":null,"rpparea3":null,"fid_100":"5642","length_ft":"259","conflict":"0","enacted":null,"created_us":null,"created_da":null,"last_edite":null,"last_edi_1":null,"hrlimit":"2","created_user":null,"created_date":null,"last_edited_user":"MTA","last_edited_date":"2017-05-12 17:13:13-07:00","rpp_sym":"lapis lazuli, 2.5 pt, no dash","mtab_date":null,"mtab_motion":null,"mtab_reso_text":null,"sym_rpp2":"lapis lazuli, 2.5 pt, no dash | 2, M-F, 800-1800","globalid":null,"exceptions":"Yes. RPP holders are exempt from time limits.","from_time":"8am","to_time":"6pm","data_as_of":"2017-05-12T17:13:13.000","analysis_neighborhood":"Pacific Heights","supervisor_district":"2","data_loaded_at":"2026-06-13T10:29:08.190",":id":"row-xdm6-uk8s_s39d",":version":"rv-2twx-cq5x_tkwy",":created_at":"2026-06-13T17:29:18.307Z",":updated_at":"2026-06-13T17:29:18.307Z"}},{"type":"Feature","geometry":{"type":"MultiLineString","coordinates":[[[-122.431137906,37.792851944],[-122.429731811,37.793030457]]]},"properties":{"objectid":"3336","agency":null,"regulation":"Time limited","days":"M-F","hours":"800-1800","hrs_begin":"800","hrs_end":"1800","regdetails":null,"modified":null,"editor":null,"rpparea1":"G","rpparea2":null,"rpparea3":null,"fid_100":"5871","length_ft":"411","conflict":"0","enacted":null,"created_us":null,"created_da":null,"last_edite":null,"last_edi_1":null,"hrlimit":"2","created_user":null,"created_date":null,"last_edited_user":"MTA","last_edited_date":"2017-05-12 17:13:23-07:00","rpp_sym":"lapis lazuli, 2.5 pt, no dash","mtab_date":null,"mtab_motion":null,"mtab_reso_text":null,"sym_rpp2":"lapis lazuli, 2.5 pt, no dash | 2, M-F, 800-1800","globalid":null,"exceptions":"Yes. RPP holders are exempt from time limits.","from_time":"8am","to_time":"6pm","data_as_of":"2017-05-12T17:13:23.000","analysis_neighborhood":"Pacific Heights","supervisor_district":"2","data_loaded_at":"2026-06-13T10:29:08.190",":id":"row-k8d4-a9ee_7bun",":version":"rv-hjyq.2rj7~xtsv",":created_at":"2026-06-13T17:29:18.307Z",":updated_at":"2026-06-13T17:29:18.307Z"}},{"type":"Feature","geometry":null,"properties":{"objectid":"2353","agency":null,"regulation":"Time limited","days":"M-F","hours":"800-1800","hrs_begin":"800","hrs_end":"1800","regdetails":null,"modified":null,"editor":null,"rpparea1":"C","rpparea2":"G","rpparea3":null,"fid_100":"6111","length_ft":"0","conflict":"0","enacted":null,"created_us":null,"created_da":null,"last_edite":null,"last_edi_1":null,"hrlimit":"2","created_user":null,"created_date":null,"last_edited_user":"MTA","last_edited_date":"2017-05-12 17:13:02-07:00","rpp_sym":"lapis lazuli, 2.5 pt, no dash","mtab_date":null,"mtab_motion":null,"mtab_reso_text":null,"sym_rpp2":"lapis lazuli, 2.5 pt, no dash | 2, M-F, 800-1800","globalid":null,"exceptions":"Yes. RPP holders are exempt from time limits.","from_time":"8am","to_time":"6pm","data_as_of":"2017-05-12T17:13:02.000","analysis_neighborhood":null,"supervisor_district":null,"data_loaded_at":"2026-06-13T10:29:08.190",":id":"row-iyyd_mx3w~auhf",":version":"rv-f9ct~fb97_799x",":created_at":"2026-06-13T17:29:18.307Z",":updated_at":"2026-06-13T17:29:18.307Z"}},{"type":"Feature","geometry":{"type":"MultiLineString","coordinates":[[[-122.438835153,37.789176136],[-122.437425155,37.789354249]]]},"properties":{"objectid":"42","agency":null,"regulation":"Time limited","days":"M-F","hours":"800-1800","hrs_begin":"800","hrs_end":"1800","regdetails":null,"modified":null,"editor":null,"rpparea1":"G","rpparea2":null,"rpparea3":null,"fid_100":"5749","length_ft":"413","conflict":"0","enacted":null,"created_us":null,"created_da":null,"last_edite":null,"last_edi_1":null,"hrlimit":"2","created_user":null,"created_date":null,"last_edited_user":"MTA","last_edited_date":"2017-05-12 17:13:15-07:00","rpp_sym":"lapis lazuli, 2.5 pt, no dash","mtab_date":null,"mtab_motion":null,"mtab_reso_text":null,"sym_rpp2":"lapis lazuli, 2.5 pt, no dash | 2, M-F, 800-1800","globalid":null,"exceptions":"Yes. RPP holders are exempt from time limits.","from_time":"8am","to_time":"6pm","data_as_of":"2017-05-12T17:13:15.000","analysis_neighborhood":"Pacific Heights","supervisor_district":"2","data_loaded_at":"2026-06-13T10:29:08.190",":id":"row-e2m3.qrqx~pyrf",":version":"rv-fv9u_vwwf~e6jt",":created_at":"2026-06-13T17:29:18.307Z",":updated_at":"2026-06-13T17:29:18.307Z"}},{"type":"Feature","geometry":{"type":"MultiLineString","coordinates":[[[-122.442884746,37.792258685],[-122.442644506,37.792289792]]]},"properties":{"objectid":"4475","agency":null,"regulation":"Time limited","days":"M-F","hours":"800-1800","hrs_begin":"800","hrs_end":"1800","regdetails":null,"modified":null,"editor":null,"rpparea1":"G","rpparea2":null,"rpparea3":null,"fid_100":"5897","length_ft":"70","conflict":"0","enacted":null,"created_us":null,"created_da":null,"last_edite":null,"last_edi_1":null,"hrlimit":"3","created_user":null,"created_date":null,"last_edited_user":"MTA","last_edited_date":"2017-05-12 17:13:37-07:00","rpp_sym":"lapis lazuli, 2.5 pt, dash 3:1, interval 2","mtab_date":null,"mtab_motion":null,"mtab_reso_text":null,"sym_rpp2":"lapis lazuli, 2.5 pt, dash 3:1, interval 2 | 3, M-F, 800-1800","globalid":null,"exceptions":"Yes. RPP holders are exempt from time limits.","from_time":"8am","to_time":"6pm","data_as_of":"2017-05-12T17:13:37.000","analysis_neighborhood":"Pacific Heights","supervisor_district":"2","data_loaded_at":"2026-06-13T10:29:08.190",":id":"row-e4kv~tic9~h7t9",":version":"rv-7uvq-8ucd_m6yu",":created_at":"2026-06-13T17:29:18.307Z",":updated_at":"2026-06-13T17:29:18.307Z"}},{"type":"Feature","geometry":{"type":"MultiLineString","coordinates":[[[-122.438294364,37.786291445],[-122.438152077,37.785588534]]]},"properties":{"objectid":"16321","agency":null,"regulation":"Time limited","days":"M-F","hours":"800-1800","hrs_begin":"800","hrs_end":"1800","regdetails":null,"modified":null,"editor":null,"rpparea1":"G","rpparea2":null,"rpparea3":null,"fid_100":"5700","length_ft":"259","conflict":"0","enacted":null,"created_us":null,"created_da":null,"last_edite":null,"last_edi_1":null,"hrlimit":"2","created_user":"RAYNELLCOOPER","created_date":"2024-01-04 15:51:06-08:00","last_edited_user":"RAYNELLCOOPER","last_edited_date":"2024-01-04 15:51:19-08:00","rpp_sym":"lapis lazuli, 2.5 pt, no dash","mtab_date":null,"mtab_motion":null,"mtab_reso_text":null,"sym_rpp2":"lapis lazuli, 2.5 pt, no dash | 2, M-F, 800-1800","globalid":null,"exceptions":"Yes. RPP holders are exempt from time limits.","from_time":"8am","to_time":"6pm","data_as_of":"2024-01-04T15:51:19.000","analysis_neighborhood":"Pacific Heights","supervisor_district":"2","data_loaded_at":"2026-06-13T10:29:08.190",":id":"row-j3am.zumn-sb7z",":version":"rv-bfuf_atkh-sprr",":created_at":"2026-06-13T17:29:18.307Z",":updated_at":"2026-06-13T17:29:18.307Z"}},{"type":"Feature","geometry":{"type":"MultiLineString","coordinates":[[[-122.428788888,37.789633323],[-122.427401014,37.789809765]]]},"properties":{"objectid":"2363","agency":null,"regulation":"Time limited","days":"M-F","hours":"800-1800","hrs_begin":"800","hrs_end":"1800","regdetails":null,"modified":null,"editor":null,"rpparea1":"G","rpparea2":null,"rpparea3":null,"fid_100":"5566","length_ft":"406","conflict":"0","enacted":null,"created_us":null,"created_da":null,"last_edite":null,"last_edi_1":null,"hrlimit":"2","created_user":null,"created_date":null,"last_edited_user":"MTA","last_edited_date":"2017-05-12 17:13:36-07:00","rpp_sym":"lapis lazuli, 2.5 pt, no dash","mtab_date":null,"mtab_motion":null,"mtab_reso_text":null,"sym_rpp2":"lapis lazuli, 2.5 pt, no dash | 2, M-F, 800-1800","globalid":null,"exceptions":"Yes. RPP holders are exempt from time limits.","from_time":"8am","to_time":"6pm","data_as_of":"2017-05-12T17:13:36.000","analysis_neighborhood":"Pacific Heights","supervisor_district":"2","data_loaded_at":"2026-06-13T10:29:08.190",":id":"row-kd9s_yrzh_mm4x",":version":"rv-urjw-cs2i-pdgn",":created_at":"2026-06-13T17:29:18.307Z",":updated_at":"2026-06-13T17:29:18.307Z"}},{"type":"Feature","geometry":{"type":"MultiLineString","coordinates":[[[-122.431363291,37.793681255],[-122.431224779,37.792995789]]]},"properties":{"objectid":"7408","agency":null,"regulation":"Time limited","days":"M-F","hours":"800-1800","hrs_begin":"800","hrs_end":"1800","regdetails":null,"modified":null,"editor":null,"rpparea1":"G","rpparea2":null,"rpparea3":null,"fid_100":"5820","length_ft":"253","conflict":"0","enacted":null,"created_us":null,"created_da":null,"last_edite":null,"last_edi_1":null,"hrlimit":"2","created_user":null,"created_date":null,"last_edited_user":"MTA","last_edited_date":"2017-05-12 17:13:01-07:00","rpp_sym":"lapis lazuli, 2.5 pt, no dash","mtab_date":null,"mtab_motion":null,"mtab_reso_text":null,"sym_rpp2":"lapis lazuli, 2.5 pt, no dash | 2, M-F, 800-1800","globalid":null,"exceptions":"Yes. RPP holders are exempt from time limits.","from_time":"8am","to_time":"6pm","data_as_of":"2017-05-12T17:13:01.000","analysis_neighborhood":"Pacific Heights","supervisor_district":"2","data_loaded_at":"2026-06-13T10:29:08.190",":id":"row-qwjn_skaz.fe7v",":version":"rv-ruqp-if9h~mqqs",":created_at":"2026-06-13T17:29:18.307Z",":updated_at":"2026-06-13T17:29:18.307Z"}},{"type":"Feature","geometry":{"type":"MultiLineString","coordinates":[[[-122.432594609,37.791763972],[-122.43120664,37.791939994]]]},"properties":{"objectid":"6111","agency":null,"regulation":"Time limited","days":"M-F","hours":"800-1800","hrs_begin":"800","hrs_end":"1800","regdetails":null,"modified":null,"editor":null,"rpparea1":"G","rpparea2":null,"rpparea3":null,"fid_100":"5876","length_ft":"406","conflict":"0","enacted":null,"created_us":null,"created_da":null,"last_edite":null,"last_edi_1":null,"hrlimit":"2","created_user":null,"created_date":null,"last_edited_user":"MTA","last_edited_date":"2017-05-12 17:13:39-07:00","rpp_sym":"lapis lazuli, 2.5 pt, no dash","mtab_date":null,"mtab_motion":null,"mtab_reso_text":null,"sym_rpp2":"lapis lazuli, 2.5 pt, no dash | 2, M-F, 800-1800","globalid":null,"exceptions":"Yes. RPP holders are exempt from time limits.","from_time":"8am","to_time":"6pm","data_as_of":"2017-05-12T17:13:39.000","analysis_neighborhood":"Pacific Heights","supervisor_district":"2","data_loaded_at":"2026-06-13T10:29:08.190",":id":"row-cyav_wwci~e5cb",":version":"rv-28hx.sjri-nvjd",":created_at":"2026-06-13T17:29:18.307Z",":updated_at":"2026-06-13T17:29:18.307Z"}},{"type":"Feature","geometry":{"type":"MultiLineString","coordinates":[[[-122.419117292,37.791767843],[-122.41771426,37.791945865]]]},"properties":{"objectid":"2527","agency":null,"regulation":"Time limited","days":"M-Sa","hours":"800-2100","hrs_begin":"800","hrs_end":"2100","regdetails":null,"modified":null,"editor":null,"rpparea1":"C","rpparea2":"G","rpparea3":null,"fid_100":"4895","length_ft":"411","conflict":"0","enacted":null,"created_us":null,"created_da":null,"last_edite":null,"last_edi_1":null,"hrlimit":"2","created_user":null,"created_date":null,"last_edited_user":"MTA","last_edited_date":"2017-05-12 17:17:30-07:00","rpp_sym":"black, 2.5 pt, no dash","mtab_date":null,"mtab_motion":null,"mtab_reso_text":null,"sym_rpp2":"black, 2.5 pt, no dash | 2, M-Sa, 800-2100","globalid":null,"exceptions":"Yes. RPP holders are exempt from time limits.","from_time":"8am","to_time":"9pm","data_as_of":"2017-05-12T17:17:30.000","analysis_neighborhood":"Nob Hill","supervisor_district":"3","data_loaded_at":"2026-06-13T10:29:08.190",":id":"row-qdww_pdna~br53",":version":"rv-ue7d~f3bt_9fdj",":created_at":"2026-06-13T17:29:18.307Z",":updated_at":"2026-06-13T17:29:18.307Z"}},{"type":"Feature","geometry":{"type":"MultiLineString","coordinates":[[[-122.429608214,37.786613144],[-122.428734424,37.786724167]]]},"properties":{"objectid":"6395","agency":null,"regulation":"Time limited","days":"M-F","hours":"800-1800","hrs_begin":"800","hrs_end":"1800","regdetails":null,"modified":null,"editor":null,"rpparea1":"G","rpparea2":null,"rpparea3":null,"fid_100":"5635","length_ft":"256","conflict":"0","enacted":null,"created_us":null,"created_da":null,"last_edite":null,"last_edi_1":null,"hrlimit":"2","created_user":null,"created_date":null,"last_edited_user":"MTA","last_edited_date":"2017-05-12 17:13:23-07:00","rpp_sym":"lapis lazuli, 2.5 pt, no dash","mtab_date":null,"mtab_motion":null,"mtab_reso_text":null,"sym_rpp2":"lapis lazuli, 2.5 pt, no dash | 2, M-F, 800-1800","globalid":null,"exceptions":"Yes. RPP holders are exempt from time limits.","from_time":"8am","to_time":"6pm","data_as_of":"2017-05-12T17:13:23.000","analysis_neighborhood":"Pacific Heights","supervisor_district":"5","data_loaded_at":"2026-06-13T10:29:08.190",":id":"row-699a~njym_vdz6",":version":"rv-6j6d_5d3t_3973",":created_at":"2026-06-13T17:29:18.307Z",":updated_at":"2026-06-13T17:29:18.307Z"}},{"type":"Feature","geometry":{"type":"MultiLineString","coordinates":[[[-122.437497746,37.79034586],[-122.435990659,37.790537611]]]},"properties":{"objectid":"3859","agency":null,"regulation":"Time limited","days":"M-F","hours":"800-1800","hrs_begin":"800","hrs_end":"1800","regdetails":null,"modified":null,"editor":null,"rpparea1":"G","rpparea2":null,"rpparea3":null,"fid_100":"5755","length_ft":"441","conflict":"0","enacted":null,"created_us":null,"created_da":null,"last_edite":null,"last_edi_1":null,"hrlimit":"2","created_user":null,"created_date":null,"last_edited_user":"MTA","last_edited_date":"2017-05-12 17:13:35-07:00","rpp_sym":"lapis lazuli, 2.5 pt, no dash","mtab_date":null,"mtab_motion":null,"mtab_reso_text":null,"sym_rpp2":"lapis lazuli, 2.5 pt, no dash | 2, M-F, 800-1800","globalid":null,"exceptions":"Yes. RPP holders are exempt from time limits.","from_time":"8am","to_time":"6pm","data_as_of":"2017-05-12T17:13:35.000","analysis_neighborhood":"Pacific Heights","supervisor_district":"2","data_loaded_at":"2026-06-13T10:29:08.190",":id":"row-5yer.nsm6_6ujx",":version":"rv-fw7g-yiht.828q",":created_at":"2026-06-13T17:29:18.307Z",":updated_at":"2026-06-13T17:29:18.307Z"}},{"type":"Feature","geometry":{"type":"MultiLineString","coordinates":[[[-122.425427492,37.788593302],[-122.425485795,37.788881249]]]},"properties":{"objectid":"3240","agency":null,"regulation":"Time limited","days":"M-F","hours":"800-1800","hrs_begin":"800","hrs_end":"1800","regdetails":null,"modified":null,"editor":null,"rpparea1":"G","rpparea2":null,"rpparea3":null,"fid_100":"5629","length_ft":"106","conflict":"0","enacted":null,"created_us":null,"created_da":null,"last_edite":null,"last_edi_1":null,"hrlimit":"2","created_user":null,"created_date":null,"last_edited_user":"MTA","last_edited_date":"2017-05-12 17:13:23-07:00","rpp_sym":"lapis lazuli, 2.5 pt, no dash","mtab_date":null,"mtab_motion":null,"mtab_reso_text":null,"sym_rpp2":"lapis lazuli, 2.5 pt, no dash | 2, M-F, 800-1800","globalid":null,"exceptions":"Yes. RPP holders are exempt from time limits.","from_time":"8am","to_time":"6pm","data_as_of":"2017-05-12T17:13:23.000","analysis_neighborhood":"Pacific Heights","supervisor_district":"5","data_loaded_at":"2026-06-13T10:29:08.190",":id":"row-yrpk-b2i7_cf6t",":version":"rv-s3jq-viz2-d4ua",":created_at":"2026-06-13T17:29:18.307Z",":updated_at":"2026-06-13T17:29:18.307Z"}},{"type":"Feature","geometry":{"type":"MultiLineString","coordinates":[[[-122.430233139,37.788451647],[-122.428833965,37.788630001]]]},"properties":{"objectid":"2694","agency":null,"regulation":"Time limited","days":"M-F","hours":"800-1800","hrs_begin":"800","hrs_end":"1800","regdetails":null,"modified":null,"editor":null,"rpparea1":"G","rpparea2":null,"rpparea3":null,"fid_100":"5583","length_ft":"409","conflict":"0","enacted":null,"created_us":null,"created_da":null,"last_edite":null,"last_edi_1":null,"hrlimit":"2","created_user":null,"created_date":null,"last_edited_user":"MTA","last_edited_date":"2017-05-12 17:13:23-07:00","rpp_sym":"lapis lazuli, 2.5 pt, no dash","mtab_date":null,"mtab_motion":null,"mtab_reso_text":null,"sym_rpp2":"lapis lazuli, 2.5 pt, no dash | 2, M-F, 800-1800","globalid":null,"exceptions":"Yes. RPP holders are exempt from time limits.","from_time":"8am","to_time":"6pm","data_as_of":"2017-05-12T17:13:23.000","analysis_neighborhood":"Pacific Heights","supervisor_district":"5","data_loaded_at":"2026-06-13T10:29:08.190",":id":"row-f934-6zkv-gghk",":version":"rv-25j8_vzsa.b34a",":created_at":"2026-06-13T17:29:18.307Z",":updated_at":"2026-06-13T17:29:18.307Z"}},{"type":"Feature","geometry":{"type":"MultiLineString","coordinates":[[[-122.426609477,37.795206231],[-122.426467521,37.794503533]]]},"properties":{"objectid":"3981","agency":null,"regulation":"Time limited","days":"M-F","hours":"800-1800","hrs_begin":"800","hrs_end":"1800","regdetails":null,"modified":null,"editor":null,"rpparea1":"G","rpparea2":"K","rpparea3":null,"fid_100":"5835","length_ft":"259","conflict":"0","enacted":null,"created_us":null,"created_da":null,"last_edite":null,"last_edi_1":null,"hrlimit":"2","created_user":null,"created_date":null,"last_edited_user":"MTA","last_edited_date":"2017-05-12 17:13:10-07:00","rpp_sym":"lapis lazuli, 2.5 pt, no dash","mtab_date":null,"mtab_motion":null,"mtab_reso_text":null,"sym_rpp2":"lapis lazuli, 2.5 pt, no dash | 2, M-F, 800-1800","globalid":null,"exceptions":"Yes. RPP holders are exempt from time limits.","from_time":"8am","to_time":"6pm","data_as_of":"2017-05-12T17:13:10.000","analysis_neighborhood":"Pacific Heights","supervisor_district":"2","data_loaded_at":"2026-06-13T10:29:08.190",":id":"row-ra9c-7x52~38dm",":version":"rv-wdfy-9idq~qp8v",":created_at":"2026-06-13T17:29:18.307Z",":updated_at":"2026-06-13T17:29:18.307Z"}},{"type":"Feature","geometry":{"type":"MultiLineString","coordinates":[[[-122.439914007,37.786266058],[-122.438524557,37.786442799]]]},"properties":{"objectid":"881","agency":null,"regulation":"Time limited","days":"M-F","hours":"800-1800","hrs_begin":"800","hrs_end":"1800","regdetails":null,"modified":null,"editor":null,"rpparea1":"G","rpparea2":null,"rpparea3":null,"fid_100":"5698","length_ft":"407","conflict":"0","enacted":null,"created_us":null,"created_da":null,"last_edite":null,"last_edi_1":null,"hrlimit":"2","created_user":null,"created_date":null,"last_edited_user":"MTA","last_edited_date":"2017-05-12 17:13:00-07:00","rpp_sym":"lapis lazuli, 2.5 pt, no dash","mtab_date":null,"mtab_motion":null,"mtab_reso_text":null,"sym_rpp2":"lapis lazuli, 2.5 pt, no dash | 2, M-F, 800-1800","globalid":null,"exceptions":"Yes. RPP holders are exempt from time limits.","from_time":"8am","to_time":"6pm","data_as_of":"2017-05-12T17:13:00.000","analysis_neighborhood":"Pacific Heights","supervisor_district":"2","data_loaded_at":"2026-06-13T10:29:08.190",":id":"row-rr37~hvfi.ncdj",":version":"rv-cqu7.7s8z-nexx",":created_at":"2026-06-13T17:29:18.307Z",":updated_at":"2026-06-13T17:29:18.307Z"}},{"type":"Feature","geometry":{"type":"MultiLineString","coordinates":[[[-122.424911247,37.795465654],[-122.423619267,37.79563111]]]},"properties":{"objectid":"1423","agency":null,"regulation":"Time limited","days":"M-F","hours":"800-1800","hrs_begin":"800","hrs_end":"1800","regdetails":null,"modified":"2015-01-08 16:00:00-08:00","editor":"Mark C. Dreger","rpparea1":"G","rpparea2":"K","rpparea3":null,"fid_100":"5847","length_ft":"378","conflict":"0","enacted":null,"created_us":null,"created_da":null,"last_edite":null,"last_edi_1":null,"hrlimit":"2","created_user":null,"created_date":null,"last_edited_user":"MTA","last_edited_date":"2017-05-12 17:13:11-07:00","rpp_sym":"lapis lazuli, 2.5 pt, no dash","mtab_date":null,"mtab_motion":null,"mtab_reso_text":null,"sym_rpp2":"lapis lazuli, 2.5 pt, no dash | 2, M-F, 800-1800","globalid":null,"exceptions":"Yes. RPP holders are exempt from time limits.","from_time":"8am","to_time":"6pm","data_as_of":"2017-05-12T17:13:11.000","analysis_neighborhood":"Pacific Heights","supervisor_district":"2","data_loaded_at":"2026-06-13T10:29:08.190",":id":"row-b32i.ge7v~svaw",":version":"rv-xdpp~xsvp.njkr",":created_at":"2026-06-13T17:29:18.307Z",":updated_at":"2026-06-13T17:29:18.307Z"}},{"type":"Feature","geometry":{"type":"MultiLineString","coordinates":[[[-122.440102262,37.787199012],[-122.438721237,37.787374868]]]},"properties":{"objectid":"2290","agency":null,"regulation":"Time limited","days":"M-F","hours":"800-1800","hrs_begin":"800","hrs_end":"1800","regdetails":null,"modified":null,"editor":null,"rpparea1":"G","rpparea2":null,"rpparea3":null,"fid_100":"5735","length_ft":"404","conflict":"0","enacted":null,"created_us":null,"created_da":null,"last_edite":null,"last_edi_1":null,"hrlimit":"2","created_user":null,"created_date":null,"last_edited_user":"MTA","last_edited_date":"2017-05-12 17:13:26-07:00","rpp_sym":"lapis lazuli, 2.5 pt, no dash","mtab_date":null,"mtab_motion":null,"mtab_reso_text":null,"sym_rpp2":"lapis lazuli, 2.5 pt, no dash | 2, M-F, 800-1800","globalid":null,"exceptions":"Yes. RPP holders are exempt from time limits.","from_time":"8am","to_time":"6pm","data_as_of":"2017-05-12T17:13:26.000","analysis_neighborhood":"Pacific Heights","supervisor_district":"2","data_loaded_at":"2026-06-13T10:29:08.190",":id":"row-tt96-mdpj~rev2",":version":"rv-bqg3.tm86~gg7c",":created_at":"2026-06-13T17:29:18.307Z",":updated_at":"2026-06-13T17:29:18.307Z"}},{"type":"Feature","geometry":{"type":"MultiLineString","coordinates":[[[-122.430984773,37.792075881],[-122.429567898,37.792255886]]]},"properties":{"objectid":"1478","agency":null,"regulation":"Time limited","days":"M-F","hours":"800-1800","hrs_begin":"800","hrs_end":"1800","regdetails":null,"modified":null,"editor":null,"rpparea1":"G","rpparea2":null,"rpparea3":null,"fid_100":"5866","length_ft":"415","conflict":"0","enacted":null,"created_us":null,"created_da":null,"last_edite":null,"last_edi_1":null,"hrlimit":"2","created_user":null,"created_date":null,"last_edited_user":"MTA","last_edited_date":"2017-05-12 17:12:59-07:00","rpp_sym":"lapis lazuli, 2.5 pt, no dash","mtab_date":null,"mtab_motion":null,"mtab_reso_text":null,"sym_rpp2":"lapis lazuli, 2.5 pt, no dash | 2, M-F, 800-1800","globalid":null,"exceptions":"Yes. RPP holders are exempt from time limits.","from_time":"8am","to_time":"6pm","data_as_of":"2017-05-12T17:12:59.000","analysis_neighborhood":"Pacific Heights","supervisor_district":"2","data_loaded_at":"2026-06-13T10:29:08.190",":id":"row-w3bu-erce~9fgk",":version":"rv-ws6a.x4xd.za5y",":created_at":"2026-06-13T17:29:18.307Z",":updated_at":"2026-06-13T17:29:18.307Z"}},{"type":"Feature","geometry":{"type":"MultiLineString","coordinates":[[[-122.432079209,37.788974034],[-122.43193985,37.788284882]]]},"properties":{"objectid":"1614","agency":null,"regulation":"Time limited","days":"M-F","hours":"800-1800","hrs_begin":"800","hrs_end":"1800","regdetails":null,"modified":null,"editor":null,"rpparea1":"G","rpparea2":null,"rpparea3":null,"fid_100":"5602","length_ft":"254","conflict":"0","enacted":null,"created_us":null,"created_da":null,"last_edite":null,"last_edi_1":null,"hrlimit":"2","created_user":null,"created_date":null,"last_edited_user":"MTA","last_edited_date":"2017-05-12 17:13:23-07:00","rpp_sym":"lapis lazuli, 2.5 pt, no dash","mtab_date":null,"mtab_motion":null,"mtab_reso_text":null,"sym_rpp2":"lapis lazuli, 2.5 pt, no dash | 2, M-F, 800-1800","globalid":null,"exceptions":"Yes. RPP holders are exempt from time limits.","from_time":"8am","to_time":"6pm","data_as_of":"2017-05-12T17:13:23.000","analysis_neighborhood":"Pacific Heights","supervisor_district":"2","data_loaded_at":"2026-06-13T10:29:08.190",":id":"row-rwqg.6fic_3fep",":version":"rv-rs24~fu4q~vnvh",":created_at":"2026-06-13T17:29:18.307Z",":updated_at":"2026-06-13T17:29:18.307Z"}},{"type":"Feature","geometry":{"type":"MultiLineString","coordinates":[[[-122.428577233,37.788661937],[-122.427197334,37.788837158]]]},"properties":{"objectid":"4387","agency":null,"regulation":"Time limited","days":"M-F","hours":"800-1800","hrs_begin":"800","hrs_end":"1800","regdetails":null,"modified":null,"editor":null,"rpparea1":"G","rpparea2":null,"rpparea3":null,"fid_100":"5585","length_ft":"404","conflict":"0","enacted":null,"created_us":null,"created_da":null,"last_edite":null,"last_edi_1":null,"hrlimit":"2","created_user":null,"created_date":null,"last_edited_user":"MTA","last_edited_date":"2017-05-12 17:13:15-07:00","rpp_sym":"lapis lazuli, 2.5 pt, no dash","mtab_date":null,"mtab_motion":null,"mtab_reso_text":null,"sym_rpp2":"lapis lazuli, 2.5 pt, no dash | 2, M-F, 800-1800","globalid":null,"exceptions":"Yes. RPP holders are exempt from time limits.","from_time":"8am","to_time":"6pm","data_as_of":"2017-05-12T17:13:15.000","analysis_neighborhood":"Pacific Heights","supervisor_district":"5","data_loaded_at":"2026-06-13T10:29:08.190",":id":"row-5e6p~yq9w-y9pu",":version":"rv-kxdr.hssn.pb94",":created_at":"2026-06-13T17:29:18.307Z",":updated_at":"2026-06-13T17:29:18.307Z"}},{"type":"Feature","geometry":{"type":"MultiLineString","coordinates":[[[-122.426767276,37.787942618],[-122.425376424,37.788120601]]]},"properties":{"objectid":"5261","agency":null,"regulation":"Time limited","days":"M-F","hours":"800-1800","hrs_begin":"800","hrs_end":"1800","regdetails":null,"modified":null,"editor":null,"rpparea1":"G","rpparea2":null,"rpparea3":null,"fid_100":"5591","length_ft":"407","conflict":"0","enacted":null,"created_us":null,"created_da":null,"last_edite":null,"last_edi_1":null,"hrlimit":"2","created_user":null,"created_date":null,"last_edited_user":"MTA","last_edited_date":"2017-05-12 17:13:03-07:00","rpp_sym":"lapis lazuli, 2.5 pt, no dash","mtab_date":null,"mtab_motion":null,"mtab_reso_text":null,"sym_rpp2":"lapis lazuli, 2.5 pt, no dash | 2, M-F, 800-1800","globalid":null,"exceptions":"Yes. RPP holders are exempt from time limits.","from_time":"8am","to_time":"6pm","data_as_of":"2017-05-12T17:13:03.000","analysis_neighborhood":"Pacific Heights","supervisor_district":"5","data_loaded_at":"2026-06-13T10:29:08.190",":id":"row-paww.wv8r.svbf",":version":"rv-uxei.3yt9~inhj",":created_at":"2026-06-13T17:29:18.307Z",":updated_at":"2026-06-13T17:29:18.307Z"}},{"type":"Feature","geometry":{"type":"MultiLineString","coordinates":[[[-122.424750513,37.794680496],[-122.423964107,37.794780616]]]},"properties":{"objectid":"6185","agency":null,"regulation":"Time limited","days":"M-F","hours":"800-1800","hrs_begin":"800","hrs_end":"1800","regdetails":null,"modified":null,"editor":null,"rpparea1":"G","rpparea2":"K","rpparea3":null,"fid_100":"5849","length_ft":"230","conflict":"0","enacted":null,"created_us":null,"created_da":null,"last_edite":null,"last_edi_1":null,"hrlimit":"2","created_user":null,"created_date":null,"last_edited_user":"RAYNELLCOOPER","last_edited_date":"2024-04-29 17:21:10-07:00","rpp_sym":"lapis lazuli, 2.5 pt, no dash","mtab_date":null,"mtab_motion":null,"mtab_reso_text":null,"sym_rpp2":"lapis lazuli, 2.5 pt, no dash | 2, M-F, 800-1800","globalid":null,"exceptions":"Yes. RPP holders are exempt from time limits.","from_time":"8am","to_time":"6pm","data_as_of":"2024-04-29T17:21:10.000","analysis_neighborhood":"Pacific Heights","supervisor_district":"2","data_loaded_at":"2026-06-13T10:29:08.190",":id":"row-98qy~2j7m~ay3a",":version":"rv-mtsf_mkeh_pgm4",":created_at":"2026-06-13T17:29:18.307Z",":updated_at":"2026-06-13T17:29:18.307Z"}},{"type":"Feature","geometry":{"type":"MultiLineString","coordinates":[[[-122.429719434,37.79389542],[-122.429579355,37.793200962]]]},"properties":{"objectid":"3565","agency":null,"regulation":"Time limited","days":"M-F","hours":"800-1800","hrs_begin":"800","hrs_end":"1800","regdetails":null,"modified":null,"editor":null,"rpparea1":"G","rpparea2":null,"rpparea3":null,"fid_100":"5825","length_ft":"256","conflict":"0","enacted":null,"created_us":null,"created_da":null,"last_edite":null,"last_edi_1":null,"hrlimit":"2","created_user":null,"created_date":null,"last_edited_user":"MTA","last_edited_date":"2017-05-12 17:13:02-07:00","rpp_sym":"lapis lazuli, 2.5 pt, no dash","mtab_date":null,"mtab_motion":null,"mtab_reso_text":null,"sym_rpp2":"lapis lazuli, 2.5 pt, no dash | 2, M-F, 800-1800","globalid":null,"exceptions":"Yes. RPP holders are exempt from time limits.","from_time":"8am","to_time":"6pm","data_as_of":"2017-05-12T17:13:02.000","analysis_neighborhood":"Pacific Heights","supervisor_district":"2","data_loaded_at":"2026-06-13T10:29:08.190",":id":"row-mjk9_sazi.6ftx",":version":"rv-pqzc~z9tp-66hu",":created_at":"2026-06-13T17:29:18.307Z",":updated_at":"2026-06-13T17:29:18.307Z"}},{"type":"Feature","geometry":{"type":"MultiLineString","coordinates":[[[-122.443043382,37.793304983],[-122.441692926,37.793476521]]]},"properties":{"objectid":"1535","agency":null,"regulation":"Time limited","days":"M-F","hours":"800-1800","hrs_begin":"800","hrs_end":"1800","regdetails":null,"modified":null,"editor":null,"rpparea1":"G","rpparea2":"K","rpparea3":null,"fid_100":"6056","length_ft":"395","conflict":"0","enacted":null,"created_us":null,"created_da":null,"last_edite":null,"last_edi_1":null,"hrlimit":"3","created_user":null,"created_date":null,"last_edited_user":"MTA","last_edited_date":"2017-05-12 17:12:58-07:00","rpp_sym":"lapis lazuli, 2.5 pt, dash 3:1, interval 2","mtab_date":null,"mtab_motion":null,"mtab_reso_text":null,"sym_rpp2":"lapis lazuli, 2.5 pt, dash 3:1, interval 2 | 3, M-F, 800-1800","globalid":null,"exceptions":"Yes. RPP holders are exempt from time limits.","from_time":"8am","to_time":"6pm","data_as_of":"2017-05-12T17:12:58.000","analysis_neighborhood":"Pacific Heights","supervisor_district":"2","data_loaded_at":"2026-06-13T10:29:08.190",":id":"row-27ji~9t36-zbhz",":version":"rv-asaf~4yq3-hzqw",":created_at":"2026-06-13T17:29:18.307Z",":updated_at":"2026-06-13T17:29:18.307Z"}},{"type":"Feature","geometry":{"type":"MultiLineString","coordinates":[[[-122.444723031,37.784684627],[-122.443313578,37.784863862]]]},"properties":{"objectid":"6736","agency":null,"regulation":"Time limited","days":"M-F","hours":"800-1800","hrs_begin":"800","hrs_end":"1800","regdetails":null,"modified":null,"editor":null,"rpparea1":"G","rpparea2":null,"rpparea3":null,"fid_100":"6018","length_ft":"413","conflict":"0","enacted":null,"created_us":null,"created_da":null,"last_edite":null,"last_edi_1":null,"hrlimit":"2","created_user":null,"created_date":null,"last_edited_user":"MTA","last_edited_date":"2017-05-12 17:13:00-07:00","rpp_sym":"lapis lazuli, 2.5 pt, no dash","mtab_date":null,"mtab_motion":null,"mtab_reso_text":null,"sym_rpp2":"lapis lazuli, 2.5 pt, no dash | 2, M-F, 800-1800","globalid":null,"exceptions":"Yes. RPP holders are exempt from time limits.","from_time":"8am","to_time":"6pm","data_as_of":"2017-05-12T17:13:00.000","analysis_neighborhood":"Presidio Heights","supervisor_district":"2","data_loaded_at":"2026-06-13T10:29:08.190",":id":"row-p8ay.i6at_9cxh",":version":"rv-m3mz_kxy7_8sje",":created_at":"2026-06-13T17:29:18.307Z",":updated_at":"2026-06-13T17:29:18.307Z"}},{"type":"Feature","geometry":{"type":"MultiLineString","coordinates":[[[-122.444540102,37.782839761],[-122.444605103,37.783148372]]]},"properties":{"objectid":"5070","agency":null,"regulation":"Time limited","days":"M-F","hours":"800-1800","hrs_begin":"800","hrs_end":"1800","regdetails":null,"modified":null,"editor":null,"rpparea1":"G","rpparea2":null,"rpparea3":null,"fid_100":"6034","length_ft":"114","conflict":"0","enacted":null,"created_us":null,"created_da":null,"last_edite":null,"last_edi_1":null,"hrlimit":"2","created_user":null,"created_date":null,"last_edited_user":"MTA","last_edited_date":"2017-05-12 17:13:28-07:00","rpp_sym":"lapis lazuli, 2.5 pt, no dash","mtab_date":null,"mtab_motion":null,"mtab_reso_text":null,"sym_rpp2":"lapis lazuli, 2.5 pt, no dash | 2, M-F, 800-1800","globalid":null,"exceptions":"Yes. RPP holders are exempt from time limits.","from_time":"8am","to_time":"6pm","data_as_of":"2017-05-12T17:13:28.000","analysis_neighborhood":"Presidio Heights","supervisor_district":"2","data_loaded_at":"2026-06-13T10:29:08.190",":id":"row-9yjx-ka42_g6bw",":version":"rv-ktgm.y5zq-tx3z",":created_at":"2026-06-13T17:29:18.307Z",":updated_at":"2026-06-13T17:29:18.307Z"}},{"type":"Feature","geometry":{"type":"MultiLineString","coordinates":[[[-122.428236164,37.786787472],[-122.426820874,37.786967275]]]},"properties":{"objectid":"1977","agency":null,"regulation":"Time limited","days":"M-F","hours":"800-1800","hrs_begin":"800","hrs_end":"1800","regdetails":null,"modified":null,"editor":null,"rpparea1":"G","rpparea2":null,"rpparea3":null,"fid_100":"5637","length_ft":"414","conflict":"0","enacted":null,"created_us":null,"created_da":null,"last_edite":null,"last_edi_1":null,"hrlimit":"2","created_user":null,"created_date":null,"last_edited_user":"MTA","last_edited_date":"2017-05-12 17:13:11-07:00","rpp_sym":"lapis lazuli, 2.5 pt, no dash","mtab_date":null,"mtab_motion":null,"mtab_reso_text":null,"sym_rpp2":"lapis lazuli, 2.5 pt, no dash | 2, M-F, 800-1800","globalid":null,"exceptions":"Yes. RPP holders are exempt from time limits.","from_time":"8am","to_time":"6pm","data_as_of":"2017-05-12T17:13:11.000","analysis_neighborhood":"Pacific Heights","supervisor_district":"5","data_loaded_at":"2026-06-13T10:29:08.190",":id":"row-76ps-caar~djpw",":version":"rv-87e6-t2p4-wya3",":created_at":"2026-06-13T17:29:18.307Z",":updated_at":"2026-06-13T17:29:18.307Z"}},{"type":"Feature","geometry":{"type":"MultiLineString","coordinates":[[[-122.426207753,37.793477781],[-122.424806032,37.793655118]]]},"properties":{"objectid":"2065","agency":null,"regulation":"Time limited","days":"M-Sa","hours":"800-2300","hrs_begin":"800","hrs_end":"2300","regdetails":"MON - FRI: 8AM - 11PM; SAT: 5PM - 11PM","modified":"2015-01-08 16:00:00-08:00","editor":"Mark C. Dreger","rpparea1":"G","rpparea2":null,"rpparea3":null,"fid_100":"5858","length_ft":"410","conflict":"0","enacted":null,"created_us":null,"created_da":null,"last_edite":null,"last_edi_1":null,"hrlimit":"2","created_user":null,"created_date":null,"last_edited_user":"MTA","last_edited_date":"2017-05-12 17:19:20-07:00","rpp_sym":"leaf green, 2.5 pt, no dash","mtab_date":null,"mtab_motion":null,"mtab_reso_text":null,"sym_rpp2":"leaf green, 2.5 pt, no dash | 2, M-Sa, 800-2300","globalid":null,"exceptions":"Yes. RPP holders are exempt from time limits.","from_time":"8am","to_time":"11pm","data_as_of":"2017-05-12T17:19:20.000","analysis_neighborhood":"Pacific Heights","supervisor_district":"2","data_loaded_at":"2026-06-13T10:29:08.190",":id":"row-xcxa.ut2i.fgcj",":version":"rv-j4ye_2xfe_kj54",":created_at":"2026-06-13T17:29:18.307Z",":updated_at":"2026-06-13T17:29:18.307Z"}},{"type":"Feature","geometry":{"type":"MultiLineString","coordinates":[[[-122.44451297,37.792051993],[-122.443114327,37.792230001]]]},"properties":{"objectid":"5262","agency":null,"regulation":"Time limited","days":"M-F","hours":"800-1800","hrs_begin":"800","hrs_end":"1800","regdetails":null,"modified":null,"editor":null,"rpparea1":"G","rpparea2":null,"rpparea3":null,"fid_100":"5917","length_ft":"409","conflict":"0","enacted":null,"created_us":null,"created_da":null,"last_edite":null,"last_edi_1":null,"hrlimit":"3","created_user":null,"created_date":null,"last_edited_user":"MTA","last_edited_date":"2017-05-12 17:13:01-07:00","rpp_sym":"lapis lazuli, 2.5 pt, dash 3:1, interval 2","mtab_date":null,"mtab_motion":null,"mtab_reso_text":null,"sym_rpp2":"lapis lazuli, 2.5 pt, dash 3:1, interval 2 | 3, M-F, 800-1800","globalid":null,"exceptions":"Yes. RPP holders are exempt from time limits.","from_time":"8am","to_time":"6pm","data_as_of":"2017-05-12T17:13:01.000","analysis_neighborhood":"Pacific Heights","supervisor_district":"2","data_loaded_at":"2026-06-13T10:29:08.190",":id":"row-fadk~crgx~a6k4",":version":"rv-8k4h_zytv.3ccb",":created_at":"2026-06-13T17:29:18.307Z",":updated_at":"2026-06-13T17:29:18.307Z"}},{"type":"Feature","geometry":{"type":"MultiLineString","coordinates":[[[-122.441638914,37.785879463],[-122.441491616,37.78514593]]]},"properties":{"objectid":"5002","agency":null,"regulation":"Time limited","days":"M-F","hours":"800-1800","hrs_begin":"800","hrs_end":"1800","regdetails":null,"modified":null,"editor":null,"rpparea1":"G","rpparea2":null,"rpparea3":null,"fid_100":"6027","length_ft":"270","conflict":"0","enacted":null,"created_us":null,"created_da":null,"last_edite":null,"last_edi_1":null,"hrlimit":"2","created_user":null,"created_date":null,"last_edited_user":"MTA","last_edited_date":"2017-05-12 17:13:26-07:00","rpp_sym":"lapis lazuli, 2.5 pt, no dash","mtab_date":null,"mtab_motion":null,"mtab_reso_text":null,"sym_rpp2":"lapis lazuli, 2.5 pt, no dash | 2, M-F, 800-1800","globalid":null,"exceptions":"Yes. RPP holders are exempt from time limits.","from_time":"8am","to_time":"6pm","data_as_of":"2017-05-12T17:13:26.000","analysis_neighborhood":"Pacific Heights","supervisor_district":"2","data_loaded_at":"2026-06-13T10:29:08.190",":id":"row-cxs8~w2w6.abaf",":version":"rv-m22b-5qtt~pr7w",":created_at":"2026-06-13T17:29:18.307Z",":updated_at":"2026-06-13T17:29:18.307Z"}},{"type":"Feature","geometry":{"type":"MultiLineString","coordinates":[[[-122.440574336,37.793619068],[-122.439992793,37.793692452]]]},"properties":{"objectid":"1335","agency":null,"regulation":"Time limited","days":"M-F","hours":"800-1800","hrs_begin":"800","hrs_end":"1800","regdetails":null,"modified":null,"editor":null,"rpparea1":"G","rpparea2":"K","rpparea3":null,"fid_100":"6067","length_ft":"170","conflict":"0","enacted":null,"created_us":null,"created_da":null,"last_edite":null,"last_edi_1":null,"hrlimit":"2","created_user":null,"created_date":null,"last_edited_user":"MTA","last_edited_date":"2017-05-12 17:13:37-07:00","rpp_sym":"lapis lazuli, 2.5 pt, no dash","mtab_date":null,"mtab_motion":null,"mtab_reso_text":null,"sym_rpp2":"lapis lazuli, 2.5 pt, no dash | 2, M-F, 800-1800","globalid":null,"exceptions":"Yes. RPP holders are exempt from time limits.","from_time":"8am","to_time":"6pm","data_as_of":"2017-05-12T17:13:37.000","analysis_neighborhood":"Pacific Heights","supervisor_district":"2","data_loaded_at":"2026-06-13T10:29:08.190",":id":"row-3htz.ux2f~eune",":version":"rv-eapx-f7us~2j8y",":created_at":"2026-06-13T17:29:18.307Z",":updated_at":"2026-06-13T17:29:18.307Z"}},{"type":"Feature","geometry":{"type":"MultiLineString","coordinates":[[[-122.437234097,37.789342774],[-122.437166014,37.789004218]]]},"properties":{"objectid":"252","agency":null,"regulation":"Time limited","days":"M-F","hours":"800-1800","hrs_begin":"800","hrs_end":"1800","regdetails":null,"modified":null,"editor":null,"rpparea1":"G","rpparea2":null,"rpparea3":null,"fid_100":"5711","length_ft":"125","conflict":"0","enacted":null,"created_us":null,"created_da":null,"last_edite":null,"last_edi_1":null,"hrlimit":"2","created_user":null,"created_date":null,"last_edited_user":"MTA","last_edited_date":"2017-05-12 17:13:25-07:00","rpp_sym":"lapis lazuli, 2.5 pt, no dash","mtab_date":null,"mtab_motion":null,"mtab_reso_text":null,"sym_rpp2":"lapis lazuli, 2.5 pt, no dash | 2, M-F, 800-1800","globalid":null,"exceptions":"Yes. RPP holders are exempt from time limits.","from_time":"8am","to_time":"6pm","data_as_of":"2017-05-12T17:13:25.000","analysis_neighborhood":"Pacific Heights","supervisor_district":"2","data_loaded_at":"2026-06-13T10:29:08.190",":id":"row-qsfc~nda8.dh87",":version":"rv-wir7_3968-qee6",":created_at":"2026-06-13T17:29:18.307Z",":updated_at":"2026-06-13T17:29:18.307Z"}},{"type":"Feature","geometry":{"type":"MultiLineString","coordinates":[[[-122.436480738,37.793963019],[-122.436334371,37.793240244]]]},"properties":{"objectid":"6098","agency":null,"regulation":"Time limited","days":"M-F","hours":"800-1800","hrs_begin":"800","hrs_end":"1800","regdetails":null,"modified":null,"editor":null,"rpparea1":"G","rpparea2":"K","rpparea3":null,"fid_100":"5809","length_ft":"267","conflict":"0","enacted":null,"created_us":null,"created_da":null,"last_edite":null,"last_edi_1":null,"hrlimit":"2","created_user":null,"created_date":null,"last_edited_user":"MTA","last_edited_date":"2017-05-12 17:13:38-07:00","rpp_sym":"lapis lazuli, 2.5 pt, no dash","mtab_date":null,"mtab_motion":null,"mtab_reso_text":null,"sym_rpp2":"lapis lazuli, 2.5 pt, no dash | 2, M-F, 800-1800","globalid":null,"exceptions":"Yes. RPP holders are exempt from time limits.","from_time":"8am","to_time":"6pm","data_as_of":"2017-05-12T17:13:38.000","analysis_neighborhood":"Pacific Heights","supervisor_district":"2","data_loaded_at":"2026-06-13T10:29:08.190",":id":"row-aiav~qtbx_nnbv",":version":"rv-qkjw.csf7~m63n",":created_at":"2026-06-13T17:29:18.307Z",":updated_at":"2026-06-13T17:29:18.307Z"}},{"type":"Feature","geometry":{"type":"MultiLineString","coordinates":[[[-122.431320345,37.792799875],[-122.43117888,37.792102204]]]},"properties":{"objectid":"1953","agency":null,"regulation":"Time limited","days":"M-F","hours":"800-1800","hrs_begin":"800","hrs_end":"1800","regdetails":null,"modified":null,"editor":null,"rpparea1":"G","rpparea2":null,"rpparea3":null,"fid_100":"5869","length_ft":"257","conflict":"0","enacted":null,"created_us":null,"created_da":null,"last_edite":null,"last_edi_1":null,"hrlimit":"2","created_user":null,"created_date":null,"last_edited_user":"MTA","last_edited_date":"2017-05-12 17:13:15-07:00","rpp_sym":"lapis lazuli, 2.5 pt, no dash","mtab_date":null,"mtab_motion":null,"mtab_reso_text":null,"sym_rpp2":"lapis lazuli, 2.5 pt, no dash | 2, M-F, 800-1800","globalid":null,"exceptions":"Yes. RPP holders are exempt from time limits.","from_time":"8am","to_time":"6pm","data_as_of":"2017-05-12T17:13:15.000","analysis_neighborhood":"Pacific Heights","supervisor_district":"2","data_loaded_at":"2026-06-13T10:29:08.190",":id":"row-c9r9-big9_m5da",":version":"rv-5jhb.nica_nj9z",":created_at":"2026-06-13T17:29:18.307Z",":updated_at":"2026-06-13T17:29:18.307Z"}},{"type":"Feature","geometry":{"type":"MultiLineString","coordinates":[[[-122.439559186,37.792784272],[-122.438150092,37.792964423]]]},"properties":{"objectid":"2424","agency":null,"regulation":"Time limited","days":"M-F","hours":"800-1800","hrs_begin":"800","hrs_end":"1800","regdetails":null,"modified":null,"editor":null,"rpparea1":"G","rpparea2":"K","rpparea3":null,"fid_100":"5902","length_ft":"412","conflict":"0","enacted":null,"created_us":null,"created_da":null,"last_edite":null,"last_edi_1":null,"hrlimit":"2","created_user":null,"created_date":null,"last_edited_user":"MTA","last_edited_date":"2017-05-12 17:13:12-07:00","rpp_sym":"lapis lazuli, 2.5 pt, no dash","mtab_date":null,"mtab_motion":null,"mtab_reso_text":null,"sym_rpp2":"lapis lazuli, 2.5 pt, no dash | 2, M-F, 800-1800","globalid":null,"exceptions":"Yes. RPP holders are exempt from time limits.","from_time":"8am","to_time":"6pm","data_as_of":"2017-05-12T17:13:12.000","analysis_neighborhood":"Pacific Heights","supervisor_district":"2","data_loaded_at":"2026-06-13T10:29:08.190",":id":"row-g75x.67mz~bz5d",":version":"rv-snze_5j4d~ft94",":created_at":"2026-06-13T17:29:18.307Z",":updated_at":"2026-06-13T17:29:18.307Z"}},{"type":"Feature","geometry":{"type":"MultiLineString","coordinates":[[[-122.445474599,37.78843295],[-122.444072501,37.788611454]]]},"properties":{"objectid":"976","agency":null,"regulation":"Time limited","days":"M-F","hours":"800-1800","hrs_begin":"800","hrs_end":"1800","regdetails":null,"modified":null,"editor":null,"rpparea1":"G","rpparea2":null,"rpparea3":null,"fid_100":"5980","length_ft":"410","conflict":"0","enacted":null,"created_us":null,"created_da":null,"last_edite":null,"last_edi_1":null,"hrlimit":"2","created_user":null,"created_date":null,"last_edited_user":"MTA","last_edited_date":"2017-05-12 17:13:36-07:00","rpp_sym":"lapis lazuli, 2.5 pt, no dash","mtab_date":null,"mtab_motion":null,"mtab_reso_text":null,"sym_rpp2":"lapis lazuli, 2.5 pt, no dash | 2, M-F, 800-1800","globalid":null,"exceptions":"Yes. RPP holders are exempt from time limits.","from_time":"8am","to_time":"6pm","data_as_of":"2017-05-12T17:13:36.000","analysis_neighborhood":"Pacific Heights","supervisor_district":"2","data_loaded_at":"2026-06-13T10:29:08.190",":id":"row-3c2b~g2de-hdir",":version":"rv-egwh_j9im_dc2e",":created_at":"2026-06-13T17:29:18.307Z",":updated_at":"2026-06-13T17:29:18.307Z"}},{"type":"Feature","geometry":{"type":"MultiLineString","coordinates":[[[-122.445450705,37.788328211],[-122.444040047,37.788507348]]]},"properties":{"objectid":"2886","agency":null,"regulation":"Time limited","days":"M-F","hours":"800-1800","hrs_begin":"800","hrs_end":"1800","regdetails":null,"modified":null,"editor":null,"rpparea1":"G","rpparea2":null,"rpparea3":null,"fid_100":"5981","length_ft":"413","conflict":"0","enacted":null,"created_us":null,"created_da":null,"last_edite":null,"last_edi_1":null,"hrlimit":"2","created_user":null,"created_date":null,"last_edited_user":"MTA","last_edited_date":"2017-05-12 17:13:25-07:00","rpp_sym":"lapis lazuli, 2.5 pt, no dash","mtab_date":null,"mtab_motion":null,"mtab_reso_text":null,"sym_rpp2":"lapis lazuli, 2.5 pt, no dash | 2, M-F, 800-1800","globalid":null,"exceptions":"Yes. RPP holders are exempt from time limits.","from_time":"8am","to_time":"6pm","data_as_of":"2017-05-12T17:13:25.000","analysis_neighborhood":"Pacific Heights","supervisor_district":"2","data_loaded_at":"2026-06-13T10:29:08.190",":id":"row-we3v~h3i6_emwp",":version":"rv-db2a-67ca.fs5j",":created_at":"2026-06-13T17:29:18.307Z",":updated_at":"2026-06-13T17:29:18.307Z"}},{"type":"Feature","geometry":{"type":"MultiLineString","coordinates":[[[-122.436668418,37.788461594],[-122.435593553,37.788598321]]]},"properties":{"objectid":"7298","agency":null,"regulation":"Time limited","days":"M-F","hours":"800-1800","hrs_begin":"800","hrs_end":"1800","regdetails":null,"modified":null,"editor":null,"rpparea1":"G","rpparea2":null,"rpparea3":null,"fid_100":"5738","length_ft":"315","conflict":"0","enacted":null,"created_us":null,"created_da":null,"last_edite":null,"last_edi_1":null,"hrlimit":"2","created_user":null,"created_date":null,"last_edited_user":"MTA","last_edited_date":"2017-05-12 17:13:14-07:00","rpp_sym":"lapis lazuli, 2.5 pt, no dash","mtab_date":null,"mtab_motion":null,"mtab_reso_text":null,"sym_rpp2":"lapis lazuli, 2.5 pt, no dash | 2, M-F, 800-1800","globalid":null,"exceptions":"Yes. RPP holders are exempt from time limits.","from_time":"8am","to_time":"6pm","data_as_of":"2017-05-12T17:13:14.000","analysis_neighborhood":"Pacific Heights","supervisor_district":"2","data_loaded_at":"2026-06-13T10:29:08.190",":id":"row-enw8.kpi4-4d8x",":version":"rv-h3g3~ehq8~vk8s",":created_at":"2026-06-13T17:29:18.307Z",":updated_at":"2026-06-13T17:29:18.307Z"}},{"type":"Feature","geometry":{"type":"MultiLineString","coordinates":[[[-122.43957811,37.786176718],[-122.438503254,37.786313485]]]},"properties":{"objectid":"6365","agency":null,"regulation":"Time limited","days":"M-F","hours":"800-1800","hrs_begin":"800","hrs_end":"1800","regdetails":null,"modified":null,"editor":null,"rpparea1":"G","rpparea2":null,"rpparea3":null,"fid_100":"5697","length_ft":"315","conflict":"0","enacted":null,"created_us":null,"created_da":null,"last_edite":null,"last_edi_1":null,"hrlimit":"2","created_user":null,"created_date":null,"last_edited_user":"RAYNELLCOOPER","last_edited_date":"2024-04-29 17:21:10-07:00","rpp_sym":"lapis lazuli, 2.5 pt, no dash","mtab_date":null,"mtab_motion":null,"mtab_reso_text":null,"sym_rpp2":"lapis lazuli, 2.5 pt, no dash | 2, M-F, 800-1800","globalid":null,"exceptions":"Yes. RPP holders are exempt from time limits.","from_time":"8am","to_time":"6pm","data_as_of":"2024-04-29T17:21:10.000","analysis_neighborhood":"Pacific Heights","supervisor_district":"2","data_loaded_at":"2026-06-13T10:29:08.190",":id":"row-9saa.ieas~mr4a",":version":"rv-awyp_xj8x~m4y5",":created_at":"2026-06-13T17:29:18.307Z",":updated_at":"2026-06-13T17:29:18.307Z"}},{"type":"Feature","geometry":{"type":"MultiLineString","coordinates":[[[-122.44065047,37.789833033],[-122.439243869,37.790012623]]]},"properties":{"objectid":"7067","agency":null,"regulation":"Time limited","days":"M-F","hours":"800-1800","hrs_begin":"800","hrs_end":"1800","regdetails":null,"modified":null,"editor":null,"rpparea1":"G","rpparea2":null,"rpparea3":null,"fid_100":"5744","length_ft":"412","conflict":"0","enacted":null,"created_us":null,"created_da":null,"last_edite":null,"last_edi_1":null,"hrlimit":"2","created_user":null,"created_date":null,"last_edited_user":"MTA","last_edited_date":"2017-05-12 17:13:37-07:00","rpp_sym":"lapis lazuli, 2.5 pt, no dash","mtab_date":null,"mtab_motion":null,"mtab_reso_text":null,"sym_rpp2":"lapis lazuli, 2.5 pt, no dash | 2, M-F, 800-1800","globalid":null,"exceptions":"Yes. RPP holders are exempt from time limits.","from_time":"8am","to_time":"6pm","data_as_of":"2017-05-12T17:13:37.000","analysis_neighborhood":"Pacific Heights","supervisor_district":"2","data_loaded_at":"2026-06-13T10:29:08.190",":id":"row-igig~iyf3_d439",":version":"rv-dw9b.ngm5.6x4i",":created_at":"2026-06-13T17:29:18.307Z",":updated_at":"2026-06-13T17:29:18.307Z"}},{"type":"Feature","geometry":{"type":"MultiLineString","coordinates":[[[-122.425072037,37.787678228],[-122.425130528,37.787968217]]]},"properties":{"objectid":"1321","agency":null,"regulation":"Time limited","days":"M-F","hours":"800-1800","hrs_begin":"800","hrs_end":"1800","regdetails":null,"modified":null,"editor":null,"rpparea1":"G","rpparea2":null,"rpparea3":null,"fid_100":"5557","length_ft":"107","conflict":"0","enacted":null,"created_us":null,"created_da":null,"last_edite":null,"last_edi_1":null,"hrlimit":"2","created_user":null,"created_date":null,"last_edited_user":"MTA","last_edited_date":"2017-05-12 17:13:27-07:00","rpp_sym":"lapis lazuli, 2.5 pt, no dash","mtab_date":null,"mtab_motion":null,"mtab_reso_text":null,"sym_rpp2":"lapis lazuli, 2.5 pt, no dash | 2, M-F, 800-1800","globalid":null,"exceptions":"Yes. RPP holders are exempt from time limits.","from_time":"8am","to_time":"6pm","data_as_of":"2017-05-12T17:13:27.000","analysis_neighborhood":"Western Addition","supervisor_district":"2","data_loaded_at":"2026-06-13T10:29:08.190",":id":"row-f4h4~dsk3~ryib",":version":"rv-thub-63np-sk8t",":created_at":"2026-06-13T17:29:18.307Z",":updated_at":"2026-06-13T17:29:18.307Z"}},{"type":"Feature","geometry":{"type":"MultiLineString","coordinates":[[[-122.424938172,37.794494879],[-122.424801077,37.793815159]]]},"properties":{"objectid":"2768","agency":null,"regulation":"Time limited","days":"M-F","hours":"800-1800","hrs_begin":"800","hrs_end":"1800","regdetails":null,"modified":null,"editor":null,"rpparea1":"C","rpparea2":"G","rpparea3":null,"fid_100":"5853","length_ft":"251","conflict":"0","enacted":null,"created_us":null,"created_da":null,"last_edite":null,"last_edi_1":null,"hrlimit":"2","created_user":null,"created_date":null,"last_edited_user":"MTA","last_edited_date":"2017-05-12 17:13:10-07:00","rpp_sym":"lapis lazuli, 2.5 pt, no dash","mtab_date":null,"mtab_motion":null,"mtab_reso_text":null,"sym_rpp2":"lapis lazuli, 2.5 pt, no dash | 2, M-F, 800-1800","globalid":null,"exceptions":"Yes. RPP holders are exempt from time limits.","from_time":"8am","to_time":"6pm","data_as_of":"2017-05-12T17:13:10.000","analysis_neighborhood":"Pacific Heights","supervisor_district":"2","data_loaded_at":"2026-06-13T10:29:08.190",":id":"row-fifv~r7fs~c7x8",":version":"rv-jyai~u8bh~ejgm",":created_at":"2026-06-13T17:29:18.307Z",":updated_at":"2026-06-13T17:29:18.307Z"}},{"type":"Feature","geometry":{"type":"MultiLineString","coordinates":[[[-122.43515886,37.795115184],[-122.435011688,37.794386928]]]},"properties":{"objectid":"4322","agency":null,"regulation":"Time limited","days":"M-F","hours":"800-1800","hrs_begin":"800","hrs_end":"1800","regdetails":null,"modified":null,"editor":null,"rpparea1":"G","rpparea2":"K","rpparea3":null,"fid_100":"6072","length_ft":"269","conflict":"0","enacted":null,"created_us":null,"created_da":null,"last_edite":null,"last_edi_1":null,"hrlimit":"2","created_user":null,"created_date":null,"last_edited_user":"MTA","last_edited_date":"2017-05-12 17:13:25-07:00","rpp_sym":"lapis lazuli, 2.5 pt, no dash","mtab_date":null,"mtab_motion":null,"mtab_reso_text":null,"sym_rpp2":"lapis lazuli, 2.5 pt, no dash | 2, M-F, 800-1800","globalid":null,"exceptions":"Yes. RPP holders are exempt from time limits.","from_time":"8am","to_time":"6pm","data_as_of":"2017-05-12T17:13:25.000","analysis_neighborhood":"Pacific Heights","supervisor_district":"2","data_loaded_at":"2026-06-13T10:29:08.190",":id":"row-icpp-yxmv.dx9b",":version":"rv-wh66-52kb~44rg",":created_at":"2026-06-13T17:29:18.307Z",":updated_at":"2026-06-13T17:29:18.307Z"}},{"type":"Feature","geometry":{"type":"MultiLineString","coordinates":[[[-122.446367805,37.785618131],[-122.446336421,37.785472259]]]},"properties":{"objectid":"1767","agency":null,"regulation":"Time limited","days":"M-F","hours":"800-1800","hrs_begin":"800","hrs_end":"1800","regdetails":null,"modified":null,"editor":null,"rpparea1":"G","rpparea2":null,"rpparea3":null,"fid_100":"6002","length_ft":"54","conflict":"0","enacted":null,"created_us":null,"created_da":null,"last_edite":null,"last_edi_1":null,"hrlimit":"2","created_user":null,"created_date":null,"last_edited_user":"MTA","last_edited_date":"2017-05-12 17:13:28-07:00","rpp_sym":"lapis lazuli, 2.5 pt, no dash","mtab_date":null,"mtab_motion":null,"mtab_reso_text":null,"sym_rpp2":"lapis lazuli, 2.5 pt, no dash | 2, M-F, 800-1800","globalid":null,"exceptions":"Yes. RPP holders are exempt from time limits.","from_time":"8am","to_time":"6pm","data_as_of":"2017-05-12T17:13:28.000","analysis_neighborhood":"Presidio Heights","supervisor_district":"2","data_loaded_at":"2026-06-13T10:29:08.190",":id":"row-vgix.wyeq_dmfx",":version":"rv-gs5d~w6sg-8drb",":created_at":"2026-06-13T17:29:18.307Z",":updated_at":"2026-06-13T17:29:18.307Z"}},{"type":"Feature","geometry":{"type":"MultiLineString","coordinates":[[[-122.449415243,37.791388561],[-122.449274127,37.790683132]]]},"properties":{"objectid":"1006","agency":null,"regulation":"Time limited","days":"M-F","hours":"900-1600","hrs_begin":"900","hrs_end":"1600","regdetails":null,"modified":null,"editor":null,"rpparea1":"F","rpparea2":"G","rpparea3":null,"fid_100":"5386","length_ft":"260","conflict":"0","enacted":null,"created_us":null,"created_da":null,"last_edite":null,"last_edi_1":null,"hrlimit":"3","created_user":null,"created_date":null,"last_edited_user":"MTA","last_edited_date":"2017-05-12 17:10:56-07:00","rpp_sym":"seville orange, 2.5 pt, dash 3:1, interval 2","mtab_date":null,"mtab_motion":null,"mtab_reso_text":null,"sym_rpp2":"seville orange, 2.5 pt, dash 3:1, interval 2 | 3, M-F, 900-1600","globalid":null,"exceptions":"Yes. RPP holders are exempt from time limits.","from_time":"9am","to_time":"4pm","data_as_of":"2017-05-12T17:10:56.000","analysis_neighborhood":"Presidio Heights","supervisor_district":"2","data_loaded_at":"2026-06-13T10:29:08.190",":id":"row-rihk.b7s7-psut",":version":"rv-5bex_2zew~798n",":created_at":"2026-06-13T17:29:18.307Z",":updated_at":"2026-06-13T17:29:18.307Z"}},{"type":"Feature","geometry":{"type":"MultiLineString","coordinates":[[[-122.430066359,37.787522016],[-122.428666429,37.787700265]]]},"properties":{"objectid":"2359","agency":null,"regulation":"Time limited","days":"M-F","hours":"800-1800","hrs_begin":"800","hrs_end":"1800","regdetails":null,"modified":null,"editor":null,"rpparea1":"G","rpparea2":null,"rpparea3":null,"fid_100":"5595","length_ft":"410","conflict":"0","enacted":null,"created_us":null,"created_da":null,"last_edite":null,"last_edi_1":null,"hrlimit":"2","created_user":null,"created_date":null,"last_edited_user":"MTA","last_edited_date":"2017-05-12 17:13:01-07:00","rpp_sym":"lapis lazuli, 2.5 pt, no dash","mtab_date":null,"mtab_motion":null,"mtab_reso_text":null,"sym_rpp2":"lapis lazuli, 2.5 pt, no dash | 2, M-F, 800-1800","globalid":null,"exceptions":"Yes. RPP holders are exempt from time limits.","from_time":"8am","to_time":"6pm","data_as_of":"2017-05-12T17:13:01.000","analysis_neighborhood":"Pacific Heights","supervisor_district":"5","data_loaded_at":"2026-06-13T10:29:08.190",":id":"row-mayr~igef.qxd4",":version":"rv-thxz.46u2.23fg",":created_at":"2026-06-13T17:29:18.307Z",":updated_at":"2026-06-13T17:29:18.307Z"}},{"type":"Feature","geometry":{"type":"MultiLineString","coordinates":[[[-122.433085668,37.793105134],[-122.433155416,37.793449193]]]},"properties":{"objectid":"5874","agency":null,"regulation":"Time limited","days":"M-F","hours":"800-1800","hrs_begin":"800","hrs_end":"1800","regdetails":null,"modified":null,"editor":null,"rpparea1":"G","rpparea2":null,"rpparea3":null,"fid_100":"5802","length_ft":"127","conflict":"0","enacted":null,"created_us":null,"created_da":null,"last_edite":null,"last_edi_1":null,"hrlimit":"2","created_user":null,"created_date":null,"last_edited_user":"MTA","last_edited_date":"2017-05-12 17:13:03-07:00","rpp_sym":"lapis lazuli, 2.5 pt, no dash","mtab_date":null,"mtab_motion":null,"mtab_reso_text":null,"sym_rpp2":"lapis lazuli, 2.5 pt, no dash | 2, M-F, 800-1800","globalid":null,"exceptions":"Yes. RPP holders are exempt from time limits.","from_time":"8am","to_time":"6pm","data_as_of":"2017-05-12T17:13:03.000","analysis_neighborhood":"Pacific Heights","supervisor_district":"2","data_loaded_at":"2026-06-13T10:29:08.190",":id":"row-t3if-8kqn.46b7",":version":"rv-8x72~sirc~fab4",":created_at":"2026-06-13T17:29:18.307Z",":updated_at":"2026-06-13T17:29:18.307Z"}},{"type":"Feature","geometry":{"type":"MultiLineString","coordinates":[[[-122.431693161,37.795597131],[-122.430299438,37.795774229]]]},"properties":{"objectid":"3597","agency":null,"regulation":"Time limited","days":"M-F","hours":"800-1800","hrs_begin":"800","hrs_end":"1800","regdetails":null,"modified":null,"editor":null,"rpparea1":"G","rpparea2":"K","rpparea3":null,"fid_100":"6084","length_ft":"408","conflict":"0","enacted":null,"created_us":null,"created_da":null,"last_edite":null,"last_edi_1":null,"hrlimit":"2","created_user":null,"created_date":null,"last_edited_user":"MTA","last_edited_date":"2017-05-12 17:13:40-07:00","rpp_sym":"lapis lazuli, 2.5 pt, no dash","mtab_date":null,"mtab_motion":null,"mtab_reso_text":null,"sym_rpp2":"lapis lazuli, 2.5 pt, no dash | 2, M-F, 800-1800","globalid":null,"exceptions":"Yes. RPP holders are exempt from time limits.","from_time":"8am","to_time":"6pm","data_as_of":"2017-05-12T17:13:40.000","analysis_neighborhood":"Pacific Heights","supervisor_district":"2","data_loaded_at":"2026-06-13T10:29:08.190",":id":"row-pv7r.uwhu_a93j",":version":"rv-qmtq.cvyi_knzd",":created_at":"2026-06-13T17:29:18.307Z",":updated_at":"2026-06-13T17:29:18.307Z"}},{"type":"Feature","geometry":{"type":"MultiLineString","coordinates":[[[-122.441584096,37.785917994],[-122.441318971,37.785951725]]]},"properties":{"objectid":"6706","agency":null,"regulation":"Time limited","days":"M-F","hours":"800-1800","hrs_begin":"800","hrs_end":"1800","regdetails":null,"modified":null,"editor":null,"rpparea1":"G","rpparea2":null,"rpparea3":null,"fid_100":"6024","length_ft":"121","conflict":"0","enacted":null,"created_us":null,"created_da":null,"last_edite":null,"last_edi_1":null,"hrlimit":"2","created_user":null,"created_date":null,"last_edited_user":"RAYNELLCOOPER","last_edited_date":"2023-04-27 13:42:08-07:00","rpp_sym":"lapis lazuli, 2.5 pt, no dash","mtab_date":null,"mtab_motion":null,"mtab_reso_text":null,"sym_rpp2":"lapis lazuli, 2.5 pt, no dash | 2, M-F, 800-1800","globalid":null,"exceptions":"Yes. RPP holders are exempt from time limits.","from_time":"8am","to_time":"6pm","data_as_of":"2023-04-27T13:42:08.000","analysis_neighborhood":"Pacific Heights","supervisor_district":"2","data_loaded_at":"2026-06-13T10:29:08.190",":id":"row-wi6y.2d8e-2xax",":version":"rv-f7ai.9mcd_62r4",":created_at":"2026-06-13T17:29:18.307Z",":updated_at":"2026-06-13T17:29:18.307Z"}},{"type":"Feature","geometry":{"type":"MultiLineString","coordinates":[[[-122.431560822,37.787149443],[-122.43141317,37.786418616]]]},"properties":{"objectid":"2043","agency":null,"regulation":"Time limited","days":"M-F","hours":"800-1800","hrs_begin":"800","hrs_end":"1800","regdetails":null,"modified":null,"editor":null,"rpparea1":"G","rpparea2":null,"rpparea3":null,"fid_100":"5608","length_ft":"270","conflict":"0","enacted":null,"created_us":null,"created_da":null,"last_edite":null,"last_edi_1":null,"hrlimit":"2","created_user":null,"created_date":null,"last_edited_user":"MTA","last_edited_date":"2017-05-12 17:13:02-07:00","rpp_sym":"lapis lazuli, 2.5 pt, no dash","mtab_date":null,"mtab_motion":null,"mtab_reso_text":null,"sym_rpp2":"lapis lazuli, 2.5 pt, no dash | 2, M-F, 800-1800","globalid":null,"exceptions":"Yes. RPP holders are exempt from time limits.","from_time":"8am","to_time":"6pm","data_as_of":"2017-05-12T17:13:02.000","analysis_neighborhood":"Pacific Heights","supervisor_district":"5","data_loaded_at":"2026-06-13T10:29:08.190",":id":"row-9mmc-dd94.vug8",":version":"rv-34da_qp29-dunn",":created_at":"2026-06-13T17:29:18.307Z",":updated_at":"2026-06-13T17:29:18.307Z"}},{"type":"Feature","geometry":{"type":"MultiLineString","coordinates":[[[-122.430254967,37.787533113],[-122.430399291,37.788246887]]]},"properties":{"objectid":"1065","agency":null,"regulation":"Time limited","days":"M-F","hours":"800-1800","hrs_begin":"800","hrs_end":"1800","regdetails":null,"modified":null,"editor":null,"rpparea1":"G","rpparea2":null,"rpparea3":null,"fid_100":"5610","length_ft":"263","conflict":"0","enacted":null,"created_us":null,"created_da":null,"last_edite":null,"last_edi_1":null,"hrlimit":"2","created_user":null,"created_date":null,"last_edited_user":"MTA","last_edited_date":"2017-05-12 17:13:14-07:00","rpp_sym":"lapis lazuli, 2.5 pt, no dash","mtab_date":null,"mtab_motion":null,"mtab_reso_text":null,"sym_rpp2":"lapis lazuli, 2.5 pt, no dash | 2, M-F, 800-1800","globalid":null,"exceptions":"Yes. RPP holders are exempt from time limits.","from_time":"8am","to_time":"6pm","data_as_of":"2017-05-12T17:13:14.000","analysis_neighborhood":"Pacific Heights","supervisor_district":"5","data_loaded_at":"2026-06-13T10:29:08.190",":id":"row-r3ku_8txv_4qxk",":version":"rv-sjv6_vyip.g2u2",":created_at":"2026-06-13T17:29:18.307Z",":updated_at":"2026-06-13T17:29:18.307Z"}},{"type":"Feature","geometry":{"type":"MultiLineString","coordinates":[[[-122.435205123,37.787641183],[-122.435141405,37.787324695]]]},"properties":{"objectid":"3241","agency":null,"regulation":"Time limited","days":"M-F","hours":"800-1800","hrs_begin":"800","hrs_end":"1800","regdetails":null,"modified":null,"editor":null,"rpparea1":"G","rpparea2":null,"rpparea3":null,"fid_100":"5724","length_ft":"117","conflict":"0","enacted":null,"created_us":null,"created_da":null,"last_edite":null,"last_edi_1":null,"hrlimit":"2","created_user":null,"created_date":null,"last_edited_user":"MTA","last_edited_date":"2017-05-12 17:13:00-07:00","rpp_sym":"lapis lazuli, 2.5 pt, no dash","mtab_date":null,"mtab_motion":null,"mtab_reso_text":null,"sym_rpp2":"lapis lazuli, 2.5 pt, no dash | 2, M-F, 800-1800","globalid":null,"exceptions":"Yes. RPP holders are exempt from time limits.","from_time":"8am","to_time":"6pm","data_as_of":"2017-05-12T17:13:00.000","analysis_neighborhood":"Pacific Heights","supervisor_district":"5","data_loaded_at":"2026-06-13T10:29:08.190",":id":"row-xd48~2wcu~tgs3",":version":"rv-rsah_c9im~ya3n",":created_at":"2026-06-13T17:29:18.307Z",":updated_at":"2026-06-13T17:29:18.307Z"}},{"type":"Feature","geometry":{"type":"MultiLineString","coordinates":[[[-122.430041637,37.787393523],[-122.428641125,37.787567891]]]},"properties":{"objectid":"1192","agency":null,"regulation":"Time limited","days":"M-F","hours":"800-1800","hrs_begin":"800","hrs_end":"1800","regdetails":null,"modified":null,"editor":null,"rpparea1":"G","rpparea2":null,"rpparea3":null,"fid_100":"5596","length_ft":"410","conflict":"0","enacted":null,"created_us":null,"created_da":null,"last_edite":null,"last_edi_1":null,"hrlimit":"2","created_user":null,"created_date":null,"last_edited_user":"MTA","last_edited_date":"2017-05-12 17:13:12-07:00","rpp_sym":"lapis lazuli, 2.5 pt, no dash","mtab_date":null,"mtab_motion":null,"mtab_reso_text":null,"sym_rpp2":"lapis lazuli, 2.5 pt, no dash | 2, M-F, 800-1800","globalid":null,"exceptions":"Yes. RPP holders are exempt from time limits.","from_time":"8am","to_time":"6pm","data_as_of":"2017-05-12T17:13:12.000","analysis_neighborhood":"Pacific Heights","supervisor_district":"5","data_loaded_at":"2026-06-13T10:29:08.190",":id":"row-9hxk~m2p2-yqtg",":version":"rv-sv3u~yfmv_i22b",":created_at":"2026-06-13T17:29:18.307Z",":updated_at":"2026-06-13T17:29:18.307Z"}},{"type":"Feature","geometry":{"type":"MultiLineString","coordinates":[[[-122.427362826,37.790582973],[-122.427219803,37.789877456]]]},"properties":{"objectid":"2946","agency":null,"regulation":"Time limited","days":"M-F","hours":"800-1800","hrs_begin":"800","hrs_end":"1800","regdetails":null,"modified":null,"editor":null,"rpparea1":"G","rpparea2":null,"rpparea3":null,"fid_100":"5661","length_ft":"260","conflict":"0","enacted":null,"created_us":null,"created_da":null,"last_edite":null,"last_edi_1":null,"hrlimit":"2","created_user":null,"created_date":null,"last_edited_user":"MTA","last_edited_date":"2017-05-12 17:13:27-07:00","rpp_sym":"lapis lazuli, 2.5 pt, no dash","mtab_date":null,"mtab_motion":null,"mtab_reso_text":null,"sym_rpp2":"lapis lazuli, 2.5 pt, no dash | 2, M-F, 800-1800","globalid":null,"exceptions":"Yes. RPP holders are exempt from time limits.","from_time":"8am","to_time":"6pm","data_as_of":"2017-05-12T17:13:27.000","analysis_neighborhood":"Pacific Heights","supervisor_district":"2","data_loaded_at":"2026-06-13T10:29:08.190",":id":"row-67dc.qt8d~uxv8",":version":"rv-pkj4_36sh~ru7u",":created_at":"2026-06-13T17:29:18.307Z",":updated_at":"2026-06-13T17:29:18.307Z"}},{"type":"Feature","geometry":{"type":"MultiLineString","coordinates":[[[-122.441368649,37.793393942],[-122.440660118,37.793483933]]]},"properties":{"objectid":"1494","agency":null,"regulation":"Time limited","days":"M-F","hours":"800-1800","hrs_begin":"800","hrs_end":"1800","regdetails":null,"modified":null,"editor":null,"rpparea1":"G","rpparea2":"K","rpparea3":null,"fid_100":"5881","length_ft":"207","conflict":"0","enacted":null,"created_us":null,"created_da":null,"last_edite":null,"last_edi_1":null,"hrlimit":"2","created_user":null,"created_date":null,"last_edited_user":"MTA","last_edited_date":"2017-05-12 17:13:13-07:00","rpp_sym":"lapis lazuli, 2.5 pt, no dash","mtab_date":null,"mtab_motion":null,"mtab_reso_text":null,"sym_rpp2":"lapis lazuli, 2.5 pt, no dash | 2, M-F, 800-1800","globalid":null,"exceptions":"Yes. RPP holders are exempt from time limits.","from_time":"8am","to_time":"6pm","data_as_of":"2017-05-12T17:13:13.000","analysis_neighborhood":"Pacific Heights","supervisor_district":"2","data_loaded_at":"2026-06-13T10:29:08.190",":id":"row-d6dh.ynyp-rwme",":version":"rv-8wbr.h7s3_gf6m",":created_at":"2026-06-13T17:29:18.307Z",":updated_at":"2026-06-13T17:29:18.307Z"}},{"type":"Feature","geometry":{"type":"MultiLineString","coordinates":[[[-122.437024309,37.787635712],[-122.437174605,37.78836692]]]},"properties":{"objectid":"2478","agency":null,"regulation":"Time limited","days":"M-F","hours":"800-1800","hrs_begin":"800","hrs_end":"1800","regdetails":null,"modified":null,"editor":null,"rpparea1":"G","rpparea2":null,"rpparea3":null,"fid_100":"5707","length_ft":"270","conflict":"0","enacted":null,"created_us":null,"created_da":null,"last_edite":null,"last_edi_1":null,"hrlimit":"2","created_user":null,"created_date":null,"last_edited_user":"MTA","last_edited_date":"2017-05-12 17:13:36-07:00","rpp_sym":"lapis lazuli, 2.5 pt, no dash","mtab_date":null,"mtab_motion":null,"mtab_reso_text":null,"sym_rpp2":"lapis lazuli, 2.5 pt, no dash | 2, M-F, 800-1800","globalid":null,"exceptions":"Yes. RPP holders are exempt from time limits.","from_time":"8am","to_time":"6pm","data_as_of":"2017-05-12T17:13:36.000","analysis_neighborhood":"Pacific Heights","supervisor_district":"2","data_loaded_at":"2026-06-13T10:29:08.190",":id":"row-tm2b-b4js-gkt2",":version":"rv-gpq4-ztd6.2uux",":created_at":"2026-06-13T17:29:18.307Z",":updated_at":"2026-06-13T17:29:18.307Z"}},{"type":"Feature","geometry":{"type":"MultiLineString","coordinates":[[[-122.446337497,37.791780811],[-122.446198279,37.791092054]]]},"properties":{"objectid":"4293","agency":null,"regulation":"Time limited","days":"M-F","hours":"800-1800","hrs_begin":"800","hrs_end":"1800","regdetails":null,"modified":null,"editor":null,"rpparea1":"F","rpparea2":"G","rpparea3":null,"fid_100":"5934","length_ft":"254","conflict":"0","enacted":null,"created_us":null,"created_da":null,"last_edite":null,"last_edi_1":null,"hrlimit":"3","created_user":null,"created_date":null,"last_edited_user":"MTA","last_edited_date":"2017-05-12 17:13:00-07:00","rpp_sym":"lapis lazuli, 2.5 pt, dash 3:1, interval 2","mtab_date":null,"mtab_motion":null,"mtab_reso_text":null,"sym_rpp2":"lapis lazuli, 2.5 pt, dash 3:1, interval 2 | 3, M-F, 800-1800","globalid":null,"exceptions":"Yes. RPP holders are exempt from time limits.","from_time":"8am","to_time":"6pm","data_as_of":"2017-05-12T17:13:00.000","analysis_neighborhood":"Presidio Heights","supervisor_district":"2","data_loaded_at":"2026-06-13T10:29:08.190",":id":"row-bkbi_irm6-r6w2",":version":"rv-ash3_g6mj~gpfk",":created_at":"2026-06-13T17:29:18.307Z",":updated_at":"2026-06-13T17:29:18.307Z"}},{"type":"Feature","geometry":{"type":"MultiLineString","coordinates":[[[-122.447398475,37.790890095],[-122.446257151,37.791035268]]]},"properties":{"objectid":"3679","agency":null,"regulation":"Time limited","days":"M-F","hours":"800-1800","hrs_begin":"800","hrs_end":"1800","regdetails":null,"modified":null,"editor":null,"rpparea1":"F","rpparea2":"G","rpparea3":null,"fid_100":"5927","length_ft":"334","conflict":"0","enacted":null,"created_us":null,"created_da":null,"last_edite":null,"last_edi_1":null,"hrlimit":"3","created_user":null,"created_date":null,"last_edited_user":"MTA","last_edited_date":"2017-05-12 17:13:36-07:00","rpp_sym":"lapis lazuli, 2.5 pt, dash 3:1, interval 2","mtab_date":null,"mtab_motion":null,"mtab_reso_text":null,"sym_rpp2":"lapis lazuli, 2.5 pt, dash 3:1, interval 2 | 3, M-F, 800-1800","globalid":null,"exceptions":"Yes. RPP holders are exempt from time limits.","from_time":"8am","to_time":"6pm","data_as_of":"2017-05-12T17:13:36.000","analysis_neighborhood":"Presidio Heights","supervisor_district":"2","data_loaded_at":"2026-06-13T10:29:08.190",":id":"row-kc8z-jm73_gi8c",":version":"rv-37hz.b582~xham",":created_at":"2026-06-13T17:29:18.307Z",":updated_at":"2026-06-13T17:29:18.307Z"}},{"type":"Feature","geometry":{"type":"MultiLineString","coordinates":[[[-122.435447976,37.788847392],[-122.435515046,37.789180514]]]},"properties":{"objectid":"2485","agency":null,"regulation":"Time limited","days":"M-F","hours":"800-1800","hrs_begin":"800","hrs_end":"1800","regdetails":null,"modified":null,"editor":null,"rpparea1":"G","rpparea2":null,"rpparea3":null,"fid_100":"5720","length_ft":"123","conflict":"0","enacted":null,"created_us":null,"created_da":null,"last_edite":null,"last_edi_1":null,"hrlimit":"2","created_user":null,"created_date":null,"last_edited_user":"MTA","last_edited_date":"2017-05-12 17:13:14-07:00","rpp_sym":"lapis lazuli, 2.5 pt, no dash","mtab_date":null,"mtab_motion":null,"mtab_reso_text":null,"sym_rpp2":"lapis lazuli, 2.5 pt, no dash | 2, M-F, 800-1800","globalid":null,"exceptions":"Yes. RPP holders are exempt from time limits.","from_time":"8am","to_time":"6pm","data_as_of":"2017-05-12T17:13:14.000","analysis_neighborhood":"Pacific Heights","supervisor_district":"2","data_loaded_at":"2026-06-13T10:29:08.190",":id":"row-6rq9_tv7e.rpyg",":version":"rv-d2fz~3257-4dhq",":created_at":"2026-06-13T17:29:18.307Z",":updated_at":"2026-06-13T17:29:18.307Z"}},{"type":"Feature","geometry":{"type":"MultiLineString","coordinates":[[[-122.442344247,37.78867721],[-122.442201631,37.787974663]]]},"properties":{"objectid":"3007","agency":null,"regulation":"Time limited","days":"M-F","hours":"800-1800","hrs_begin":"800","hrs_end":"1800","regdetails":null,"modified":null,"editor":null,"rpparea1":"G","rpparea2":null,"rpparea3":null,"fid_100":"5960","length_ft":"259","conflict":"0","enacted":null,"created_us":null,"created_da":null,"last_edite":null,"last_edi_1":null,"hrlimit":"2","created_user":null,"created_date":null,"last_edited_user":"MTA","last_edited_date":"2017-05-12 17:13:11-07:00","rpp_sym":"lapis lazuli, 2.5 pt, no dash","mtab_date":null,"mtab_motion":null,"mtab_reso_text":null,"sym_rpp2":"lapis lazuli, 2.5 pt, no dash | 2, M-F, 800-1800","globalid":null,"exceptions":"Yes. RPP holders are exempt from time limits.","from_time":"8am","to_time":"6pm","data_as_of":"2017-05-12T17:13:11.000","analysis_neighborhood":"Pacific Heights","supervisor_district":"2","data_loaded_at":"2026-06-13T10:29:08.190",":id":"row-cvrr~met7-puve",":version":"rv-esdh~jpes-pjtz",":created_at":"2026-06-13T17:29:18.307Z",":updated_at":"2026-06-13T17:29:18.307Z"}},{"type":"Feature","geometry":{"type":"MultiLineString","coordinates":[[[-122.438286523,37.785557626],[-122.438432831,37.786279857]]]},"properties":{"objectid":"1098","agency":null,"regulation":"Time limited","days":"M-F","hours":"800-1800","hrs_begin":"800","hrs_end":"1800","regdetails":null,"modified":null,"editor":null,"rpparea1":"G","rpparea2":null,"rpparea3":null,"fid_100":"5696","length_ft":"266","conflict":"0","enacted":null,"created_us":null,"created_da":null,"last_edite":null,"last_edi_1":null,"hrlimit":"2","created_user":null,"created_date":null,"last_edited_user":"MTA","last_edited_date":"2017-05-12 17:13:00-07:00","rpp_sym":"lapis lazuli, 2.5 pt, no dash","mtab_date":null,"mtab_motion":null,"mtab_reso_text":null,"sym_rpp2":"lapis lazuli, 2.5 pt, no dash | 2, M-F, 800-1800","globalid":null,"exceptions":"Yes. RPP holders are exempt from time limits.","from_time":"8am","to_time":"6pm","data_as_of":"2017-05-12T17:13:00.000","analysis_neighborhood":"Pacific Heights","supervisor_district":"2","data_loaded_at":"2026-06-13T10:29:08.190",":id":"row-synv_rtxh_8nfs",":version":"rv-72tn~dxb8-muen",":created_at":"2026-06-13T17:29:18.307Z",":updated_at":"2026-06-13T17:29:18.307Z"}},{"type":"Feature","geometry":{"type":"MultiLineString","coordinates":[[[-122.442872886,37.791310301],[-122.442734786,37.790627791]]]},"properties":{"objectid":"6372","agency":null,"regulation":"Time limited","days":"M-F","hours":"800-1800","hrs_begin":"800","hrs_end":"1800","regdetails":null,"modified":null,"editor":null,"rpparea1":"G","rpparea2":null,"rpparea3":null,"fid_100":"5956","length_ft":"252","conflict":"0","enacted":null,"created_us":null,"created_da":null,"last_edite":null,"last_edi_1":null,"hrlimit":"2","created_user":null,"created_date":null,"last_edited_user":"MTA","last_edited_date":"2017-05-12 17:13:36-07:00","rpp_sym":"lapis lazuli, 2.5 pt, no dash","mtab_date":null,"mtab_motion":null,"mtab_reso_text":null,"sym_rpp2":"lapis lazuli, 2.5 pt, no dash | 2, M-F, 800-1800","globalid":null,"exceptions":"Yes. RPP holders are exempt from time limits.","from_time":"8am","to_time":"6pm","data_as_of":"2017-05-12T17:13:36.000","analysis_neighborhood":"Pacific Heights","supervisor_district":"2","data_loaded_at":"2026-06-13T10:29:08.190",":id":"row-n9pw-whbw_qecr",":version":"rv-5amw.ksp6.3ziw",":created_at":"2026-06-13T17:29:18.307Z",":updated_at":"2026-06-13T17:29:18.307Z"}},{"type":"Feature","geometry":{"type":"MultiLineString","coordinates":[[[-122.431856221,37.788245502],[-122.430460442,37.788425654]]]},"properties":{"objectid":"1882","agency":null,"regulation":"Time limited","days":"M-F","hours":"800-1800","hrs_begin":"800","hrs_end":"1800","regdetails":null,"modified":null,"editor":null,"rpparea1":"G","rpparea2":null,"rpparea3":null,"fid_100":"5581","length_ft":"409","conflict":"0","enacted":null,"created_us":null,"created_da":null,"last_edite":null,"last_edi_1":null,"hrlimit":"2","created_user":null,"created_date":null,"last_edited_user":"MTA","last_edited_date":"2017-05-12 17:13:23-07:00","rpp_sym":"lapis lazuli, 2.5 pt, no dash","mtab_date":null,"mtab_motion":null,"mtab_reso_text":null,"sym_rpp2":"lapis lazuli, 2.5 pt, no dash | 2, M-F, 800-1800","globalid":null,"exceptions":"Yes. RPP holders are exempt from time limits.","from_time":"8am","to_time":"6pm","data_as_of":"2017-05-12T17:13:23.000","analysis_neighborhood":"Pacific Heights","supervisor_district":"2","data_loaded_at":"2026-06-13T10:29:08.190",":id":"row-fmdw.rm2k.p38i",":version":"rv-fntm_74dc.a58d",":created_at":"2026-06-13T17:29:18.307Z",":updated_at":"2026-06-13T17:29:18.307Z"}},{"type":"Feature","geometry":{"type":"MultiLineString","coordinates":[[[-122.441801099,37.786982663],[-122.440412071,37.78715988]]]},"properties":{"objectid":"5042","agency":null,"regulation":"Time limited","days":"M-F","hours":"800-1800","hrs_begin":"800","hrs_end":"1800","regdetails":null,"modified":null,"editor":null,"rpparea1":"G","rpparea2":null,"rpparea3":null,"fid_100":"6109","length_ft":"407","conflict":"0","enacted":null,"created_us":null,"created_da":null,"last_edite":null,"last_edi_1":null,"hrlimit":"2","created_user":null,"created_date":null,"last_edited_user":"MTA","last_edited_date":"2017-05-12 17:13:15-07:00","rpp_sym":"lapis lazuli, 2.5 pt, no dash","mtab_date":null,"mtab_motion":null,"mtab_reso_text":null,"sym_rpp2":"lapis lazuli, 2.5 pt, no dash | 2, M-F, 800-1800","globalid":null,"exceptions":"Yes. RPP holders are exempt from time limits.","from_time":"8am","to_time":"6pm","data_as_of":"2017-05-12T17:13:15.000","analysis_neighborhood":"Pacific Heights","supervisor_district":"2","data_loaded_at":"2026-06-13T10:29:08.190",":id":"row-mk9j.rvhn~2awv",":version":"rv-za33.8xiv~36py",":created_at":"2026-06-13T17:29:18.307Z",":updated_at":"2026-06-13T17:29:18.307Z"}},{"type":"Feature","geometry":{"type":"MultiLineString","coordinates":[[[-122.444700902,37.792970652],[-122.443298693,37.793148783]]]},"properties":{"objectid":"7328","agency":null,"regulation":"Time limited","days":"M-F","hours":"800-1800","hrs_begin":"800","hrs_end":"1800","regdetails":null,"modified":null,"editor":null,"rpparea1":"G","rpparea2":"K","rpparea3":null,"fid_100":"5918","length_ft":"410","conflict":"0","enacted":null,"created_us":null,"created_da":null,"last_edite":null,"last_edi_1":null,"hrlimit":"3","created_user":null,"created_date":null,"last_edited_user":"MTA","last_edited_date":"2017-05-12 17:13:37-07:00","rpp_sym":"lapis lazuli, 2.5 pt, dash 3:1, interval 2","mtab_date":null,"mtab_motion":null,"mtab_reso_text":null,"sym_rpp2":"lapis lazuli, 2.5 pt, dash 3:1, interval 2 | 3, M-F, 800-1800","globalid":null,"exceptions":"Yes. RPP holders are exempt from time limits.","from_time":"8am","to_time":"6pm","data_as_of":"2017-05-12T17:13:37.000","analysis_neighborhood":"Pacific Heights","supervisor_district":"2","data_loaded_at":"2026-06-13T10:29:08.190",":id":"row-vpi3.24zj.78sx",":version":"rv-h7rg.36dw-56n8",":created_at":"2026-06-13T17:29:18.307Z",":updated_at":"2026-06-13T17:29:18.307Z"}},{"type":"Feature","geometry":{"type":"MultiLineString","coordinates":[[[-122.44759381,37.791616205],[-122.447455368,37.790930752]]]},"properties":{"objectid":"7193","agency":null,"regulation":"Time limited","days":"M-F","hours":"800-1800","hrs_begin":"800","hrs_end":"1800","regdetails":null,"modified":null,"editor":null,"rpparea1":"F","rpparea2":"G","rpparea3":null,"fid_100":"5926","length_ft":"253","conflict":"0","enacted":null,"created_us":null,"created_da":null,"last_edite":null,"last_edi_1":null,"hrlimit":"3","created_user":null,"created_date":null,"last_edited_user":"MTA","last_edited_date":"2017-05-12 17:13:37-07:00","rpp_sym":"lapis lazuli, 2.5 pt, dash 3:1, interval 2","mtab_date":null,"mtab_motion":null,"mtab_reso_text":null,"sym_rpp2":"lapis lazuli, 2.5 pt, dash 3:1, interval 2 | 3, M-F, 800-1800","globalid":null,"exceptions":"Yes. RPP holders are exempt from time limits.","from_time":"8am","to_time":"6pm","data_as_of":"2017-05-12T17:13:37.000","analysis_neighborhood":"Presidio Heights","supervisor_district":"2","data_loaded_at":"2026-06-13T10:29:08.190",":id":"row-vbsa~jkbi~qrqf",":version":"rv-wp25-pafx.4mx7",":created_at":"2026-06-13T17:29:18.307Z",":updated_at":"2026-06-13T17:29:18.307Z"}},{"type":"Feature","geometry":{"type":"MultiLineString","coordinates":[[[-122.43754416,37.790196383],[-122.437403149,37.789502424]]]},"properties":{"objectid":"1441","agency":null,"regulation":"Time limited","days":"M-F","hours":"800-1800","hrs_begin":"800","hrs_end":"1800","regdetails":null,"modified":null,"editor":null,"rpparea1":"G","rpparea2":null,"rpparea3":null,"fid_100":"5753","length_ft":"256","conflict":"0","enacted":null,"created_us":null,"created_da":null,"last_edite":null,"last_edi_1":null,"hrlimit":"2","created_user":null,"created_date":null,"last_edited_user":"MTA","last_edited_date":"2017-05-12 17:13:25-07:00","rpp_sym":"lapis lazuli, 2.5 pt, no dash","mtab_date":null,"mtab_motion":null,"mtab_reso_text":null,"sym_rpp2":"lapis lazuli, 2.5 pt, no dash | 2, M-F, 800-1800","globalid":null,"exceptions":"Yes. RPP holders are exempt from time limits.","from_time":"8am","to_time":"6pm","data_as_of":"2017-05-12T17:13:25.000","analysis_neighborhood":"Pacific Heights","supervisor_district":"2","data_loaded_at":"2026-06-13T10:29:08.190",":id":"row-dkrf~bq2x_fccv",":version":"rv-fyg5~9d45_uhxu",":created_at":"2026-06-13T17:29:18.307Z",":updated_at":"2026-06-13T17:29:18.307Z"}},{"type":"Feature","geometry":{"type":"MultiLineString","coordinates":[[[-122.428669907,37.790566597],[-122.427457261,37.790719535]]]},"properties":{"objectid":"694","agency":null,"regulation":"Time limited","days":"M-F","hours":"800-1800","hrs_begin":"800","hrs_end":"1800","regdetails":null,"modified":null,"editor":null,"rpparea1":"G","rpparea2":null,"rpparea3":null,"fid_100":"5656","length_ft":"355","conflict":"0","enacted":null,"created_us":null,"created_da":null,"last_edite":null,"last_edi_1":null,"hrlimit":"2","created_user":null,"created_date":null,"last_edited_user":"MTA","last_edited_date":"2017-05-12 17:13:25-07:00","rpp_sym":"lapis lazuli, 2.5 pt, no dash","mtab_date":null,"mtab_motion":null,"mtab_reso_text":null,"sym_rpp2":"lapis lazuli, 2.5 pt, no dash | 2, M-F, 800-1800","globalid":null,"exceptions":"Yes. RPP holders are exempt from time limits.","from_time":"8am","to_time":"6pm","data_as_of":"2017-05-12T17:13:25.000","analysis_neighborhood":"Pacific Heights","supervisor_district":"2","data_loaded_at":"2026-06-13T10:29:08.190",":id":"row-dasc-njjz-2gsq",":version":"rv-jnwy~q9ck_mubi",":created_at":"2026-06-13T17:29:18.307Z",":updated_at":"2026-06-13T17:29:18.307Z"}},{"type":"Feature","geometry":{"type":"MultiLineString","coordinates":[[[-122.433887973,37.790817],[-122.432941682,37.790937391]]]},"properties":{"objectid":"3097","agency":null,"regulation":"Time limited","days":"M-F","hours":"800-1800","hrs_begin":"800","hrs_end":"1800","regdetails":null,"modified":null,"editor":null,"rpparea1":"G","rpparea2":null,"rpparea3":null,"fid_100":"6043","length_ft":"277","conflict":"0","enacted":null,"created_us":null,"created_da":null,"last_edite":null,"last_edi_1":null,"hrlimit":"2","created_user":null,"created_date":null,"last_edited_user":"RAYNELLCOOPER","last_edited_date":"2024-04-29 17:21:10-07:00","rpp_sym":"lapis lazuli, 2.5 pt, no dash","mtab_date":null,"mtab_motion":null,"mtab_reso_text":null,"sym_rpp2":"lapis lazuli, 2.5 pt, no dash | 2, M-F, 800-1800","globalid":null,"exceptions":"Yes. RPP holders are exempt from time limits.","from_time":"8am","to_time":"6pm","data_as_of":"2024-04-29T17:21:10.000","analysis_neighborhood":"Pacific Heights","supervisor_district":"2","data_loaded_at":"2026-06-13T10:29:08.190",":id":"row-54mh-9a6p-e56r",":version":"rv-eegp_iid7.5sqz",":created_at":"2026-06-13T17:29:18.307Z",":updated_at":"2026-06-13T17:29:18.307Z"}},{"type":"Feature","geometry":{"type":"MultiLineString","coordinates":[[[-122.435713761,37.790465059],[-122.434702824,37.79059367]]]},"properties":{"objectid":"6912","agency":null,"regulation":"Time limited","days":"M-F","hours":"800-1800","hrs_begin":"800","hrs_end":"1800","regdetails":null,"modified":null,"editor":null,"rpparea1":"G","rpparea2":null,"rpparea3":null,"fid_100":"5758","length_ft":"296","conflict":"0","enacted":null,"created_us":null,"created_da":null,"last_edite":null,"last_edi_1":null,"hrlimit":"2","created_user":null,"created_date":null,"last_edited_user":"MTA","last_edited_date":"2017-05-12 17:13:26-07:00","rpp_sym":"lapis lazuli, 2.5 pt, no dash","mtab_date":null,"mtab_motion":null,"mtab_reso_text":null,"sym_rpp2":"lapis lazuli, 2.5 pt, no dash | 2, M-F, 800-1800","globalid":null,"exceptions":"Yes. RPP holders are exempt from time limits.","from_time":"8am","to_time":"6pm","data_as_of":"2017-05-12T17:13:26.000","analysis_neighborhood":"Pacific Heights","supervisor_district":"2","data_loaded_at":"2026-06-13T10:29:08.190",":id":"row-ypsg-ykaa_ghhc",":version":"rv-i4x7_qarm.gbbc",":created_at":"2026-06-13T17:29:18.307Z",":updated_at":"2026-06-13T17:29:18.307Z"}},{"type":"Feature","geometry":{"type":"MultiLineString","coordinates":[[[-122.418175142,37.794477891],[-122.418026816,37.793746962]]]},"properties":{"objectid":"7129","agency":null,"regulation":"Time limited","days":"M-Sa","hours":"800-2100","hrs_begin":"800","hrs_end":"2100","regdetails":null,"modified":null,"editor":null,"rpparea1":"C","rpparea2":"G","rpparea3":null,"fid_100":"4982","length_ft":"270","conflict":"0","enacted":null,"created_us":null,"created_da":null,"last_edite":null,"last_edi_1":null,"hrlimit":"2","created_user":null,"created_date":null,"last_edited_user":"MTA","last_edited_date":"2017-05-12 17:17:39-07:00","rpp_sym":"black, 2.5 pt, no dash","mtab_date":null,"mtab_motion":null,"mtab_reso_text":null,"sym_rpp2":"black, 2.5 pt, no dash | 2, M-Sa, 800-2100","globalid":null,"exceptions":"Yes. RPP holders are exempt from time limits.","from_time":"8am","to_time":"9pm","data_as_of":"2017-05-12T17:17:39.000","analysis_neighborhood":"Russian Hill","supervisor_district":"3","data_loaded_at":"2026-06-13T10:29:08.190",":id":"row-qxe2-dwbu_g8rq",":version":"rv-9yeb-t3bv.enbx",":created_at":"2026-06-13T17:29:18.307Z",":updated_at":"2026-06-13T17:29:18.307Z"}},{"type":"Feature","geometry":{"type":"MultiLineString","coordinates":[[[-122.419796067,37.794247214],[-122.419664853,37.79356389]]]},"properties":{"objectid":"7479","agency":null,"regulation":"Time limited","days":"M-Sa","hours":"800-2100","hrs_begin":"800","hrs_end":"2100","regdetails":null,"modified":null,"editor":null,"rpparea1":"C","rpparea2":"G","rpparea3":null,"fid_100":"4967","length_ft":"252","conflict":"0","enacted":null,"created_us":null,"created_da":null,"last_edite":null,"last_edi_1":null,"hrlimit":"2","created_user":null,"created_date":null,"last_edited_user":"MTA","last_edited_date":"2017-05-12 17:17:38-07:00","rpp_sym":"black, 2.5 pt, no dash","mtab_date":null,"mtab_motion":null,"mtab_reso_text":null,"sym_rpp2":"black, 2.5 pt, no dash | 2, M-Sa, 800-2100","globalid":null,"exceptions":"Yes. RPP holders are exempt from time limits.","from_time":"8am","to_time":"9pm","data_as_of":"2017-05-12T17:17:38.000","analysis_neighborhood":"Russian Hill","supervisor_district":"3","data_loaded_at":"2026-06-13T10:29:08.190",":id":"row-a54h-wfqj-tyaf",":version":"rv-gbi2.fsqw~d6dm",":created_at":"2026-06-13T17:29:18.307Z",":updated_at":"2026-06-13T17:29:18.307Z"}},{"type":"Feature","geometry":{"type":"MultiLineString","coordinates":[[[-122.444699009,37.784579904],[-122.443286152,37.784759572]]]},"properties":{"objectid":"7280","agency":null,"regulation":"Time limited","days":"M-F","hours":"800-1800","hrs_begin":"800","hrs_end":"1800","regdetails":null,"modified":null,"editor":null,"rpparea1":"G","rpparea2":null,"rpparea3":null,"fid_100":"6019","length_ft":"414","conflict":"0","enacted":null,"created_us":null,"created_da":null,"last_edite":null,"last_edi_1":null,"hrlimit":"2","created_user":null,"created_date":null,"last_edited_user":"MTA","last_edited_date":"2017-05-12 17:13:23-07:00","rpp_sym":"lapis lazuli, 2.5 pt, no dash","mtab_date":null,"mtab_motion":null,"mtab_reso_text":null,"sym_rpp2":"lapis lazuli, 2.5 pt, no dash | 2, M-F, 800-1800","globalid":null,"exceptions":"Yes. RPP holders are exempt from time limits.","from_time":"8am","to_time":"6pm","data_as_of":"2017-05-12T17:13:23.000","analysis_neighborhood":"Presidio Heights","supervisor_district":"5","data_loaded_at":"2026-06-13T10:29:08.190",":id":"row-vdk8-uw2a.vnj4",":version":"rv-c7zu_wkf3.8u6y",":created_at":"2026-06-13T17:29:18.307Z",":updated_at":"2026-06-13T17:29:18.307Z"}},{"type":"Feature","geometry":{"type":"MultiLineString","coordinates":[[[-122.438531597,37.787439245],[-122.438677949,37.788162221]]]},"properties":{"objectid":"1077","agency":null,"regulation":"Time limited","days":"M-F","hours":"800-1800","hrs_begin":"800","hrs_end":"1800","regdetails":null,"modified":null,"editor":null,"rpparea1":"G","rpparea2":null,"rpparea3":null,"fid_100":"5704","length_ft":"267","conflict":"0","enacted":null,"created_us":null,"created_da":null,"last_edite":null,"last_edi_1":null,"hrlimit":"2","created_user":null,"created_date":null,"last_edited_user":"MTA","last_edited_date":"2017-05-12 17:12:58-07:00","rpp_sym":"lapis lazuli, 2.5 pt, no dash","mtab_date":null,"mtab_motion":null,"mtab_reso_text":null,"sym_rpp2":"lapis lazuli, 2.5 pt, no dash | 2, M-F, 800-1800","globalid":null,"exceptions":"Yes. RPP holders are exempt from time limits.","from_time":"8am","to_time":"6pm","data_as_of":"2017-05-12T17:12:58.000","analysis_neighborhood":"Pacific Heights","supervisor_district":"2","data_loaded_at":"2026-06-13T10:29:08.190",":id":"row-q4mr~qs3h.44k9",":version":"rv-rfhs~s9cv~7baq",":created_at":"2026-06-13T17:29:18.307Z",":updated_at":"2026-06-13T17:29:18.307Z"}},{"type":"Feature","geometry":{"type":"MultiLineString","coordinates":[[[-122.445311024,37.787324327],[-122.445161059,37.786587705]]]},"properties":{"objectid":"6843","agency":null,"regulation":"Time limited","days":"M-F","hours":"800-1800","hrs_begin":"800","hrs_end":"1800","regdetails":null,"modified":null,"editor":null,"rpparea1":"G","rpparea2":null,"rpparea3":null,"fid_100":"5993","length_ft":"272","conflict":"0","enacted":null,"created_us":null,"created_da":null,"last_edite":null,"last_edi_1":null,"hrlimit":"2","created_user":null,"created_date":null,"last_edited_user":"MTA","last_edited_date":"2017-05-12 17:13:01-07:00","rpp_sym":"lapis lazuli, 2.5 pt, no dash","mtab_date":null,"mtab_motion":null,"mtab_reso_text":null,"sym_rpp2":"lapis lazuli, 2.5 pt, no dash | 2, M-F, 800-1800","globalid":null,"exceptions":"Yes. RPP holders are exempt from time limits.","from_time":"8am","to_time":"6pm","data_as_of":"2017-05-12T17:13:01.000","analysis_neighborhood":"Presidio Heights","supervisor_district":"2","data_loaded_at":"2026-06-13T10:29:08.190",":id":"row-knes_baze_8ca5",":version":"rv-qa8y_96mk_339k",":created_at":"2026-06-13T17:29:18.307Z",":updated_at":"2026-06-13T17:29:18.307Z"}},{"type":"Feature","geometry":{"type":"MultiLineString","coordinates":[[[-122.418681753,37.789372557],[-122.41860879,37.789012162]]]},"properties":{"objectid":"4966","agency":null,"regulation":"Time limited","days":"M-Sa","hours":"800-2100","hrs_begin":"800","hrs_end":"2100","regdetails":null,"modified":null,"editor":null,"rpparea1":"C","rpparea2":"G","rpparea3":null,"fid_100":"4813","length_ft":"133","conflict":"0","enacted":null,"created_us":null,"created_da":null,"last_edite":null,"last_edi_1":null,"hrlimit":"2","created_user":null,"created_date":null,"last_edited_user":"MTA","last_edited_date":"2017-05-12 17:17:27-07:00","rpp_sym":"black, 2.5 pt, no dash","mtab_date":null,"mtab_motion":null,"mtab_reso_text":null,"sym_rpp2":"black, 2.5 pt, no dash | 2, M-Sa, 800-2100","globalid":null,"exceptions":"Yes. RPP holders are exempt from time limits.","from_time":"8am","to_time":"9pm","data_as_of":"2017-05-12T17:17:27.000","analysis_neighborhood":"Nob Hill","supervisor_district":"3","data_loaded_at":"2026-06-13T10:29:08.190",":id":"row-z5jy.pw53~qtt4",":version":"rv-vikz-b62f-rnbq",":created_at":"2026-06-13T17:29:18.307Z",":updated_at":"2026-06-13T17:29:18.307Z"}},{"type":"Feature","geometry":{"type":"MultiLineString","coordinates":[[[-122.419984586,37.795144734],[-122.419838909,37.7944424]]]},"properties":{"objectid":"7085","agency":null,"regulation":"Time limited","days":"M-Sa","hours":"800-2100","hrs_begin":"800","hrs_end":"2100","regdetails":null,"modified":null,"editor":null,"rpparea1":"A","rpparea2":"C","rpparea3":"G","fid_100":"4676","length_ft":"259","conflict":"0","enacted":null,"created_us":null,"created_da":null,"last_edite":null,"last_edi_1":null,"hrlimit":"2","created_user":null,"created_date":null,"last_edited_user":"MTA","last_edited_date":"2017-05-12 17:17:29-07:00","rpp_sym":"black, 2.5 pt, no dash","mtab_date":null,"mtab_motion":null,"mtab_reso_text":null,"sym_rpp2":"black, 2.5 pt, no dash | 2, M-Sa, 800-2100","globalid":null,"exceptions":"Yes. RPP holders are exempt from time limits.","from_time":"8am","to_time":"9pm","data_as_of":"2017-05-12T17:17:29.000","analysis_neighborhood":"Russian Hill","supervisor_district":"3","data_loaded_at":"2026-06-13T10:29:08.190",":id":"row-55cu~y6za-7rn2",":version":"rv-hgkv.amiw_6tz7",":created_at":"2026-06-13T17:29:18.307Z",":updated_at":"2026-06-13T17:29:18.307Z"}},{"type":"Feature","geometry":{"type":"MultiLineString","coordinates":[[[-122.433299456,37.786973299],[-122.431944047,37.787146324]]]},"properties":{"objectid":"5826","agency":null,"regulation":"Time limited","days":"M-F","hours":"800-1800","hrs_begin":"800","hrs_end":"1800","regdetails":null,"modified":null,"editor":null,"rpparea1":"G","rpparea2":null,"rpparea3":null,"fid_100":"5600","length_ft":"397","conflict":"0","enacted":null,"created_us":null,"created_da":null,"last_edite":null,"last_edi_1":null,"hrlimit":"2","created_user":null,"created_date":null,"last_edited_user":"MTA","last_edited_date":"2017-05-12 17:12:59-07:00","rpp_sym":"lapis lazuli, 2.5 pt, no dash","mtab_date":null,"mtab_motion":null,"mtab_reso_text":null,"sym_rpp2":"lapis lazuli, 2.5 pt, no dash | 2, M-F, 800-1800","globalid":null,"exceptions":"Yes. RPP holders are exempt from time limits.","from_time":"8am","to_time":"6pm","data_as_of":"2017-05-12T17:12:59.000","analysis_neighborhood":"Pacific Heights","supervisor_district":"5","data_loaded_at":"2026-06-13T10:29:08.190",":id":"row-tn8e-grqe-a44e",":version":"rv-umjg~8pnb-ykbz",":created_at":"2026-06-13T17:29:18.307Z",":updated_at":"2026-06-13T17:29:18.307Z"}},{"type":"Feature","geometry":{"type":"MultiLineString","coordinates":[[[-122.424229206,37.790976539],[-122.424086792,37.790273374]]]},"properties":{"objectid":"7230","agency":null,"regulation":"Time limited","days":"M-Sa","hours":"800-2300","hrs_begin":"800","hrs_end":"2300","regdetails":"MON - FRI: 8AM - 6PM; SAT: 5PM - 6PM","modified":"2015-01-08 16:00:00-08:00","editor":"Mark C. Dreger","rpparea1":"C","rpparea2":"G","rpparea3":null,"fid_100":"5669","length_ft":"259","conflict":"0","enacted":null,"created_us":null,"created_da":null,"last_edite":null,"last_edi_1":null,"hrlimit":"2","created_user":null,"created_date":null,"last_edited_user":"MTA","last_edited_date":"2017-05-12 17:19:20-07:00","rpp_sym":"leaf green, 2.5 pt, no dash","mtab_date":null,"mtab_motion":null,"mtab_reso_text":null,"sym_rpp2":"leaf green, 2.5 pt, no dash | 2, M-Sa, 800-2300","globalid":null,"exceptions":"Yes. RPP holders are exempt from time limits.","from_time":"8am","to_time":"11pm","data_as_of":"2017-05-12T17:19:20.000","analysis_neighborhood":"Pacific Heights","supervisor_district":"2","data_loaded_at":"2026-06-13T10:29:08.190",":id":"row-tang~g8r9~twx6",":version":"rv-43hh~sf29_f4a7",":created_at":"2026-06-13T17:29:18.307Z",":updated_at":"2026-06-13T17:29:18.307Z"}},{"type":"Feature","geometry":{"type":"MultiLineString","coordinates":[[[-122.426023301,37.79259678],[-122.424643296,37.792771602]]]},"properties":{"objectid":"366","agency":null,"regulation":"Time limited","days":"M-Sa","hours":"800-2300","hrs_begin":"800","hrs_end":"2300","regdetails":"MON - FRI: 8AM - 11PM; SAT: 5PM - 11PM","modified":"2015-01-08 16:00:00-08:00","editor":"Mark C. Dreger","rpparea1":"G","rpparea2":null,"rpparea3":null,"fid_100":"5677","length_ft":"404","conflict":"0","enacted":null,"created_us":null,"created_da":null,"last_edite":null,"last_edi_1":null,"hrlimit":"2","created_user":null,"created_date":null,"last_edited_user":"MTA","last_edited_date":"2017-05-12 17:19:20-07:00","rpp_sym":"leaf green, 2.5 pt, no dash","mtab_date":null,"mtab_motion":null,"mtab_reso_text":null,"sym_rpp2":"leaf green, 2.5 pt, no dash | 2, M-Sa, 800-2300","globalid":null,"exceptions":"Yes. RPP holders are exempt from time limits.","from_time":"8am","to_time":"11pm","data_as_of":"2017-05-12T17:19:20.000","analysis_neighborhood":"Pacific Heights","supervisor_district":"2","data_loaded_at":"2026-06-13T10:29:08.190",":id":"row-q9vs.9wcw_4wxr",":version":"rv-zbrt.29u4.2vqy",":created_at":"2026-06-13T17:29:18.307Z",":updated_at":"2026-06-13T17:29:18.307Z"}},{"type":"Feature","geometry":{"type":"MultiLineString","coordinates":[[[-122.42656805,37.795254464],[-122.42518775,37.795430787]]]},"properties":{"objectid":"6112","agency":null,"regulation":"Time limited","days":"M-F","hours":"800-1800","hrs_begin":"800","hrs_end":"1800","regdetails":null,"modified":null,"editor":null,"rpparea1":"G","rpparea2":"K","rpparea3":null,"fid_100":"5844","length_ft":"404","conflict":"0","enacted":null,"created_us":null,"created_da":null,"last_edite":null,"last_edi_1":null,"hrlimit":"2","created_user":null,"created_date":null,"last_edited_user":"MTA","last_edited_date":"2017-05-12 17:13:37-07:00","rpp_sym":"lapis lazuli, 2.5 pt, no dash","mtab_date":null,"mtab_motion":null,"mtab_reso_text":null,"sym_rpp2":"lapis lazuli, 2.5 pt, no dash | 2, M-F, 800-1800","globalid":null,"exceptions":"Yes. RPP holders are exempt from time limits.","from_time":"8am","to_time":"6pm","data_as_of":"2017-05-12T17:13:37.000","analysis_neighborhood":"Pacific Heights","supervisor_district":"2","data_loaded_at":"2026-06-13T10:29:08.190",":id":"row-vrkd~4fp2~ybkf",":version":"rv-r24c.scdv_he6v",":created_at":"2026-06-13T17:29:18.307Z",":updated_at":"2026-06-13T17:29:18.307Z"}},{"type":"Feature","geometry":{"type":"MultiLineString","coordinates":[[[-122.426733924,37.78781127],[-122.425370433,37.787985247]]]},"properties":{"objectid":"6223","agency":null,"regulation":"Time limited","days":"M-F","hours":"800-1800","hrs_begin":"800","hrs_end":"1800","regdetails":null,"modified":null,"editor":null,"rpparea1":"G","rpparea2":null,"rpparea3":null,"fid_100":"5592","length_ft":"399","conflict":"0","enacted":null,"created_us":null,"created_da":null,"last_edite":null,"last_edi_1":null,"hrlimit":"2","created_user":null,"created_date":null,"last_edited_user":"MTA","last_edited_date":"2017-05-12 17:13:23-07:00","rpp_sym":"lapis lazuli, 2.5 pt, no dash","mtab_date":null,"mtab_motion":null,"mtab_reso_text":null,"sym_rpp2":"lapis lazuli, 2.5 pt, no dash | 2, M-F, 800-1800","globalid":null,"exceptions":"Yes. RPP holders are exempt from time limits.","from_time":"8am","to_time":"6pm","data_as_of":"2017-05-12T17:13:23.000","analysis_neighborhood":"Pacific Heights","supervisor_district":"2","data_loaded_at":"2026-06-13T10:29:08.190",":id":"row-8ygv-mp4f_e9s7",":version":"rv-47na.s4qv~xk62",":created_at":"2026-06-13T17:29:18.307Z",":updated_at":"2026-06-13T17:29:18.307Z"}},{"type":"Feature","geometry":{"type":"MultiLineString","coordinates":[[[-122.444732025,37.793090466],[-122.443315047,37.793270863]]]},"properties":{"objectid":"6949","agency":null,"regulation":"Time limited","days":"M-F","hours":"800-1800","hrs_begin":"800","hrs_end":"1800","regdetails":null,"modified":null,"editor":null,"rpparea1":"G","rpparea2":"K","rpparea3":null,"fid_100":"6055","length_ft":"415","conflict":"0","enacted":null,"created_us":null,"created_da":null,"last_edite":null,"last_edi_1":null,"hrlimit":"3","created_user":null,"created_date":null,"last_edited_user":"MTA","last_edited_date":"2017-05-12 17:13:13-07:00","rpp_sym":"lapis lazuli, 2.5 pt, dash 3:1, interval 2","mtab_date":null,"mtab_motion":null,"mtab_reso_text":null,"sym_rpp2":"lapis lazuli, 2.5 pt, dash 3:1, interval 2 | 3, M-F, 800-1800","globalid":null,"exceptions":"Yes. RPP holders are exempt from time limits.","from_time":"8am","to_time":"6pm","data_as_of":"2017-05-12T17:13:13.000","analysis_neighborhood":"Pacific Heights","supervisor_district":"2","data_loaded_at":"2026-06-13T10:29:08.190",":id":"row-36fn.qtxe-6u4g",":version":"rv-suqk~ectw~tkbv",":created_at":"2026-06-13T17:29:18.307Z",":updated_at":"2026-06-13T17:29:18.307Z"}},{"type":"Feature","geometry":{"type":"MultiLineString","coordinates":[[[-122.432623297,37.791869165],[-122.431219803,37.792046097]]]},"properties":{"objectid":"4781","agency":null,"regulation":"Time limited","days":"M-F","hours":"800-1800","hrs_begin":"800","hrs_end":"1800","regdetails":null,"modified":null,"editor":null,"rpparea1":"G","rpparea2":null,"rpparea3":null,"fid_100":"5877","length_ft":"411","conflict":"0","enacted":null,"created_us":null,"created_da":null,"last_edite":null,"last_edi_1":null,"hrlimit":"2","created_user":null,"created_date":null,"last_edited_user":"MTA","last_edited_date":"2017-05-12 17:13:37-07:00","rpp_sym":"lapis lazuli, 2.5 pt, no dash","mtab_date":null,"mtab_motion":null,"mtab_reso_text":null,"sym_rpp2":"lapis lazuli, 2.5 pt, no dash | 2, M-F, 800-1800","globalid":null,"exceptions":"Yes. RPP holders are exempt from time limits.","from_time":"8am","to_time":"6pm","data_as_of":"2017-05-12T17:13:37.000","analysis_neighborhood":"Pacific Heights","supervisor_district":"2","data_loaded_at":"2026-06-13T10:29:08.190",":id":"row-v73h.75r3~r34z",":version":"rv-56re.jmj6_nyqw",":created_at":"2026-06-13T17:29:18.307Z",":updated_at":"2026-06-13T17:29:18.307Z"}},{"type":"Feature","geometry":{"type":"MultiLineString","coordinates":[[[-122.43680734,37.794905045],[-122.436656462,37.794160025]]]},"properties":{"objectid":"4935","agency":null,"regulation":"Time limited","days":"M-F","hours":"800-1800","hrs_begin":"800","hrs_end":"1800","regdetails":null,"modified":null,"editor":null,"rpparea1":"G","rpparea2":"K","rpparea3":null,"fid_100":"6075","length_ft":"275","conflict":"0","enacted":null,"created_us":null,"created_da":null,"last_edite":null,"last_edi_1":null,"hrlimit":"2","created_user":null,"created_date":null,"last_edited_user":"MTA","last_edited_date":"2017-05-12 17:13:10-07:00","rpp_sym":"lapis lazuli, 2.5 pt, no dash","mtab_date":null,"mtab_motion":null,"mtab_reso_text":null,"sym_rpp2":"lapis lazuli, 2.5 pt, no dash | 2, M-F, 800-1800","globalid":null,"exceptions":"Yes. RPP holders are exempt from time limits.","from_time":"8am","to_time":"6pm","data_as_of":"2017-05-12T17:13:10.000","analysis_neighborhood":"Pacific Heights","supervisor_district":"2","data_loaded_at":"2026-06-13T10:29:08.190",":id":"row-4smc.t4ki~mkf4",":version":"rv-gucx_vf7s~e34m",":created_at":"2026-06-13T17:29:18.307Z",":updated_at":"2026-06-13T17:29:18.307Z"}},{"type":"Feature","geometry":{"type":"MultiLineString","coordinates":[[[-122.4358041,37.790616136],[-122.435941534,37.791298733]]]},"properties":{"objectid":"5220","agency":null,"regulation":"Time limited","days":"M-F","hours":"800-1800","hrs_begin":"800","hrs_end":"1800","regdetails":null,"modified":null,"editor":null,"rpparea1":"G","rpparea2":null,"rpparea3":null,"fid_100":"5766","length_ft":"252","conflict":"0","enacted":null,"created_us":null,"created_da":null,"last_edite":null,"last_edi_1":null,"hrlimit":"2","created_user":null,"created_date":null,"last_edited_user":"MTA","last_edited_date":"2017-05-12 17:13:01-07:00","rpp_sym":"lapis lazuli, 2.5 pt, no dash","mtab_date":null,"mtab_motion":null,"mtab_reso_text":null,"sym_rpp2":"lapis lazuli, 2.5 pt, no dash | 2, M-F, 800-1800","globalid":null,"exceptions":"Yes. RPP holders are exempt from time limits.","from_time":"8am","to_time":"6pm","data_as_of":"2017-05-12T17:13:01.000","analysis_neighborhood":"Pacific Heights","supervisor_district":"2","data_loaded_at":"2026-06-13T10:29:08.190",":id":"row-9c2w~mqv8_brcq",":version":"rv-zgzm_h386~gn8h",":created_at":"2026-06-13T17:29:18.307Z",":updated_at":"2026-06-13T17:29:18.307Z"}},{"type":"Feature","geometry":{"type":"MultiLineString","coordinates":[[[-122.434792664,37.794203278],[-122.433401877,37.794381342]]]},"properties":{"objectid":"775","agency":null,"regulation":"Time limited","days":"M-F","hours":"800-1800","hrs_begin":"800","hrs_end":"1800","regdetails":null,"modified":null,"editor":null,"rpparea1":"G","rpparea2":"K","rpparea3":null,"fid_100":"5808","length_ft":"407","conflict":"0","enacted":null,"created_us":null,"created_da":null,"last_edite":null,"last_edi_1":null,"hrlimit":"2","created_user":null,"created_date":null,"last_edited_user":"MTA","last_edited_date":"2017-05-12 17:13:00-07:00","rpp_sym":"lapis lazuli, 2.5 pt, no dash","mtab_date":null,"mtab_motion":null,"mtab_reso_text":null,"sym_rpp2":"lapis lazuli, 2.5 pt, no dash | 2, M-F, 800-1800","globalid":null,"exceptions":"Yes. RPP holders are exempt from time limits.","from_time":"8am","to_time":"6pm","data_as_of":"2017-05-12T17:13:00.000","analysis_neighborhood":"Pacific Heights","supervisor_district":"2","data_loaded_at":"2026-06-13T10:29:08.190",":id":"row-bfrd~fbmx~7ket",":version":"rv-2wkv_wch9~4kst",":created_at":"2026-06-13T17:29:18.307Z",":updated_at":"2026-06-13T17:29:18.307Z"}},{"type":"Feature","geometry":{"type":"MultiLineString","coordinates":[[[-122.431345039,37.793834273],[-122.429946813,37.79401284]]]},"properties":{"objectid":"5091","agency":null,"regulation":"Time limited","days":"M-F","hours":"800-1800","hrs_begin":"800","hrs_end":"1800","regdetails":null,"modified":null,"editor":null,"rpparea1":"G","rpparea2":"K","rpparea3":null,"fid_100":"5822","length_ft":"409","conflict":"0","enacted":null,"created_us":null,"created_da":null,"last_edite":null,"last_edi_1":null,"hrlimit":"2","created_user":null,"created_date":null,"last_edited_user":"MTA","last_edited_date":"2017-05-12 17:13:01-07:00","rpp_sym":"lapis lazuli, 2.5 pt, no dash","mtab_date":null,"mtab_motion":null,"mtab_reso_text":null,"sym_rpp2":"lapis lazuli, 2.5 pt, no dash | 2, M-F, 800-1800","globalid":null,"exceptions":"Yes. RPP holders are exempt from time limits.","from_time":"8am","to_time":"6pm","data_as_of":"2017-05-12T17:13:01.000","analysis_neighborhood":"Pacific Heights","supervisor_district":"2","data_loaded_at":"2026-06-13T10:29:08.190",":id":"row-w75b~ggbv-i7ys",":version":"rv-6qkv.fh63.tw58",":created_at":"2026-06-13T17:29:18.307Z",":updated_at":"2026-06-13T17:29:18.307Z"}},{"type":"Feature","geometry":{"type":"MultiLineString","coordinates":[[[-122.428450933,37.795976029],[-122.428303185,37.795238634]]]},"properties":{"objectid":"3818","agency":null,"regulation":"Time limited","days":"M-F","hours":"800-1800","hrs_begin":"800","hrs_end":"1800","regdetails":null,"modified":null,"editor":null,"rpparea1":"G","rpparea2":"K","rpparea3":null,"fid_100":"6083","length_ft":"272","conflict":"0","enacted":null,"created_us":null,"created_da":null,"last_edite":null,"last_edi_1":null,"hrlimit":"2","created_user":null,"created_date":null,"last_edited_user":"MTA","last_edited_date":"2017-05-12 17:12:58-07:00","rpp_sym":"lapis lazuli, 2.5 pt, no dash","mtab_date":null,"mtab_motion":null,"mtab_reso_text":null,"sym_rpp2":"lapis lazuli, 2.5 pt, no dash | 2, M-F, 800-1800","globalid":null,"exceptions":"Yes. RPP holders are exempt from time limits.","from_time":"8am","to_time":"6pm","data_as_of":"2017-05-12T17:12:58.000","analysis_neighborhood":"Pacific Heights","supervisor_district":"2","data_loaded_at":"2026-06-13T10:29:08.190",":id":"row-yyzh.n4qv-xdtb",":version":"rv-a8f8.tiej.e32s",":created_at":"2026-06-13T17:29:18.307Z",":updated_at":"2026-06-13T17:29:18.307Z"}},{"type":"Feature","geometry":{"type":"MultiLineString","coordinates":[[[-122.431985767,37.787632345],[-122.431923512,37.78732414]]]},"properties":{"objectid":"1287","agency":null,"regulation":"Time limited","days":"M-F","hours":"800-1800","hrs_begin":"800","hrs_end":"1800","regdetails":null,"modified":null,"editor":null,"rpparea1":"G","rpparea2":null,"rpparea3":null,"fid_100":"5604","length_ft":"114","conflict":"0","enacted":null,"created_us":null,"created_da":null,"last_edite":null,"last_edi_1":null,"hrlimit":"2","created_user":null,"created_date":null,"last_edited_user":"MTA","last_edited_date":"2017-05-12 17:13:13-07:00","rpp_sym":"lapis lazuli, 2.5 pt, no dash","mtab_date":null,"mtab_motion":null,"mtab_reso_text":null,"sym_rpp2":"lapis lazuli, 2.5 pt, no dash | 2, M-F, 800-1800","globalid":null,"exceptions":"Yes. RPP holders are exempt from time limits.","from_time":"8am","to_time":"6pm","data_as_of":"2017-05-12T17:13:13.000","analysis_neighborhood":"Pacific Heights","supervisor_district":"5","data_loaded_at":"2026-06-13T10:29:08.190",":id":"row-n74x~tqym-e3rv",":version":"rv-ye2v_r83m.j5xy",":created_at":"2026-06-13T17:29:18.307Z",":updated_at":"2026-06-13T17:29:18.307Z"}},{"type":"Feature","geometry":{"type":"MultiLineString","coordinates":[[[-122.448841468,37.789694501],[-122.447476786,37.789868243]]]},"properties":{"objectid":"6197","agency":null,"regulation":"Time limited","days":"M-F","hours":"900-1600","hrs_begin":"900","hrs_end":"1600","regdetails":null,"modified":"2015-01-07 16:00:00-08:00","editor":"Mark C. Dreger","rpparea1":"F","rpparea2":"G","rpparea3":null,"fid_100":"6049","length_ft":"399","conflict":"0","enacted":null,"created_us":null,"created_da":null,"last_edite":null,"last_edi_1":null,"hrlimit":"2","created_user":null,"created_date":null,"last_edited_user":"MTA","last_edited_date":"2017-05-12 17:10:56-07:00","rpp_sym":"seville orange, 2.5 pt, no dash","mtab_date":null,"mtab_motion":null,"mtab_reso_text":null,"sym_rpp2":"seville orange, 2.5 pt, no dash | 2, M-F, 900-1600","globalid":null,"exceptions":"Yes. RPP holders are exempt from time limits.","from_time":"9am","to_time":"4pm","data_as_of":"2017-05-12T17:10:56.000","analysis_neighborhood":"Presidio Heights","supervisor_district":"2","data_loaded_at":"2026-06-13T10:29:08.190",":id":"row-7fwk_zi9v.z4er",":version":"rv-gs3i-fm5g_nmmv",":created_at":"2026-06-13T17:29:18.307Z",":updated_at":"2026-06-13T17:29:18.307Z"}},{"type":"Feature","geometry":{"type":"MultiLineString","coordinates":[[[-122.447371681,37.790785609],[-122.446236922,37.790930063]]]},"properties":{"objectid":"7494","agency":null,"regulation":"Time limited","days":"M-F","hours":"800-1800","hrs_begin":"800","hrs_end":"1800","regdetails":null,"modified":null,"editor":null,"rpparea1":"F","rpparea2":"G","rpparea3":null,"fid_100":"5928","length_ft":"332","conflict":"0","enacted":null,"created_us":null,"created_da":null,"last_edite":null,"last_edi_1":null,"hrlimit":"3","created_user":null,"created_date":null,"last_edited_user":"MTA","last_edited_date":"2017-05-12 17:13:37-07:00","rpp_sym":"lapis lazuli, 2.5 pt, dash 3:1, interval 2","mtab_date":null,"mtab_motion":null,"mtab_reso_text":null,"sym_rpp2":"lapis lazuli, 2.5 pt, dash 3:1, interval 2 | 3, M-F, 800-1800","globalid":null,"exceptions":"Yes. RPP holders are exempt from time limits.","from_time":"8am","to_time":"6pm","data_as_of":"2017-05-12T17:13:37.000","analysis_neighborhood":"Presidio Heights","supervisor_district":"2","data_loaded_at":"2026-06-13T10:29:08.190",":id":"row-vdsn.6fhj-k3s6",":version":"rv-dzt5-pqgb.mw5s",":created_at":"2026-06-13T17:29:18.307Z",":updated_at":"2026-06-13T17:29:18.307Z"}},{"type":"Feature","geometry":{"type":"MultiLineString","coordinates":[[[-122.447392318,37.789848948],[-122.447249962,37.789154506]]]},"properties":{"objectid":"4373","agency":null,"regulation":"Time limited","days":"M-F","hours":"800-1800","hrs_begin":"800","hrs_end":"1800","regdetails":null,"modified":null,"editor":null,"rpparea1":"F","rpparea2":"G","rpparea3":null,"fid_100":"5973","length_ft":"256","conflict":"0","enacted":null,"created_us":null,"created_da":null,"last_edite":null,"last_edi_1":null,"hrlimit":"2","created_user":null,"created_date":null,"last_edited_user":"MTA","last_edited_date":"2017-05-12 17:13:25-07:00","rpp_sym":"lapis lazuli, 2.5 pt, no dash","mtab_date":null,"mtab_motion":null,"mtab_reso_text":null,"sym_rpp2":"lapis lazuli, 2.5 pt, no dash | 2, M-F, 800-1800","globalid":null,"exceptions":"Yes. RPP holders are exempt from time limits.","from_time":"8am","to_time":"6pm","data_as_of":"2017-05-12T17:13:25.000","analysis_neighborhood":"Presidio Heights","supervisor_district":"2","data_loaded_at":"2026-06-13T10:29:08.190",":id":"row-hic3~xixz_jmfy",":version":"rv-vt5i~jqra~fiqy",":created_at":"2026-06-13T17:29:18.307Z",":updated_at":"2026-06-13T17:29:18.307Z"}},{"type":"Feature","geometry":{"type":"MultiLineString","coordinates":[[[-122.445654839,37.789315412],[-122.444241043,37.789496398]]]},"properties":{"objectid":"6417","agency":null,"regulation":"Time limited","days":"M-F","hours":"800-1800","hrs_begin":"800","hrs_end":"1800","regdetails":null,"modified":null,"editor":null,"rpparea1":"G","rpparea2":null,"rpparea3":null,"fid_100":"5984","length_ft":"414","conflict":"0","enacted":null,"created_us":null,"created_da":null,"last_edite":null,"last_edi_1":null,"hrlimit":"2","created_user":null,"created_date":null,"last_edited_user":"MTA","last_edited_date":"2017-05-12 17:13:36-07:00","rpp_sym":"lapis lazuli, 2.5 pt, no dash","mtab_date":null,"mtab_motion":null,"mtab_reso_text":null,"sym_rpp2":"lapis lazuli, 2.5 pt, no dash | 2, M-F, 800-1800","globalid":null,"exceptions":"Yes. RPP holders are exempt from time limits.","from_time":"8am","to_time":"6pm","data_as_of":"2017-05-12T17:13:36.000","analysis_neighborhood":"Pacific Heights","supervisor_district":"2","data_loaded_at":"2026-06-13T10:29:08.190",":id":"row-ggxe~qvn3-83f9",":version":"rv-cscv_sftu.bf9w",":created_at":"2026-06-13T17:29:18.307Z",":updated_at":"2026-06-13T17:29:18.307Z"}},{"type":"Feature","geometry":{"type":"MultiLineString","coordinates":[[[-122.445359954,37.787565188],[-122.445503932,37.788276395]]]},"properties":{"objectid":"5064","agency":null,"regulation":"Time limited","days":"M-F","hours":"800-1800","hrs_begin":"800","hrs_end":"1800","regdetails":null,"modified":null,"editor":null,"rpparea1":"G","rpparea2":null,"rpparea3":null,"fid_100":"5991","length_ft":"262","conflict":"0","enacted":null,"created_us":null,"created_da":null,"last_edite":null,"last_edi_1":null,"hrlimit":"2","created_user":null,"created_date":null,"last_edited_user":"MTA","last_edited_date":"2017-05-12 17:13:27-07:00","rpp_sym":"lapis lazuli, 2.5 pt, no dash","mtab_date":null,"mtab_motion":null,"mtab_reso_text":null,"sym_rpp2":"lapis lazuli, 2.5 pt, no dash | 2, M-F, 800-1800","globalid":null,"exceptions":"Yes. RPP holders are exempt from time limits.","from_time":"8am","to_time":"6pm","data_as_of":"2017-05-12T17:13:27.000","analysis_neighborhood":"Pacific Heights","supervisor_district":"2","data_loaded_at":"2026-06-13T10:29:08.190",":id":"row-p94w-6knf~5hhn",":version":"rv-7ck5.ywx3-4jgb",":created_at":"2026-06-13T17:29:18.307Z",":updated_at":"2026-06-13T17:29:18.307Z"}},{"type":"Feature","geometry":{"type":"MultiLineString","coordinates":[[[-122.445121267,37.786386678],[-122.444971636,37.785653939]]]},"properties":{"objectid":"4282","agency":null,"regulation":"Time limited","days":"M-F","hours":"800-1800","hrs_begin":"800","hrs_end":"1800","regdetails":null,"modified":null,"editor":null,"rpparea1":"G","rpparea2":null,"rpparea3":null,"fid_100":"6004","length_ft":"270","conflict":"0","enacted":null,"created_us":null,"created_da":null,"last_edite":null,"last_edi_1":null,"hrlimit":"2","created_user":null,"created_date":null,"last_edited_user":"MTA","last_edited_date":"2017-05-12 17:13:36-07:00","rpp_sym":"lapis lazuli, 2.5 pt, no dash","mtab_date":null,"mtab_motion":null,"mtab_reso_text":null,"sym_rpp2":"lapis lazuli, 2.5 pt, no dash | 2, M-F, 800-1800","globalid":null,"exceptions":"Yes. RPP holders are exempt from time limits.","from_time":"8am","to_time":"6pm","data_as_of":"2017-05-12T17:13:36.000","analysis_neighborhood":"Presidio Heights","supervisor_district":"2","data_loaded_at":"2026-06-13T10:29:08.190",":id":"row-5msu~8w5f.gzjr",":version":"rv-9xf8-ue2r~qr5c",":created_at":"2026-06-13T17:29:18.307Z",":updated_at":"2026-06-13T17:29:18.307Z"}},{"type":"Feature","geometry":{"type":"MultiLineString","coordinates":[[[-122.426786673,37.787741058],[-122.426641748,37.787026193]]]},"properties":{"objectid":"6363","agency":null,"regulation":"Time limited","days":"M-F","hours":"800-1800","hrs_begin":"800","hrs_end":"1800","regdetails":null,"modified":null,"editor":null,"rpparea1":"G","rpparea2":null,"rpparea3":null,"fid_100":"5620","length_ft":"264","conflict":"0","enacted":null,"created_us":null,"created_da":null,"last_edite":null,"last_edi_1":null,"hrlimit":"2","created_user":null,"created_date":null,"last_edited_user":"MTA","last_edited_date":"2017-05-12 17:13:15-07:00","rpp_sym":"lapis lazuli, 2.5 pt, no dash","mtab_date":null,"mtab_motion":null,"mtab_reso_text":null,"sym_rpp2":"lapis lazuli, 2.5 pt, no dash | 2, M-F, 800-1800","globalid":null,"exceptions":"Yes. RPP holders are exempt from time limits.","from_time":"8am","to_time":"6pm","data_as_of":"2017-05-12T17:13:15.000","analysis_neighborhood":"Pacific Heights","supervisor_district":"2","data_loaded_at":"2026-06-13T10:29:08.190",":id":"row-czur_zw95~8u2d",":version":"rv-smbi_b5eu~2utw",":created_at":"2026-06-13T17:29:18.307Z",":updated_at":"2026-06-13T17:29:18.307Z"}},{"type":"Feature","geometry":{"type":"MultiLineString","coordinates":[[[-122.441773722,37.785860897],[-122.44162302,37.785124172]]]},"properties":{"objectid":"7213","agency":null,"regulation":"Time limited","days":"M-F","hours":"800-1800","hrs_begin":"800","hrs_end":"1800","regdetails":null,"modified":null,"editor":null,"rpparea1":"G","rpparea2":null,"rpparea3":null,"fid_100":"6026","length_ft":"272","conflict":"0","enacted":null,"created_us":null,"created_da":null,"last_edite":null,"last_edi_1":null,"hrlimit":"2","created_user":null,"created_date":null,"last_edited_user":"MTA","last_edited_date":"2017-05-12 17:13:25-07:00","rpp_sym":"lapis lazuli, 2.5 pt, no dash","mtab_date":null,"mtab_motion":null,"mtab_reso_text":null,"sym_rpp2":"lapis lazuli, 2.5 pt, no dash | 2, M-F, 800-1800","globalid":null,"exceptions":"Yes. RPP holders are exempt from time limits.","from_time":"8am","to_time":"6pm","data_as_of":"2017-05-12T17:13:25.000","analysis_neighborhood":"Pacific Heights","supervisor_district":"2","data_loaded_at":"2026-06-13T10:29:08.190",":id":"row-4i2c.ymtn-7pb9",":version":"rv-42re.nraa_8qqb",":created_at":"2026-06-13T17:29:18.307Z",":updated_at":"2026-06-13T17:29:18.307Z"}},{"type":"Feature","geometry":{"type":"MultiLineString","coordinates":[[[-122.424398551,37.792914357],[-122.423489708,37.793029016]]]},"properties":{"objectid":"14","agency":null,"regulation":"Time limited","days":"M-Sa","hours":"800-2300","hrs_begin":"800","hrs_end":"2300","regdetails":"MON - FRI: 8AM - 11PM; SAT: 5PM - 11PM","modified":"2015-01-08 16:00:00-08:00","editor":"Mark C. Dreger","rpparea1":"G","rpparea2":null,"rpparea3":null,"fid_100":"5863","length_ft":"266","conflict":"0","enacted":null,"created_us":null,"created_da":null,"last_edite":null,"last_edi_1":null,"hrlimit":"2","created_user":null,"created_date":null,"last_edited_user":"RAYNELLCOOPER","last_edited_date":"2024-04-29 17:21:10-07:00","rpp_sym":"leaf green, 2.5 pt, no dash","mtab_date":null,"mtab_motion":null,"mtab_reso_text":null,"sym_rpp2":"leaf green, 2.5 pt, no dash | 2, M-Sa, 800-2300","globalid":null,"exceptions":"Yes. RPP holders are exempt from time limits.","from_time":"8am","to_time":"11pm","data_as_of":"2024-04-29T17:21:10.000","analysis_neighborhood":"Pacific Heights","supervisor_district":"2","data_loaded_at":"2026-06-13T10:29:08.190",":id":"row-q2nv-q4ca.hebr",":version":"rv-qjef-224n~4inh",":created_at":"2026-06-13T17:29:18.307Z",":updated_at":"2026-06-13T17:29:18.307Z"}},{"type":"Feature","geometry":{"type":"MultiLineString","coordinates":[[[-122.4182065,37.795391065],[-122.418058438,37.794705285]]]},"properties":{"objectid":"1998","agency":null,"regulation":"Time limited","days":"M-Sa","hours":"800-2100","hrs_begin":"800","hrs_end":"2100","regdetails":null,"modified":null,"editor":null,"rpparea1":"A","rpparea2":"C","rpparea3":"G","fid_100":"4698","length_ft":"253","conflict":"0","enacted":null,"created_us":null,"created_da":null,"last_edite":null,"last_edi_1":null,"hrlimit":"2","created_user":null,"created_date":null,"last_edited_user":"MTA","last_edited_date":"2017-05-12 17:17:39-07:00","rpp_sym":"black, 2.5 pt, no dash","mtab_date":null,"mtab_motion":null,"mtab_reso_text":null,"sym_rpp2":"black, 2.5 pt, no dash | 2, M-Sa, 800-2100","globalid":null,"exceptions":"Yes. RPP holders are exempt from time limits.","from_time":"8am","to_time":"9pm","data_as_of":"2017-05-12T17:17:39.000","analysis_neighborhood":"Russian Hill","supervisor_district":"3","data_loaded_at":"2026-06-13T10:29:08.190",":id":"row-98sd_k52z.ge7p",":version":"rv-2cu4~6n4e~9aa7",":created_at":"2026-06-13T17:29:18.307Z",":updated_at":"2026-06-13T17:29:18.307Z"}},{"type":"Feature","geometry":{"type":"MultiLineString","coordinates":[[[-122.43017149,37.787120257],[-122.43021181,37.787319674]]]},"properties":{"objectid":"2073","agency":null,"regulation":"Time limited","days":"M-F","hours":"800-1800","hrs_begin":"800","hrs_end":"1800","regdetails":null,"modified":null,"editor":null,"rpparea1":"G","rpparea2":null,"rpparea3":null,"fid_100":"5609","length_ft":"74","conflict":"0","enacted":null,"created_us":null,"created_da":null,"last_edite":null,"last_edi_1":null,"hrlimit":"2","created_user":null,"created_date":null,"last_edited_user":"MTA","last_edited_date":"2017-05-12 17:13:38-07:00","rpp_sym":"lapis lazuli, 2.5 pt, no dash","mtab_date":null,"mtab_motion":null,"mtab_reso_text":null,"sym_rpp2":"lapis lazuli, 2.5 pt, no dash | 2, M-F, 800-1800","globalid":null,"exceptions":"Yes. RPP holders are exempt from time limits.","from_time":"8am","to_time":"6pm","data_as_of":"2017-05-12T17:13:38.000","analysis_neighborhood":"Pacific Heights","supervisor_district":"5","data_loaded_at":"2026-06-13T10:29:08.190",":id":"row-vh4f.nrb9~9hrh",":version":"rv-m58z-u2n6.84ab",":created_at":"2026-06-13T17:29:18.307Z",":updated_at":"2026-06-13T17:29:18.307Z"}},{"type":"Feature","geometry":{"type":"MultiLineString","coordinates":[[[-122.433127124,37.794416167],[-122.431753793,37.794591951]]]},"properties":{"objectid":"2435","agency":null,"regulation":"Time limited","days":"M-F","hours":"800-1800","hrs_begin":"800","hrs_end":"1800","regdetails":null,"modified":null,"editor":null,"rpparea1":"G","rpparea2":"K","rpparea3":null,"fid_100":"5813","length_ft":"402","conflict":"0","enacted":null,"created_us":null,"created_da":null,"last_edite":null,"last_edi_1":null,"hrlimit":"2","created_user":null,"created_date":null,"last_edited_user":"MTA","last_edited_date":"2017-05-12 17:13:24-07:00","rpp_sym":"lapis lazuli, 2.5 pt, no dash","mtab_date":null,"mtab_motion":null,"mtab_reso_text":null,"sym_rpp2":"lapis lazuli, 2.5 pt, no dash | 2, M-F, 800-1800","globalid":null,"exceptions":"Yes. RPP holders are exempt from time limits.","from_time":"8am","to_time":"6pm","data_as_of":"2017-05-12T17:13:24.000","analysis_neighborhood":"Pacific Heights","supervisor_district":"2","data_loaded_at":"2026-06-13T10:29:08.190",":id":"row-9ns5~f6ww.8m82",":version":"rv-fbdm-bdd6~nnjw",":created_at":"2026-06-13T17:29:18.307Z",":updated_at":"2026-06-13T17:29:18.307Z"}},{"type":"Feature","geometry":{"type":"MultiLineString","coordinates":[[[-122.417738085,37.79230572],[-122.417672728,37.79198652]]]},"properties":{"objectid":"2675","agency":null,"regulation":"Time limited","days":"M-Sa","hours":"800-2100","hrs_begin":"800","hrs_end":"2100","regdetails":null,"modified":null,"editor":null,"rpparea1":"C","rpparea2":"G","rpparea3":null,"fid_100":"4906","length_ft":"118","conflict":"0","enacted":null,"created_us":null,"created_da":null,"last_edite":null,"last_edi_1":null,"hrlimit":"2","created_user":null,"created_date":null,"last_edited_user":"MTA","last_edited_date":"2017-05-12 17:17:29-07:00","rpp_sym":"black, 2.5 pt, no dash","mtab_date":null,"mtab_motion":null,"mtab_reso_text":null,"sym_rpp2":"black, 2.5 pt, no dash | 2, M-Sa, 800-2100","globalid":null,"exceptions":"Yes. RPP holders are exempt from time limits.","from_time":"8am","to_time":"9pm","data_as_of":"2017-05-12T17:17:29.000","analysis_neighborhood":"Nob Hill","supervisor_district":"3","data_loaded_at":"2026-06-13T10:29:08.190",":id":"row-kfbw_b9id~cbv4",":version":"rv-w7hn_yjhk.rr3i",":created_at":"2026-06-13T17:29:18.307Z",":updated_at":"2026-06-13T17:29:18.307Z"}},{"type":"Feature","geometry":{"type":"MultiLineString","coordinates":[[[-122.419456009,37.793451613],[-122.418061111,37.793628215]]]},"properties":{"objectid":"5388","agency":null,"regulation":"Time limited","days":"M-Sa","hours":"800-2100","hrs_begin":"800","hrs_end":"2100","regdetails":null,"modified":null,"editor":null,"rpparea1":"C","rpparea2":"G","rpparea3":null,"fid_100":"4971","length_ft":"408","conflict":"0","enacted":null,"created_us":null,"created_da":null,"last_edite":null,"last_edi_1":null,"hrlimit":"2","created_user":null,"created_date":null,"last_edited_user":"MTA","last_edited_date":"2017-05-12 17:17:39-07:00","rpp_sym":"black, 2.5 pt, no dash","mtab_date":null,"mtab_motion":null,"mtab_reso_text":null,"sym_rpp2":"black, 2.5 pt, no dash | 2, M-Sa, 800-2100","globalid":null,"exceptions":"Yes. RPP holders are exempt from time limits.","from_time":"8am","to_time":"9pm","data_as_of":"2017-05-12T17:17:39.000","analysis_neighborhood":"Russian Hill","supervisor_district":"3","data_loaded_at":"2026-06-13T10:29:08.190",":id":"row-4snx-j8m7_g8bc",":version":"rv-rh8b_siqj~m2cc",":created_at":"2026-06-13T17:29:18.307Z",":updated_at":"2026-06-13T17:29:18.307Z"}},{"type":"Feature","geometry":{"type":"MultiLineString","coordinates":[[[-122.443794962,37.787516654],[-122.443647002,37.786780583]]]},"properties":{"objectid":"6628","agency":null,"regulation":"Time limited","days":"M-F","hours":"800-1800","hrs_begin":"800","hrs_end":"1800","regdetails":null,"modified":null,"editor":null,"rpparea1":"G","rpparea2":null,"rpparea3":null,"fid_100":"5999","length_ft":"271","conflict":"0","enacted":null,"created_us":null,"created_da":null,"last_edite":null,"last_edi_1":null,"hrlimit":"2","created_user":null,"created_date":null,"last_edited_user":"MTA","last_edited_date":"2017-05-12 17:13:39-07:00","rpp_sym":"lapis lazuli, 2.5 pt, no dash","mtab_date":null,"mtab_motion":null,"mtab_reso_text":null,"sym_rpp2":"lapis lazuli, 2.5 pt, no dash | 2, M-F, 800-1800","globalid":null,"exceptions":"Yes. RPP holders are exempt from time limits.","from_time":"8am","to_time":"6pm","data_as_of":"2017-05-12T17:13:39.000","analysis_neighborhood":"Presidio Heights","supervisor_district":"2","data_loaded_at":"2026-06-13T10:29:08.190",":id":"row-jmbt-gqdn~664z",":version":"rv-56xn-iypq-sdsc",":created_at":"2026-06-13T17:29:18.307Z",":updated_at":"2026-06-13T17:29:18.307Z"}},{"type":"Feature","geometry":{"type":"MultiLineString","coordinates":[[[-122.449104533,37.790523138],[-122.448966291,37.789838734]]]},"properties":{"objectid":"5844","agency":null,"regulation":"Time limited","days":"M-F","hours":"900-1600","hrs_begin":"900","hrs_end":"1600","regdetails":null,"modified":"2015-01-07 16:00:00-08:00","editor":"Mark C. Dreger","rpparea1":"F","rpparea2":"G","rpparea3":null,"fid_100":"6100","length_ft":"252","conflict":"0","enacted":null,"created_us":null,"created_da":null,"last_edite":null,"last_edi_1":null,"hrlimit":"3","created_user":null,"created_date":null,"last_edited_user":"MTA","last_edited_date":"2017-05-12 17:10:56-07:00","rpp_sym":"seville orange, 2.5 pt, dash 3:1, interval 2","mtab_date":null,"mtab_motion":null,"mtab_reso_text":null,"sym_rpp2":"seville orange, 2.5 pt, dash 3:1, interval 2 | 3, M-F, 900-1600","globalid":null,"exceptions":"Yes. RPP holders are exempt from time limits.","from_time":"9am","to_time":"4pm","data_as_of":"2017-05-12T17:10:56.000","analysis_neighborhood":"Presidio Heights","supervisor_district":"2","data_loaded_at":"2026-06-13T10:29:08.190",":id":"row-yvt9-ydg6~pebb",":version":"rv-jjqt_qzyk_ywrt",":created_at":"2026-06-13T17:29:18.307Z",":updated_at":"2026-06-13T17:29:18.307Z"}},{"type":"Feature","geometry":{"type":"MultiLineString","coordinates":[[[-122.436512747,37.785782877],[-122.436659142,37.78650535]]]},"properties":{"objectid":"1163","agency":null,"regulation":"Time limited","days":"M-F","hours":"800-1800","hrs_begin":"800","hrs_end":"1800","regdetails":null,"modified":null,"editor":null,"rpparea1":"G","rpparea2":null,"rpparea3":null,"fid_100":"5689","length_ft":"266","conflict":"0","enacted":null,"created_us":null,"created_da":null,"last_edite":null,"last_edi_1":null,"hrlimit":"2","created_user":null,"created_date":null,"last_edited_user":"MTA","last_edited_date":"2017-05-12 17:13:00-07:00","rpp_sym":"lapis lazuli, 2.5 pt, no dash","mtab_date":null,"mtab_motion":null,"mtab_reso_text":null,"sym_rpp2":"lapis lazuli, 2.5 pt, no dash | 2, M-F, 800-1800","globalid":null,"exceptions":"Yes. RPP holders are exempt from time limits.","from_time":"8am","to_time":"6pm","data_as_of":"2017-05-12T17:13:00.000","analysis_neighborhood":"Pacific Heights","supervisor_district":"2","data_loaded_at":"2026-06-13T10:29:08.190",":id":"row-wvu2_wkxe.eak6",":version":"rv-2esy~ckyx~49ij",":created_at":"2026-06-13T17:29:18.307Z",":updated_at":"2026-06-13T17:29:18.307Z"}},{"type":"Feature","geometry":{"type":"MultiLineString","coordinates":[[[-122.433018812,37.792775344],[-122.43308451,37.793099421]]]},"properties":{"objectid":"173","agency":null,"regulation":"Time limited","days":"M-F","hours":"800-1800","hrs_begin":"800","hrs_end":"1800","regdetails":null,"modified":null,"editor":null,"rpparea1":"G","rpparea2":null,"rpparea3":null,"fid_100":"5803","length_ft":"120","conflict":"0","enacted":null,"created_us":null,"created_da":null,"last_edite":null,"last_edi_1":null,"hrlimit":"2","created_user":null,"created_date":null,"last_edited_user":"MTA","last_edited_date":"2017-05-12 17:12:58-07:00","rpp_sym":"lapis lazuli, 2.5 pt, no dash","mtab_date":null,"mtab_motion":null,"mtab_reso_text":null,"sym_rpp2":"lapis lazuli, 2.5 pt, no dash | 2, M-F, 800-1800","globalid":null,"exceptions":"Yes. RPP holders are exempt from time limits.","from_time":"8am","to_time":"6pm","data_as_of":"2017-05-12T17:12:58.000","analysis_neighborhood":"Pacific Heights","supervisor_district":"2","data_loaded_at":"2026-06-13T10:29:08.190",":id":"row-5vqu_cw2n~zf2r",":version":"rv-dv5g_vsji-v8e5",":created_at":"2026-06-13T17:29:18.307Z",":updated_at":"2026-06-13T17:29:18.307Z"}},{"type":"Feature","geometry":{"type":"MultiLineString","coordinates":[[[-122.444179067,37.790395798],[-122.442787709,37.790572879]]]},"properties":{"objectid":"2566","agency":null,"regulation":"Time limited","days":"M-F","hours":"800-1800","hrs_begin":"800","hrs_end":"1800","regdetails":null,"modified":null,"editor":null,"rpparea1":"G","rpparea2":null,"rpparea3":null,"fid_100":"5944","length_ft":"407","conflict":"0","enacted":null,"created_us":null,"created_da":null,"last_edite":null,"last_edi_1":null,"hrlimit":"2","created_user":null,"created_date":null,"last_edited_user":"MTA","last_edited_date":"2017-05-12 17:13:36-07:00","rpp_sym":"lapis lazuli, 2.5 pt, no dash","mtab_date":null,"mtab_motion":null,"mtab_reso_text":null,"sym_rpp2":"lapis lazuli, 2.5 pt, no dash | 2, M-F, 800-1800","globalid":null,"exceptions":"Yes. RPP holders are exempt from time limits.","from_time":"8am","to_time":"6pm","data_as_of":"2017-05-12T17:13:36.000","analysis_neighborhood":"Pacific Heights","supervisor_district":"2","data_loaded_at":"2026-06-13T10:29:08.190",":id":"row-g3g4-cdw2-9zqq",":version":"rv-876c~uxcc_2psb",":created_at":"2026-06-13T17:29:18.307Z",":updated_at":"2026-06-13T17:29:18.307Z"}},{"type":"Feature","geometry":{"type":"MultiLineString","coordinates":[[[-122.433490409,37.788869416],[-122.433066826,37.788923258]]]},"properties":{"objectid":"805","agency":null,"regulation":"Time limited","days":"M-F","hours":"800-1800","hrs_begin":"800","hrs_end":"1800","regdetails":null,"modified":null,"editor":null,"rpparea1":"G","rpparea2":null,"rpparea3":null,"fid_100":"5575","length_ft":"124","conflict":"0","enacted":null,"created_us":null,"created_da":null,"last_edite":null,"last_edi_1":null,"hrlimit":"2","created_user":null,"created_date":null,"last_edited_user":"RAYNELLCOOPER","last_edited_date":"2024-04-29 17:21:10-07:00","rpp_sym":"lapis lazuli, 2.5 pt, no dash","mtab_date":null,"mtab_motion":null,"mtab_reso_text":null,"sym_rpp2":"lapis lazuli, 2.5 pt, no dash | 2, M-F, 800-1800","globalid":null,"exceptions":"Yes. RPP holders are exempt from time limits.","from_time":"8am","to_time":"6pm","data_as_of":"2024-04-29T17:21:10.000","analysis_neighborhood":"Pacific Heights","supervisor_district":"2","data_loaded_at":"2026-06-13T10:29:08.190",":id":"row-myi9~dgf9~5fs3",":version":"rv-wuqd~4nrz-c8dj",":created_at":"2026-06-13T17:29:18.307Z",":updated_at":"2026-06-13T17:29:18.307Z"}},{"type":"Feature","geometry":{"type":"MultiLineString","coordinates":[[[-122.43918604,37.789990238],[-122.439044228,37.789300654]]]},"properties":{"objectid":"1592","agency":null,"regulation":"Time limited","days":"M-F","hours":"800-1800","hrs_begin":"800","hrs_end":"1800","regdetails":null,"modified":null,"editor":null,"rpparea1":"G","rpparea2":null,"rpparea3":null,"fid_100":"5751","length_ft":"254","conflict":"0","enacted":null,"created_us":null,"created_da":null,"last_edite":null,"last_edi_1":null,"hrlimit":"2","created_user":null,"created_date":null,"last_edited_user":"MTA","last_edited_date":"2017-05-12 17:13:38-07:00","rpp_sym":"lapis lazuli, 2.5 pt, no dash","mtab_date":null,"mtab_motion":null,"mtab_reso_text":null,"sym_rpp2":"lapis lazuli, 2.5 pt, no dash | 2, M-F, 800-1800","globalid":null,"exceptions":"Yes. RPP holders are exempt from time limits.","from_time":"8am","to_time":"6pm","data_as_of":"2017-05-12T17:13:38.000","analysis_neighborhood":"Pacific Heights","supervisor_district":"2","data_loaded_at":"2026-06-13T10:29:08.190",":id":"row-am3y_acca-58zb",":version":"rv-ezd3-d94i_82u7",":created_at":"2026-06-13T17:29:18.307Z",":updated_at":"2026-06-13T17:29:18.307Z"}},{"type":"Feature","geometry":{"type":"MultiLineString","coordinates":[[[-122.419285835,37.792568643],[-122.417867338,37.792748125]]]},"properties":{"objectid":"6578","agency":null,"regulation":"Time limited","days":"M-Sa","hours":"800-2100","hrs_begin":"800","hrs_end":"2100","regdetails":null,"modified":null,"editor":null,"rpparea1":"C","rpparea2":"G","rpparea3":null,"fid_100":"4908","length_ft":"415","conflict":"0","enacted":null,"created_us":null,"created_da":null,"last_edite":null,"last_edi_1":null,"hrlimit":"2","created_user":null,"created_date":null,"last_edited_user":"MTA","last_edited_date":"2017-05-12 17:17:32-07:00","rpp_sym":"black, 2.5 pt, no dash","mtab_date":null,"mtab_motion":null,"mtab_reso_text":null,"sym_rpp2":"black, 2.5 pt, no dash | 2, M-Sa, 800-2100","globalid":null,"exceptions":"Yes. RPP holders are exempt from time limits.","from_time":"8am","to_time":"9pm","data_as_of":"2017-05-12T17:17:32.000","analysis_neighborhood":"Nob Hill","supervisor_district":"3","data_loaded_at":"2026-06-13T10:29:08.190",":id":"row-mm4w.amne~aqzd",":version":"rv-dw8i_yd7a-iz9a",":created_at":"2026-06-13T17:29:18.307Z",":updated_at":"2026-06-13T17:29:18.307Z"}},{"type":"Feature","geometry":{"type":"MultiLineString","coordinates":[[[-122.441237477,37.784188459],[-122.44021876,37.784318337]]]},"properties":{"objectid":"5702","agency":null,"regulation":"Time limited","days":"M-F","hours":"800-1800","hrs_begin":"800","hrs_end":"1800","regdetails":null,"modified":null,"editor":null,"rpparea1":"G","rpparea2":null,"rpparea3":null,"fid_100":"6044","length_ft":"298","conflict":"0","enacted":null,"created_us":null,"created_da":null,"last_edite":null,"last_edi_1":null,"hrlimit":"2","created_user":null,"created_date":null,"last_edited_user":"MTA","last_edited_date":"2017-05-12 17:13:11-07:00","rpp_sym":"lapis lazuli, 2.5 pt, no dash","mtab_date":null,"mtab_motion":null,"mtab_reso_text":null,"sym_rpp2":"lapis lazuli, 2.5 pt, no dash | 2, M-F, 800-1800","globalid":null,"exceptions":"Yes. RPP holders are exempt from time limits.","from_time":"8am","to_time":"6pm","data_as_of":"2017-05-12T17:13:11.000","analysis_neighborhood":"Japantown","supervisor_district":"5","data_loaded_at":"2026-06-13T10:29:08.190",":id":"row-3qqh_3jz2.7nks",":version":"rv-tkt6~yzf5~6eag",":created_at":"2026-06-13T17:29:18.307Z",":updated_at":"2026-06-13T17:29:18.307Z"}},{"type":"Feature","geometry":{"type":"MultiLineString","coordinates":[[[-122.428610834,37.787738877],[-122.428756253,37.788459308]]]},"properties":{"objectid":"3005","agency":null,"regulation":"Time limited","days":"M-F","hours":"800-1800","hrs_begin":"800","hrs_end":"1800","regdetails":null,"modified":null,"editor":null,"rpparea1":"G","rpparea2":null,"rpparea3":null,"fid_100":"5616","length_ft":"266","conflict":"0","enacted":null,"created_us":null,"created_da":null,"last_edite":null,"last_edi_1":null,"hrlimit":"2","created_user":null,"created_date":null,"last_edited_user":"MTA","last_edited_date":"2017-05-12 17:13:03-07:00","rpp_sym":"lapis lazuli, 2.5 pt, no dash","mtab_date":null,"mtab_motion":null,"mtab_reso_text":null,"sym_rpp2":"lapis lazuli, 2.5 pt, no dash | 2, M-F, 800-1800","globalid":null,"exceptions":"Yes. RPP holders are exempt from time limits.","from_time":"8am","to_time":"6pm","data_as_of":"2017-05-12T17:13:03.000","analysis_neighborhood":"Pacific Heights","supervisor_district":"5","data_loaded_at":"2026-06-13T10:29:08.190",":id":"row-ubh5.7rqa_igc7",":version":"rv-may8~gbsd~sf39",":created_at":"2026-06-13T17:29:18.307Z",":updated_at":"2026-06-13T17:29:18.307Z"}},{"type":"Feature","geometry":{"type":"MultiLineString","coordinates":[[[-122.43276438,37.78799456],[-122.432131314,37.788074974]]]},"properties":{"objectid":"187","agency":null,"regulation":"Time limited","days":"M-F","hours":"800-1800","hrs_begin":"800","hrs_end":"1800","regdetails":null,"modified":null,"editor":null,"rpparea1":"G","rpparea2":null,"rpparea3":null,"fid_100":"5580","length_ft":"185","conflict":"0","enacted":null,"created_us":null,"created_da":null,"last_edite":null,"last_edi_1":null,"hrlimit":"2","created_user":null,"created_date":null,"last_edited_user":"MTA","last_edited_date":"2017-05-12 17:13:01-07:00","rpp_sym":"lapis lazuli, 2.5 pt, no dash","mtab_date":null,"mtab_motion":null,"mtab_reso_text":null,"sym_rpp2":"lapis lazuli, 2.5 pt, no dash | 2, M-F, 800-1800","globalid":null,"exceptions":"Yes. RPP holders are exempt from time limits.","from_time":"8am","to_time":"6pm","data_as_of":"2017-05-12T17:13:01.000","analysis_neighborhood":"Pacific Heights","supervisor_district":"5","data_loaded_at":"2026-06-13T10:29:08.190",":id":"row-qk2j.927f~da3y",":version":"rv-fnv3.uxg4-b8pz",":created_at":"2026-06-13T17:29:18.307Z",":updated_at":"2026-06-13T17:29:18.307Z"}},{"type":"Feature","geometry":{"type":"MultiLineString","coordinates":[[[-122.433514615,37.795324721],[-122.433367006,37.794596659]]]},"properties":{"objectid":"1051","agency":null,"regulation":"Time limited","days":"M-F","hours":"800-1800","hrs_begin":"800","hrs_end":"1800","regdetails":null,"modified":null,"editor":null,"rpparea1":"G","rpparea2":"K","rpparea3":null,"fid_100":"6077","length_ft":"269","conflict":"0","enacted":null,"created_us":null,"created_da":null,"last_edite":null,"last_edi_1":null,"hrlimit":"2","created_user":null,"created_date":null,"last_edited_user":"MTA","last_edited_date":"2017-05-12 17:13:13-07:00","rpp_sym":"lapis lazuli, 2.5 pt, no dash","mtab_date":null,"mtab_motion":null,"mtab_reso_text":null,"sym_rpp2":"lapis lazuli, 2.5 pt, no dash | 2, M-F, 800-1800","globalid":null,"exceptions":"Yes. RPP holders are exempt from time limits.","from_time":"8am","to_time":"6pm","data_as_of":"2017-05-12T17:13:13.000","analysis_neighborhood":"Pacific Heights","supervisor_district":"2","data_loaded_at":"2026-06-13T10:29:08.190",":id":"row-xipx_b62v.u7kw",":version":"rv-kmdv_dmt8~afta",":created_at":"2026-06-13T17:29:18.307Z",":updated_at":"2026-06-13T17:29:18.307Z"}},{"type":"Feature","geometry":{"type":"MultiLineString","coordinates":[[[-122.440656733,37.793484363],[-122.439977239,37.79357066]]]},"properties":{"objectid":"5658","agency":null,"regulation":"Time limited","days":"M-F","hours":"800-1800","hrs_begin":"800","hrs_end":"1800","regdetails":null,"modified":null,"editor":null,"rpparea1":"G","rpparea2":"K","rpparea3":null,"fid_100":"5882","length_ft":"199","conflict":"0","enacted":null,"created_us":null,"created_da":null,"last_edite":null,"last_edi_1":null,"hrlimit":"2","created_user":null,"created_date":null,"last_edited_user":"MTA","last_edited_date":"2017-05-12 17:12:58-07:00","rpp_sym":"lapis lazuli, 2.5 pt, no dash","mtab_date":null,"mtab_motion":null,"mtab_reso_text":null,"sym_rpp2":"lapis lazuli, 2.5 pt, no dash | 2, M-F, 800-1800","globalid":null,"exceptions":"Yes. RPP holders are exempt from time limits.","from_time":"8am","to_time":"6pm","data_as_of":"2017-05-12T17:12:58.000","analysis_neighborhood":"Pacific Heights","supervisor_district":"2","data_loaded_at":"2026-06-13T10:29:08.190",":id":"row-gtut.yawx~yscw",":version":"rv-kcz4_7s3s.66c3",":created_at":"2026-06-13T17:29:18.307Z",":updated_at":"2026-06-13T17:29:18.307Z"}},{"type":"Feature","geometry":{"type":"MultiLineString","coordinates":[[[-122.44274149,37.791332171],[-122.442601909,37.790643883]]]},"properties":{"objectid":"3810","agency":null,"regulation":"Time limited","days":"M-F","hours":"800-1800","hrs_begin":"800","hrs_end":"1800","regdetails":null,"modified":null,"editor":null,"rpparea1":"G","rpparea2":null,"rpparea3":null,"fid_100":"5957","length_ft":"254","conflict":"0","enacted":null,"created_us":null,"created_da":null,"last_edite":null,"last_edi_1":null,"hrlimit":"2","created_user":null,"created_date":null,"last_edited_user":"MTA","last_edited_date":"2017-05-12 17:13:01-07:00","rpp_sym":"lapis lazuli, 2.5 pt, no dash","mtab_date":null,"mtab_motion":null,"mtab_reso_text":null,"sym_rpp2":"lapis lazuli, 2.5 pt, no dash | 2, M-F, 800-1800","globalid":null,"exceptions":"Yes. RPP holders are exempt from time limits.","from_time":"8am","to_time":"6pm","data_as_of":"2017-05-12T17:13:01.000","analysis_neighborhood":"Pacific Heights","supervisor_district":"2","data_loaded_at":"2026-06-13T10:29:08.190",":id":"row-55qd_8r6d.7b4n",":version":"rv-hb23~mpvv.zgb7",":created_at":"2026-06-13T17:29:18.307Z",":updated_at":"2026-06-13T17:29:18.307Z"}},{"type":"Feature","geometry":{"type":"MultiLineString","coordinates":[[[-122.428070691,37.794086046],[-122.427934583,37.793412063]]]},"properties":{"objectid":"6675","agency":null,"regulation":"Time limited","days":"M-F","hours":"800-1800","hrs_begin":"800","hrs_end":"1800","regdetails":null,"modified":null,"editor":null,"rpparea1":"G","rpparea2":null,"rpparea3":null,"fid_100":"5837","length_ft":"249","conflict":"0","enacted":null,"created_us":null,"created_da":null,"last_edite":null,"last_edi_1":null,"hrlimit":"2","created_user":null,"created_date":null,"last_edited_user":"MTA","last_edited_date":"2017-05-12 17:13:23-07:00","rpp_sym":"lapis lazuli, 2.5 pt, no dash","mtab_date":null,"mtab_motion":null,"mtab_reso_text":null,"sym_rpp2":"lapis lazuli, 2.5 pt, no dash | 2, M-F, 800-1800","globalid":null,"exceptions":"Yes. RPP holders are exempt from time limits.","from_time":"8am","to_time":"6pm","data_as_of":"2017-05-12T17:13:23.000","analysis_neighborhood":"Pacific Heights","supervisor_district":"2","data_loaded_at":"2026-06-13T10:29:08.190",":id":"row-6wir.isn9-78zr",":version":"rv-3wa9~tgne_wg2w",":created_at":"2026-06-13T17:29:18.307Z",":updated_at":"2026-06-13T17:29:18.307Z"}},{"type":"Feature","geometry":{"type":"MultiLineString","coordinates":[[[-122.443075031,37.784894195],[-122.441665751,37.785073389]]]},"properties":{"objectid":"6387","agency":null,"regulation":"Time limited","days":"M-F","hours":"800-1800","hrs_begin":"800","hrs_end":"1800","regdetails":null,"modified":null,"editor":null,"rpparea1":"G","rpparea2":null,"rpparea3":null,"fid_100":"6020","length_ft":"412","conflict":"0","enacted":null,"created_us":null,"created_da":null,"last_edite":null,"last_edi_1":null,"hrlimit":"2","created_user":null,"created_date":null,"last_edited_user":"MTA","last_edited_date":"2017-05-12 17:12:59-07:00","rpp_sym":"lapis lazuli, 2.5 pt, no dash","mtab_date":null,"mtab_motion":null,"mtab_reso_text":null,"sym_rpp2":"lapis lazuli, 2.5 pt, no dash | 2, M-F, 800-1800","globalid":null,"exceptions":"Yes. RPP holders are exempt from time limits.","from_time":"8am","to_time":"6pm","data_as_of":"2017-05-12T17:12:59.000","analysis_neighborhood":"Pacific Heights","supervisor_district":"2","data_loaded_at":"2026-06-13T10:29:08.190",":id":"row-5kjf-jtsg~3tgb",":version":"rv-pj3v.zve8.v5ye",":created_at":"2026-06-13T17:29:18.307Z",":updated_at":"2026-06-13T17:29:18.307Z"}},{"type":"Feature","geometry":{"type":"MultiLineString","coordinates":[[[-122.425718026,37.790793953],[-122.425574779,37.790083807]]]},"properties":{"objectid":"1939","agency":null,"regulation":"Time limited","days":"M-F","hours":"800-1800","hrs_begin":"800","hrs_end":"1800","regdetails":null,"modified":null,"editor":null,"rpparea1":"G","rpparea2":null,"rpparea3":null,"fid_100":"5663","length_ft":"262","conflict":"0","enacted":null,"created_us":null,"created_da":null,"last_edite":null,"last_edi_1":null,"hrlimit":"2","created_user":null,"created_date":null,"last_edited_user":"MTA","last_edited_date":"2017-05-12 17:13:37-07:00","rpp_sym":"lapis lazuli, 2.5 pt, no dash","mtab_date":null,"mtab_motion":null,"mtab_reso_text":null,"sym_rpp2":"lapis lazuli, 2.5 pt, no dash | 2, M-F, 800-1800","globalid":null,"exceptions":"Yes. RPP holders are exempt from time limits.","from_time":"8am","to_time":"6pm","data_as_of":"2017-05-12T17:13:37.000","analysis_neighborhood":"Pacific Heights","supervisor_district":"2","data_loaded_at":"2026-06-13T10:29:08.190",":id":"row-mydb-3u84.d3yr",":version":"rv-s8uv.qu5y-hjyq",":created_at":"2026-06-13T17:29:18.307Z",":updated_at":"2026-06-13T17:29:18.307Z"}},{"type":"Feature","geometry":{"type":"MultiLineString","coordinates":[[[-122.441613144,37.786053459],[-122.440398908,37.786207916]]]},"properties":{"objectid":"6559","agency":null,"regulation":"Time limited","days":"M-F","hours":"800-1800","hrs_begin":"800","hrs_end":"1800","regdetails":null,"modified":null,"editor":null,"rpparea1":"G","rpparea2":null,"rpparea3":null,"fid_100":"6023","length_ft":"355","conflict":"0","enacted":null,"created_us":null,"created_da":null,"last_edite":null,"last_edi_1":null,"hrlimit":"2","created_user":null,"created_date":null,"last_edited_user":"RAYNELLCOOPER","last_edited_date":"2024-04-29 17:21:10-07:00","rpp_sym":"lapis lazuli, 2.5 pt, no dash","mtab_date":null,"mtab_motion":null,"mtab_reso_text":null,"sym_rpp2":"lapis lazuli, 2.5 pt, no dash | 2, M-F, 800-1800","globalid":null,"exceptions":"Yes. RPP holders are exempt from time limits.","from_time":"8am","to_time":"6pm","data_as_of":"2024-04-29T17:21:10.000","analysis_neighborhood":"Pacific Heights","supervisor_district":"2","data_loaded_at":"2026-06-13T10:29:08.190",":id":"row-ynwc~wm7x_ymse",":version":"rv-9e59-we46~k7xi",":created_at":"2026-06-13T17:29:18.307Z",":updated_at":"2026-06-13T17:29:18.307Z"}},{"type":"Feature","geometry":{"type":"MultiLineString","coordinates":[[[-122.443661945,37.78754169],[-122.443511149,37.786795474]]]},"properties":{"objectid":"2066","agency":null,"regulation":"Time limited","days":"M-F","hours":"800-1800","hrs_begin":"800","hrs_end":"1800","regdetails":null,"modified":null,"editor":null,"rpparea1":"G","rpparea2":null,"rpparea3":null,"fid_100":"6000","length_ft":"275","conflict":"0","enacted":null,"created_us":null,"created_da":null,"last_edite":null,"last_edi_1":null,"hrlimit":"2","created_user":null,"created_date":null,"last_edited_user":"MTA","last_edited_date":"2017-05-12 17:12:58-07:00","rpp_sym":"lapis lazuli, 2.5 pt, no dash","mtab_date":null,"mtab_motion":null,"mtab_reso_text":null,"sym_rpp2":"lapis lazuli, 2.5 pt, no dash | 2, M-F, 800-1800","globalid":null,"exceptions":"Yes. RPP holders are exempt from time limits.","from_time":"8am","to_time":"6pm","data_as_of":"2017-05-12T17:12:58.000","analysis_neighborhood":"Pacific Heights","supervisor_district":"2","data_loaded_at":"2026-06-13T10:29:08.190",":id":"row-6awi.su75~d6xi",":version":"rv-suvh.99hi.vvqm",":created_at":"2026-06-13T17:29:18.307Z",":updated_at":"2026-06-13T17:29:18.307Z"}},{"type":"Feature","geometry":{"type":"MultiLineString","coordinates":[[[-122.446298413,37.792767687],[-122.44494267,37.792939675]]]},"properties":{"objectid":"5781","agency":null,"regulation":"Time limited","days":"M-F","hours":"800-1800","hrs_begin":"800","hrs_end":"1800","regdetails":null,"modified":null,"editor":null,"rpparea1":"G","rpparea2":"K","rpparea3":null,"fid_100":"5911","length_ft":"397","conflict":"0","enacted":null,"created_us":null,"created_da":null,"last_edite":null,"last_edi_1":null,"hrlimit":"3","created_user":null,"created_date":null,"last_edited_user":"MTA","last_edited_date":"2017-05-12 17:13:28-07:00","rpp_sym":"lapis lazuli, 2.5 pt, dash 3:1, interval 2","mtab_date":null,"mtab_motion":null,"mtab_reso_text":null,"sym_rpp2":"lapis lazuli, 2.5 pt, dash 3:1, interval 2 | 3, M-F, 800-1800","globalid":null,"exceptions":"Yes. RPP holders are exempt from time limits.","from_time":"8am","to_time":"6pm","data_as_of":"2017-05-12T17:13:28.000","analysis_neighborhood":"Pacific Heights","supervisor_district":"2","data_loaded_at":"2026-06-13T10:29:08.190",":id":"row-5vtn-6ep9-7dti",":version":"rv-2n2u~fk8t-6ywb",":created_at":"2026-06-13T17:29:18.307Z",":updated_at":"2026-06-13T17:29:18.307Z"}},{"type":"Feature","geometry":{"type":"MultiLineString","coordinates":[[[-122.417488999,37.791858071],[-122.417341889,37.791127801]]]},"properties":{"objectid":"586","agency":null,"regulation":"Time limited","days":"M-Sa","hours":"800-2100","hrs_begin":"800","hrs_end":"2100","regdetails":null,"modified":null,"editor":null,"rpparea1":"C","rpparea2":"G","rpparea3":null,"fid_100":"4900","length_ft":"269","conflict":"0","enacted":null,"created_us":null,"created_da":null,"last_edite":null,"last_edi_1":null,"hrlimit":"2","created_user":null,"created_date":null,"last_edited_user":"MTA","last_edited_date":"2017-05-12 17:17:32-07:00","rpp_sym":"black, 2.5 pt, no dash","mtab_date":null,"mtab_motion":null,"mtab_reso_text":null,"sym_rpp2":"black, 2.5 pt, no dash | 2, M-Sa, 800-2100","globalid":null,"exceptions":"Yes. RPP holders are exempt from time limits.","from_time":"8am","to_time":"9pm","data_as_of":"2017-05-12T17:17:32.000","analysis_neighborhood":"Nob Hill","supervisor_district":"3","data_loaded_at":"2026-06-13T10:29:08.190",":id":"row-99hx-9yr2~m85w",":version":"rv-ichd_m28k~jgnk",":created_at":"2026-06-13T17:29:18.307Z",":updated_at":"2026-06-13T17:29:18.307Z"}},{"type":"Feature","geometry":{"type":"MultiLineString","coordinates":[[[-122.425122451,37.795404587],[-122.424979237,37.79469848]]]},"properties":{"objectid":"4284","agency":null,"regulation":"Time limited","days":"M-F","hours":"800-1800","hrs_begin":"800","hrs_end":"1800","regdetails":null,"modified":null,"editor":null,"rpparea1":"G","rpparea2":"K","rpparea3":null,"fid_100":"5845","length_ft":"260","conflict":"0","enacted":null,"created_us":null,"created_da":null,"last_edite":null,"last_edi_1":null,"hrlimit":"2","created_user":null,"created_date":null,"last_edited_user":"MTA","last_edited_date":"2017-05-12 17:13:38-07:00","rpp_sym":"lapis lazuli, 2.5 pt, no dash","mtab_date":null,"mtab_motion":null,"mtab_reso_text":null,"sym_rpp2":"lapis lazuli, 2.5 pt, no dash | 2, M-F, 800-1800","globalid":null,"exceptions":"Yes. RPP holders are exempt from time limits.","from_time":"8am","to_time":"6pm","data_as_of":"2017-05-12T17:13:38.000","analysis_neighborhood":"Pacific Heights","supervisor_district":"2","data_loaded_at":"2026-06-13T10:29:08.190",":id":"row-39kv~rigs.28eh",":version":"rv-nkvf_ax6j.5gjn",":created_at":"2026-06-13T17:29:18.307Z",":updated_at":"2026-06-13T17:29:18.307Z"}},{"type":"Feature","geometry":{"type":"MultiLineString","coordinates":[[[-122.427141114,37.789842805],[-122.42575353,37.79001919]]]},"properties":{"objectid":"5958","agency":null,"regulation":"Time limited","days":"M-F","hours":"800-1800","hrs_begin":"800","hrs_end":"1800","regdetails":null,"modified":null,"editor":null,"rpparea1":"G","rpparea2":null,"rpparea3":null,"fid_100":"5564","length_ft":"406","conflict":"0","enacted":null,"created_us":null,"created_da":null,"last_edite":null,"last_edi_1":null,"hrlimit":"2","created_user":null,"created_date":null,"last_edited_user":"MTA","last_edited_date":"2017-05-12 17:13:25-07:00","rpp_sym":"lapis lazuli, 2.5 pt, no dash","mtab_date":null,"mtab_motion":null,"mtab_reso_text":null,"sym_rpp2":"lapis lazuli, 2.5 pt, no dash | 2, M-F, 800-1800","globalid":null,"exceptions":"Yes. RPP holders are exempt from time limits.","from_time":"8am","to_time":"6pm","data_as_of":"2017-05-12T17:13:25.000","analysis_neighborhood":"Pacific Heights","supervisor_district":"2","data_loaded_at":"2026-06-13T10:29:08.190",":id":"row-985p-y42k.hrgb",":version":"rv-z5h5.y7ug~m6em",":created_at":"2026-06-13T17:29:18.307Z",":updated_at":"2026-06-13T17:29:18.307Z"}},{"type":"Feature","geometry":{"type":"MultiLineString","coordinates":[[[-122.443071832,37.793176889],[-122.441661385,37.79335676]]]},"properties":{"objectid":"4995","agency":null,"regulation":"Time limited","days":"M-F","hours":"800-1800","hrs_begin":"800","hrs_end":"1800","regdetails":null,"modified":null,"editor":null,"rpparea1":"G","rpparea2":"K","rpparea3":null,"fid_100":"5895","length_ft":"413","conflict":"0","enacted":null,"created_us":null,"created_da":null,"last_edite":null,"last_edi_1":null,"hrlimit":"3","created_user":null,"created_date":null,"last_edited_user":"MTA","last_edited_date":"2017-05-12 17:13:00-07:00","rpp_sym":"lapis lazuli, 2.5 pt, dash 3:1, interval 2","mtab_date":null,"mtab_motion":null,"mtab_reso_text":null,"sym_rpp2":"lapis lazuli, 2.5 pt, dash 3:1, interval 2 | 3, M-F, 800-1800","globalid":null,"exceptions":"Yes. RPP holders are exempt from time limits.","from_time":"8am","to_time":"6pm","data_as_of":"2017-05-12T17:13:00.000","analysis_neighborhood":"Pacific Heights","supervisor_district":"2","data_loaded_at":"2026-06-13T10:29:08.190",":id":"row-6mf4-z4re-7z52",":version":"rv-gqbm~q8jm~ptuw",":created_at":"2026-06-13T17:29:18.307Z",":updated_at":"2026-06-13T17:29:18.307Z"}},{"type":"Feature","geometry":{"type":"MultiLineString","coordinates":[[[-122.429203808,37.79134794],[-122.42904511,37.790562139]]]},"properties":{"objectid":"966","agency":null,"regulation":"Time limited","days":"M-F","hours":"800-1800","hrs_begin":"800","hrs_end":"1800","regdetails":null,"modified":null,"editor":null,"rpparea1":"G","rpparea2":null,"rpparea3":null,"fid_100":"5654","length_ft":"290","conflict":"0","enacted":null,"created_us":null,"created_da":null,"last_edite":null,"last_edi_1":null,"hrlimit":"2","created_user":null,"created_date":null,"last_edited_user":"MTA","last_edited_date":"2017-05-12 17:13:36-07:00","rpp_sym":"lapis lazuli, 2.5 pt, no dash","mtab_date":null,"mtab_motion":null,"mtab_reso_text":null,"sym_rpp2":"lapis lazuli, 2.5 pt, no dash | 2, M-F, 800-1800","globalid":null,"exceptions":"Yes. RPP holders are exempt from time limits.","from_time":"8am","to_time":"6pm","data_as_of":"2017-05-12T17:13:36.000","analysis_neighborhood":"Pacific Heights","supervisor_district":"2","data_loaded_at":"2026-06-13T10:29:08.190",":id":"row-9u4k~7ns3~mazn",":version":"rv-3rw9.8du9~xsfa",":created_at":"2026-06-13T17:29:18.307Z",":updated_at":"2026-06-13T17:29:18.307Z"}},{"type":"Feature","geometry":{"type":"MultiLineString","coordinates":[[[-122.437219777,37.788596561],[-122.437290491,37.788948226]]]},"properties":{"objectid":"1101","agency":null,"regulation":"Time limited","days":"M-F","hours":"800-1800","hrs_begin":"800","hrs_end":"1800","regdetails":null,"modified":null,"editor":null,"rpparea1":"G","rpparea2":null,"rpparea3":null,"fid_100":"5709","length_ft":"130","conflict":"0","enacted":null,"created_us":null,"created_da":null,"last_edite":null,"last_edi_1":null,"hrlimit":"2","created_user":null,"created_date":null,"last_edited_user":"MTA","last_edited_date":"2017-05-12 17:13:23-07:00","rpp_sym":"lapis lazuli, 2.5 pt, no dash","mtab_date":null,"mtab_motion":null,"mtab_reso_text":null,"sym_rpp2":"lapis lazuli, 2.5 pt, no dash | 2, M-F, 800-1800","globalid":null,"exceptions":"Yes. RPP holders are exempt from time limits.","from_time":"8am","to_time":"6pm","data_as_of":"2017-05-12T17:13:23.000","analysis_neighborhood":"Pacific Heights","supervisor_district":"2","data_loaded_at":"2026-06-13T10:29:08.190",":id":"row-r94y-9nfx~mndh",":version":"rv-zb4y-cch4.9a5n",":created_at":"2026-06-13T17:29:18.307Z",":updated_at":"2026-06-13T17:29:18.307Z"}},{"type":"Feature","geometry":{"type":"MultiLineString","coordinates":[[[-122.449245713,37.791449181],[-122.447788216,37.79163508]]]},"properties":{"objectid":"1126","agency":null,"regulation":"Time limited","days":"M-F","hours":"900-1600","hrs_begin":"900","hrs_end":"1600","regdetails":null,"modified":"2015-01-07 16:00:00-08:00","editor":"Mark C. Dreger","rpparea1":"F","rpparea2":"G","rpparea3":null,"fid_100":"6053","length_ft":"427","conflict":"0","enacted":null,"created_us":null,"created_da":null,"last_edite":null,"last_edi_1":null,"hrlimit":"3","created_user":null,"created_date":null,"last_edited_user":"MTA","last_edited_date":"2017-05-12 17:10:56-07:00","rpp_sym":"seville orange, 2.5 pt, dash 3:1, interval 2","mtab_date":null,"mtab_motion":null,"mtab_reso_text":null,"sym_rpp2":"seville orange, 2.5 pt, dash 3:1, interval 2 | 3, M-F, 900-1600","globalid":null,"exceptions":"Yes. RPP holders are exempt from time limits.","from_time":"9am","to_time":"4pm","data_as_of":"2017-05-12T17:10:56.000","analysis_neighborhood":"Presidio Heights","supervisor_district":"2","data_loaded_at":"2026-06-13T10:29:08.190",":id":"row-rggm-nwej_k7vz",":version":"rv-8y49-rrhh.r7w8",":created_at":"2026-06-13T17:29:18.307Z",":updated_at":"2026-06-13T17:29:18.307Z"}},{"type":"Feature","geometry":{"type":"MultiLineString","coordinates":[[[-122.442150305,37.787721812],[-122.442002847,37.786991787]]]},"properties":{"objectid":"769","agency":null,"regulation":"Time limited","days":"M-F","hours":"800-1800","hrs_begin":"800","hrs_end":"1800","regdetails":null,"modified":null,"editor":null,"rpparea1":"G","rpparea2":null,"rpparea3":null,"fid_100":"6103","length_ft":"269","conflict":"0","enacted":null,"created_us":null,"created_da":null,"last_edite":null,"last_edi_1":null,"hrlimit":"2","created_user":null,"created_date":null,"last_edited_user":"MTA","last_edited_date":"2017-05-12 17:13:15-07:00","rpp_sym":"lapis lazuli, 2.5 pt, no dash","mtab_date":null,"mtab_motion":null,"mtab_reso_text":null,"sym_rpp2":"lapis lazuli, 2.5 pt, no dash | 2, M-F, 800-1800","globalid":null,"exceptions":"Yes. RPP holders are exempt from time limits.","from_time":"8am","to_time":"6pm","data_as_of":"2017-05-12T17:13:15.000","analysis_neighborhood":"Pacific Heights","supervisor_district":"2","data_loaded_at":"2026-06-13T10:29:08.190",":id":"row-twrr.bk2g.p46s",":version":"rv-x8je_ig2w.nfek",":created_at":"2026-06-13T17:29:18.307Z",":updated_at":"2026-06-13T17:29:18.307Z"}},{"type":"Feature","geometry":{"type":"MultiLineString","coordinates":[[[-122.44323914,37.785707416],[-122.441825154,37.785887114]]]},"properties":{"objectid":"5577","agency":null,"regulation":"Time limited","days":"M-F","hours":"800-1800","hrs_begin":"800","hrs_end":"1800","regdetails":null,"modified":null,"editor":null,"rpparea1":"G","rpparea2":null,"rpparea3":null,"fid_100":"6022","length_ft":"414","conflict":"0","enacted":null,"created_us":null,"created_da":null,"last_edite":null,"last_edi_1":null,"hrlimit":"2","created_user":null,"created_date":null,"last_edited_user":"MTA","last_edited_date":"2017-05-12 17:13:37-07:00","rpp_sym":"lapis lazuli, 2.5 pt, no dash","mtab_date":null,"mtab_motion":null,"mtab_reso_text":null,"sym_rpp2":"lapis lazuli, 2.5 pt, no dash | 2, M-F, 800-1800","globalid":null,"exceptions":"Yes. RPP holders are exempt from time limits.","from_time":"8am","to_time":"6pm","data_as_of":"2017-05-12T17:13:37.000","analysis_neighborhood":"Pacific Heights","supervisor_district":"2","data_loaded_at":"2026-06-13T10:29:08.190",":id":"row-fvfe-u89p.sehu",":version":"rv-ve5p_83ew_w6um",":created_at":"2026-06-13T17:29:18.307Z",":updated_at":"2026-06-13T17:29:18.307Z"}},{"type":"Feature","geometry":{"type":"MultiLineString","coordinates":[[[-122.438450126,37.794706469],[-122.438299276,37.793960828]]]},"properties":{"objectid":"5141","agency":null,"regulation":"Time limited","days":"M-F","hours":"800-1800","hrs_begin":"800","hrs_end":"1800","regdetails":null,"modified":null,"editor":null,"rpparea1":"G","rpparea2":"K","rpparea3":null,"fid_100":"6061","length_ft":"275","conflict":"0","enacted":null,"created_us":null,"created_da":null,"last_edite":null,"last_edi_1":null,"hrlimit":"2","created_user":null,"created_date":null,"last_edited_user":"MTA","last_edited_date":"2017-05-12 17:13:00-07:00","rpp_sym":"lapis lazuli, 2.5 pt, no dash","mtab_date":null,"mtab_motion":null,"mtab_reso_text":null,"sym_rpp2":"lapis lazuli, 2.5 pt, no dash | 2, M-F, 800-1800","globalid":null,"exceptions":"Yes. RPP holders are exempt from time limits.","from_time":"8am","to_time":"6pm","data_as_of":"2017-05-12T17:13:00.000","analysis_neighborhood":"Pacific Heights","supervisor_district":"2","data_loaded_at":"2026-06-13T10:29:08.190",":id":"row-ca87.hjp5.75bt",":version":"rv-mz8v_tctz_kvtu",":created_at":"2026-06-13T17:29:18.307Z",":updated_at":"2026-06-13T17:29:18.307Z"}},{"type":"Feature","geometry":{"type":"MultiLineString","coordinates":[[[-122.442907436,37.792364809],[-122.442746271,37.792387043]]]},"properties":{"objectid":"5701","agency":null,"regulation":"Time limited","days":"M-F","hours":"800-1800","hrs_begin":"800","hrs_end":"1800","regdetails":null,"modified":null,"editor":null,"rpparea1":"G","rpparea2":"K","rpparea3":null,"fid_100":"5896","length_ft":"47","conflict":"0","enacted":null,"created_us":null,"created_da":null,"last_edite":null,"last_edi_1":null,"hrlimit":"3","created_user":null,"created_date":null,"last_edited_user":"MTA","last_edited_date":"2017-05-12 17:13:37-07:00","rpp_sym":"lapis lazuli, 2.5 pt, dash 3:1, interval 2","mtab_date":null,"mtab_motion":null,"mtab_reso_text":null,"sym_rpp2":"lapis lazuli, 2.5 pt, dash 3:1, interval 2 | 3, M-F, 800-1800","globalid":null,"exceptions":"Yes. RPP holders are exempt from time limits.","from_time":"8am","to_time":"6pm","data_as_of":"2017-05-12T17:13:37.000","analysis_neighborhood":"Pacific Heights","supervisor_district":"2","data_loaded_at":"2026-06-13T10:29:08.190",":id":"row-qkjs_3fam~zcqv",":version":"rv-baqs.r7rz-nw4i",":created_at":"2026-06-13T17:29:18.307Z",":updated_at":"2026-06-13T17:29:18.307Z"}},{"type":"Feature","geometry":{"type":"MultiLineString","coordinates":[[[-122.441237615,37.792425406],[-122.44109816,37.791737142]]]},"properties":{"objectid":"414","agency":null,"regulation":"Time limited","days":"M-F","hours":"800-1800","hrs_begin":"800","hrs_end":"1800","regdetails":null,"modified":null,"editor":null,"rpparea1":"G","rpparea2":null,"rpparea3":null,"fid_100":"5892","length_ft":"254","conflict":"0","enacted":null,"created_us":null,"created_da":null,"last_edite":null,"last_edi_1":null,"hrlimit":"3","created_user":null,"created_date":null,"last_edited_user":"MTA","last_edited_date":"2017-05-12 17:13:00-07:00","rpp_sym":"lapis lazuli, 2.5 pt, dash 3:1, interval 2","mtab_date":null,"mtab_motion":null,"mtab_reso_text":null,"sym_rpp2":"lapis lazuli, 2.5 pt, dash 3:1, interval 2 | 3, M-F, 800-1800","globalid":null,"exceptions":"Yes. RPP holders are exempt from time limits.","from_time":"8am","to_time":"6pm","data_as_of":"2017-05-12T17:13:00.000","analysis_neighborhood":"Pacific Heights","supervisor_district":"2","data_loaded_at":"2026-06-13T10:29:08.190",":id":"row-ucst-mkx3-27fn",":version":"rv-v4ch.qc5b_3imc",":created_at":"2026-06-13T17:29:18.307Z",":updated_at":"2026-06-13T17:29:18.307Z"}},{"type":"Feature","geometry":{"type":"MultiLineString","coordinates":[[[-122.44083944,37.790723211],[-122.439429919,37.790902561]]]},"properties":{"objectid":"5466","agency":null,"regulation":"Time limited","days":"M-F","hours":"800-1800","hrs_begin":"800","hrs_end":"1800","regdetails":null,"modified":null,"editor":null,"rpparea1":"G","rpparea2":null,"rpparea3":null,"fid_100":"5780","length_ft":"412","conflict":"0","enacted":null,"created_us":null,"created_da":null,"last_edite":null,"last_edi_1":null,"hrlimit":"2","created_user":null,"created_date":null,"last_edited_user":"MTA","last_edited_date":"2017-05-12 17:13:38-07:00","rpp_sym":"lapis lazuli, 2.5 pt, no dash","mtab_date":null,"mtab_motion":null,"mtab_reso_text":null,"sym_rpp2":"lapis lazuli, 2.5 pt, no dash | 2, M-F, 800-1800","globalid":null,"exceptions":"Yes. RPP holders are exempt from time limits.","from_time":"8am","to_time":"6pm","data_as_of":"2017-05-12T17:13:38.000","analysis_neighborhood":"Pacific Heights","supervisor_district":"2","data_loaded_at":"2026-06-13T10:29:08.190",":id":"row-j8hn_98x4.4s8g",":version":"rv-6ef9.ien5.fa4m",":created_at":"2026-06-13T17:29:18.307Z",":updated_at":"2026-06-13T17:29:18.307Z"}},{"type":"Feature","geometry":{"type":"MultiLineString","coordinates":[[[-122.441771689,37.786850812],[-122.440389098,37.787026839]]]},"properties":{"objectid":"2913","agency":null,"regulation":"Time limited","days":"M-F","hours":"800-1800","hrs_begin":"800","hrs_end":"1800","regdetails":null,"modified":null,"editor":null,"rpparea1":"G","rpparea2":null,"rpparea3":null,"fid_100":"6110","length_ft":"405","conflict":"0","enacted":null,"created_us":null,"created_da":null,"last_edite":null,"last_edi_1":null,"hrlimit":"2","created_user":null,"created_date":null,"last_edited_user":"MTA","last_edited_date":"2017-05-12 17:13:01-07:00","rpp_sym":"lapis lazuli, 2.5 pt, no dash","mtab_date":null,"mtab_motion":null,"mtab_reso_text":null,"sym_rpp2":"lapis lazuli, 2.5 pt, no dash | 2, M-F, 800-1800","globalid":null,"exceptions":"Yes. RPP holders are exempt from time limits.","from_time":"8am","to_time":"6pm","data_as_of":"2017-05-12T17:13:01.000","analysis_neighborhood":"Pacific Heights","supervisor_district":"2","data_loaded_at":"2026-06-13T10:29:08.190",":id":"row-bj2q~qbug~2gft",":version":"rv-79ad-uknw-e9n5",":created_at":"2026-06-13T17:29:18.307Z",":updated_at":"2026-06-13T17:29:18.307Z"}},{"type":"Feature","geometry":{"type":"MultiLineString","coordinates":[[[-122.435151809,37.786700014],[-122.435005038,37.78597286]]]},"properties":{"objectid":"6575","agency":null,"regulation":"Time limited","days":"M-F","hours":"800-1800","hrs_begin":"800","hrs_end":"1800","regdetails":null,"modified":null,"editor":null,"rpparea1":"G","rpparea2":null,"rpparea3":null,"fid_100":"5691","length_ft":"268","conflict":"0","enacted":null,"created_us":null,"created_da":null,"last_edite":null,"last_edi_1":null,"hrlimit":"2","created_user":null,"created_date":null,"last_edited_user":"MTA","last_edited_date":"2017-05-12 17:13:03-07:00","rpp_sym":"lapis lazuli, 2.5 pt, no dash","mtab_date":null,"mtab_motion":null,"mtab_reso_text":null,"sym_rpp2":"lapis lazuli, 2.5 pt, no dash | 2, M-F, 800-1800","globalid":null,"exceptions":"Yes. RPP holders are exempt from time limits.","from_time":"8am","to_time":"6pm","data_as_of":"2017-05-12T17:13:03.000","analysis_neighborhood":"Pacific Heights","supervisor_district":"2","data_loaded_at":"2026-06-13T10:29:08.190",":id":"row-63yx-p5xr-jauy",":version":"rv-u4i6~3bvk-4xkj",":created_at":"2026-06-13T17:29:18.307Z",":updated_at":"2026-06-13T17:29:18.307Z"}},{"type":"Feature","geometry":{"type":"MultiLineString","coordinates":[[[-122.440743896,37.794237814],[-122.440628208,37.793664622]]]},"properties":{"objectid":"65","agency":null,"regulation":"Time limited","days":"M-F","hours":"800-1800","hrs_begin":"800","hrs_end":"1800","regdetails":null,"modified":null,"editor":null,"rpparea1":"G","rpparea2":"K","rpparea3":null,"fid_100":"6070","length_ft":"211","conflict":"0","enacted":null,"created_us":null,"created_da":null,"last_edite":null,"last_edi_1":null,"hrlimit":"2","created_user":null,"created_date":null,"last_edited_user":"MTA","last_edited_date":"2017-05-12 17:13:27-07:00","rpp_sym":"lapis lazuli, 2.5 pt, no dash","mtab_date":null,"mtab_motion":null,"mtab_reso_text":null,"sym_rpp2":"lapis lazuli, 2.5 pt, no dash | 2, M-F, 800-1800","globalid":null,"exceptions":"Yes. RPP holders are exempt from time limits.","from_time":"8am","to_time":"6pm","data_as_of":"2017-05-12T17:13:27.000","analysis_neighborhood":"Pacific Heights","supervisor_district":"2","data_loaded_at":"2026-06-13T10:29:08.190",":id":"row-hdba_pvjj_uzqv",":version":"rv-vh9u~ym2n-z9xx",":created_at":"2026-06-13T17:29:18.307Z",":updated_at":"2026-06-13T17:29:18.307Z"}},{"type":"Feature","geometry":{"type":"MultiLineString","coordinates":[[[-122.426040708,37.792702342],[-122.424649435,37.792879177]]]},"properties":{"objectid":"4222","agency":null,"regulation":"Time limited","days":"M-Sa","hours":"800-2300","hrs_begin":"800","hrs_end":"2300","regdetails":"MON - FRI: 8AM - 11PM; SAT: 5PM - 11PM","modified":"2015-01-08 16:00:00-08:00","editor":"Mark C. Dreger","rpparea1":"G","rpparea2":null,"rpparea3":null,"fid_100":"5676","length_ft":"407","conflict":"0","enacted":null,"created_us":null,"created_da":null,"last_edite":null,"last_edi_1":null,"hrlimit":"2","created_user":null,"created_date":null,"last_edited_user":"MTA","last_edited_date":"2017-05-12 17:19:20-07:00","rpp_sym":"leaf green, 2.5 pt, no dash","mtab_date":null,"mtab_motion":null,"mtab_reso_text":null,"sym_rpp2":"leaf green, 2.5 pt, no dash | 2, M-Sa, 800-2300","globalid":null,"exceptions":"Yes. RPP holders are exempt from time limits.","from_time":"8am","to_time":"11pm","data_as_of":"2017-05-12T17:19:20.000","analysis_neighborhood":"Pacific Heights","supervisor_district":"2","data_loaded_at":"2026-06-13T10:29:08.190",":id":"row-a98g_zs49-8m4s",":version":"rv-unen~6nve_iddb",":created_at":"2026-06-13T17:29:18.307Z",":updated_at":"2026-06-13T17:29:18.307Z"}},{"type":"Feature","geometry":{"type":"MultiLineString","coordinates":[[[-122.440261663,37.788004294],[-122.438880394,37.788179952]]]},"properties":{"objectid":"3760","agency":null,"regulation":"Time limited","days":"M-F","hours":"800-1800","hrs_begin":"800","hrs_end":"1800","regdetails":null,"modified":null,"editor":null,"rpparea1":"G","rpparea2":null,"rpparea3":null,"fid_100":"5714","length_ft":"404","conflict":"0","enacted":null,"created_us":null,"created_da":null,"last_edite":null,"last_edi_1":null,"hrlimit":"2","created_user":null,"created_date":null,"last_edited_user":"MTA","last_edited_date":"2017-05-12 17:13:23-07:00","rpp_sym":"lapis lazuli, 2.5 pt, no dash","mtab_date":null,"mtab_motion":null,"mtab_reso_text":null,"sym_rpp2":"lapis lazuli, 2.5 pt, no dash | 2, M-F, 800-1800","globalid":null,"exceptions":"Yes. RPP holders are exempt from time limits.","from_time":"8am","to_time":"6pm","data_as_of":"2017-05-12T17:13:23.000","analysis_neighborhood":"Pacific Heights","supervisor_district":"2","data_loaded_at":"2026-06-13T10:29:08.190",":id":"row-vf5u~6m6s~djer",":version":"rv-s842-t6a9_idph",":created_at":"2026-06-13T17:29:18.307Z",":updated_at":"2026-06-13T17:29:18.307Z"}},{"type":"Feature","geometry":{"type":"MultiLineString","coordinates":[[[-122.432707236,37.791199986],[-122.432807555,37.791696004]]]},"properties":{"objectid":"2949","agency":null,"regulation":"Time limited","days":"M-F","hours":"800-1800","hrs_begin":"800","hrs_end":"1800","regdetails":null,"modified":null,"editor":null,"rpparea1":"G","rpparea2":null,"rpparea3":null,"fid_100":"5880","length_ft":"183","conflict":"0","enacted":null,"created_us":null,"created_da":null,"last_edite":null,"last_edi_1":null,"hrlimit":"2","created_user":null,"created_date":null,"last_edited_user":"MTA","last_edited_date":"2017-05-12 17:13:12-07:00","rpp_sym":"lapis lazuli, 2.5 pt, no dash","mtab_date":null,"mtab_motion":null,"mtab_reso_text":null,"sym_rpp2":"lapis lazuli, 2.5 pt, no dash | 2, M-F, 800-1800","globalid":null,"exceptions":"Yes. RPP holders are exempt from time limits.","from_time":"8am","to_time":"6pm","data_as_of":"2017-05-12T17:13:12.000","analysis_neighborhood":"Pacific Heights","supervisor_district":"2","data_loaded_at":"2026-06-13T10:29:08.190",":id":"row-9pfr-xnwg~di5q",":version":"rv-wkyr_3y4g-tdpw",":created_at":"2026-06-13T17:29:18.307Z",":updated_at":"2026-06-13T17:29:18.307Z"}},{"type":"Feature","geometry":{"type":"MultiLineString","coordinates":[[[-122.442018381,37.787741447],[-122.441867708,37.787006055]]]},"properties":{"objectid":"7519","agency":null,"regulation":"Time limited","days":"M-F","hours":"800-1800","hrs_begin":"800","hrs_end":"1800","regdetails":null,"modified":null,"editor":null,"rpparea1":"G","rpparea2":null,"rpparea3":null,"fid_100":"6104","length_ft":"271","conflict":"0","enacted":null,"created_us":null,"created_da":null,"last_edite":null,"last_edi_1":null,"hrlimit":"2","created_user":null,"created_date":null,"last_edited_user":"MTA","last_edited_date":"2017-05-12 17:13:00-07:00","rpp_sym":"lapis lazuli, 2.5 pt, no dash","mtab_date":null,"mtab_motion":null,"mtab_reso_text":null,"sym_rpp2":"lapis lazuli, 2.5 pt, no dash | 2, M-F, 800-1800","globalid":null,"exceptions":"Yes. RPP holders are exempt from time limits.","from_time":"8am","to_time":"6pm","data_as_of":"2017-05-12T17:13:00.000","analysis_neighborhood":"Pacific Heights","supervisor_district":"2","data_loaded_at":"2026-06-13T10:29:08.190",":id":"row-39sg_2se6-m9m3",":version":"rv-zp3f~79yq-rfh3",":created_at":"2026-06-13T17:29:18.307Z",":updated_at":"2026-06-13T17:29:18.307Z"}},{"type":"Feature","geometry":{"type":"MultiLineString","coordinates":[[[-122.426405354,37.79446527],[-122.425032058,37.794640682]]]},"properties":{"objectid":"3086","agency":null,"regulation":"Time limited","days":"M-F","hours":"800-1800","hrs_begin":"800","hrs_end":"1800","regdetails":null,"modified":null,"editor":null,"rpparea1":"G","rpparea2":"K","rpparea3":null,"fid_100":"5855","length_ft":"402","conflict":"0","enacted":null,"created_us":null,"created_da":null,"last_edite":null,"last_edi_1":null,"hrlimit":"2","created_user":null,"created_date":null,"last_edited_user":"MTA","last_edited_date":"2017-05-12 17:13:37-07:00","rpp_sym":"lapis lazuli, 2.5 pt, no dash","mtab_date":null,"mtab_motion":null,"mtab_reso_text":null,"sym_rpp2":"lapis lazuli, 2.5 pt, no dash | 2, M-F, 800-1800","globalid":null,"exceptions":"Yes. RPP holders are exempt from time limits.","from_time":"8am","to_time":"6pm","data_as_of":"2017-05-12T17:13:37.000","analysis_neighborhood":"Pacific Heights","supervisor_district":"2","data_loaded_at":"2026-06-13T10:29:08.190",":id":"row-v2b3-3ms8.5uj2",":version":"rv-5tgi-rhpc_w2qk",":created_at":"2026-06-13T17:29:18.307Z",":updated_at":"2026-06-13T17:29:18.307Z"}},{"type":"Feature","geometry":{"type":"MultiLineString","coordinates":[[[-122.440681015,37.789938668],[-122.439267777,37.790117362]]]},"properties":{"objectid":"7581","agency":null,"regulation":"Time limited","days":"M-F","hours":"800-1800","hrs_begin":"800","hrs_end":"1800","regdetails":null,"modified":null,"editor":null,"rpparea1":"G","rpparea2":null,"rpparea3":null,"fid_100":"5743","length_ft":"414","conflict":"0","enacted":null,"created_us":null,"created_da":null,"last_edite":null,"last_edi_1":null,"hrlimit":"2","created_user":null,"created_date":null,"last_edited_user":"MTA","last_edited_date":"2017-05-12 17:13:37-07:00","rpp_sym":"lapis lazuli, 2.5 pt, no dash","mtab_date":null,"mtab_motion":null,"mtab_reso_text":null,"sym_rpp2":"lapis lazuli, 2.5 pt, no dash | 2, M-F, 800-1800","globalid":null,"exceptions":"Yes. RPP holders are exempt from time limits.","from_time":"8am","to_time":"6pm","data_as_of":"2017-05-12T17:13:37.000","analysis_neighborhood":"Pacific Heights","supervisor_district":"2","data_loaded_at":"2026-06-13T10:29:08.190",":id":"row-prvw_ny2k.zzfq",":version":"rv-hmxu~bk6h_9zgj",":created_at":"2026-06-13T17:29:18.307Z",":updated_at":"2026-06-13T17:29:18.307Z"}},{"type":"Feature","geometry":{"type":"MultiLineString","coordinates":[[[-122.418352321,37.796106985],[-122.41828125,37.795745399]]]},"properties":{"objectid":"5336","agency":null,"regulation":"Time limited","days":"M-F","hours":"800-1900","hrs_begin":"800","hrs_end":"1900","regdetails":null,"modified":null,"editor":null,"rpparea1":"A","rpparea2":"C","rpparea3":"G","fid_100":"4695","length_ft":"133","conflict":"0","enacted":null,"created_us":null,"created_da":null,"last_edite":null,"last_edi_1":null,"hrlimit":"2","created_user":null,"created_date":null,"last_edited_user":"MTA","last_edited_date":"2017-05-12 17:14:50-07:00","rpp_sym":"anemone violet, 2.5 pt, no dash","mtab_date":null,"mtab_motion":null,"mtab_reso_text":null,"sym_rpp2":"anemone violet, 2.5 pt, no dash | 2, M-F, 800-1900","globalid":null,"exceptions":"Yes. RPP holders are exempt from time limits.","from_time":"8am","to_time":"7pm","data_as_of":"2017-05-12T17:14:50.000","analysis_neighborhood":"Russian Hill","supervisor_district":"3","data_loaded_at":"2026-06-13T10:29:08.190",":id":"row-h7qp~ud5m~xt3n",":version":"rv-mnrw-uc2u-tzhs",":created_at":"2026-06-13T17:29:18.307Z",":updated_at":"2026-06-13T17:29:18.307Z"}},{"type":"Feature","geometry":{"type":"MultiLineString","coordinates":[[[-122.428381247,37.787601055],[-122.426969137,37.787781257]]]},"properties":{"objectid":"3767","agency":null,"regulation":"Time limited","days":"M-F","hours":"800-1800","hrs_begin":"800","hrs_end":"1800","regdetails":null,"modified":null,"editor":null,"rpparea1":"G","rpparea2":null,"rpparea3":null,"fid_100":"5594","length_ft":"413","conflict":"0","enacted":null,"created_us":null,"created_da":null,"last_edite":null,"last_edi_1":null,"hrlimit":"2","created_user":null,"created_date":null,"last_edited_user":"MTA","last_edited_date":"2017-05-12 17:13:01-07:00","rpp_sym":"lapis lazuli, 2.5 pt, no dash","mtab_date":null,"mtab_motion":null,"mtab_reso_text":null,"sym_rpp2":"lapis lazuli, 2.5 pt, no dash | 2, M-F, 800-1800","globalid":null,"exceptions":"Yes. RPP holders are exempt from time limits.","from_time":"8am","to_time":"6pm","data_as_of":"2017-05-12T17:13:01.000","analysis_neighborhood":"Pacific Heights","supervisor_district":"5","data_loaded_at":"2026-06-13T10:29:08.190",":id":"row-g7d7.zgid_n9bx",":version":"rv-cfyr~besv_p26x",":created_at":"2026-06-13T17:29:18.307Z",":updated_at":"2026-06-13T17:29:18.307Z"}},{"type":"Feature","geometry":{"type":"MultiLineString","coordinates":[[[-122.442701971,37.790438222],[-122.442561982,37.789749793]]]},"properties":{"objectid":"2944","agency":null,"regulation":"Time limited","days":"M-F","hours":"800-1800","hrs_begin":"800","hrs_end":"1800","regdetails":null,"modified":null,"editor":null,"rpparea1":"G","rpparea2":null,"rpparea3":null,"fid_100":"5954","length_ft":"254","conflict":"0","enacted":null,"created_us":null,"created_da":null,"last_edite":null,"last_edi_1":null,"hrlimit":"2","created_user":null,"created_date":null,"last_edited_user":"MTA","last_edited_date":"2017-05-12 17:12:58-07:00","rpp_sym":"lapis lazuli, 2.5 pt, no dash","mtab_date":null,"mtab_motion":null,"mtab_reso_text":null,"sym_rpp2":"lapis lazuli, 2.5 pt, no dash | 2, M-F, 800-1800","globalid":null,"exceptions":"Yes. RPP holders are exempt from time limits.","from_time":"8am","to_time":"6pm","data_as_of":"2017-05-12T17:12:58.000","analysis_neighborhood":"Pacific Heights","supervisor_district":"2","data_loaded_at":"2026-06-13T10:29:08.190",":id":"row-jtyt_9kh6-vnsj",":version":"rv-9m67_mpqv-mnvs",":created_at":"2026-06-13T17:29:18.307Z",":updated_at":"2026-06-13T17:29:18.307Z"}},{"type":"Feature","geometry":{"type":"MultiLineString","coordinates":[[[-122.435759376,37.789719542],[-122.435896253,37.79039935]]]},"properties":{"objectid":"4577","agency":null,"regulation":"Time limited","days":"M-F","hours":"800-1800","hrs_begin":"800","hrs_end":"1800","regdetails":null,"modified":null,"editor":null,"rpparea1":"G","rpparea2":null,"rpparea3":null,"fid_100":"5763","length_ft":"251","conflict":"0","enacted":null,"created_us":null,"created_da":null,"last_edite":null,"last_edi_1":null,"hrlimit":"2","created_user":null,"created_date":null,"last_edited_user":"MTA","last_edited_date":"2017-05-12 17:13:26-07:00","rpp_sym":"lapis lazuli, 2.5 pt, no dash","mtab_date":null,"mtab_motion":null,"mtab_reso_text":null,"sym_rpp2":"lapis lazuli, 2.5 pt, no dash | 2, M-F, 800-1800","globalid":null,"exceptions":"Yes. RPP holders are exempt from time limits.","from_time":"8am","to_time":"6pm","data_as_of":"2017-05-12T17:13:26.000","analysis_neighborhood":"Pacific Heights","supervisor_district":"2","data_loaded_at":"2026-06-13T10:29:08.190",":id":"row-k4ah~tnvu~nd68",":version":"rv-h3up~hb83-u68g",":created_at":"2026-06-13T17:29:18.307Z",":updated_at":"2026-06-13T17:29:18.307Z"}},{"type":"Feature","geometry":{"type":"MultiLineString","coordinates":[[[-122.444755838,37.792918357],[-122.44461047,37.792198489]]]},"properties":{"objectid":"5490","agency":null,"regulation":"Time limited","days":"M-F","hours":"800-1800","hrs_begin":"800","hrs_end":"1800","regdetails":null,"modified":null,"editor":null,"rpparea1":"G","rpparea2":"K","rpparea3":null,"fid_100":"5910","length_ft":"265","conflict":"0","enacted":null,"created_us":null,"created_da":null,"last_edite":null,"last_edi_1":null,"hrlimit":"3","created_user":null,"created_date":null,"last_edited_user":"MTA","last_edited_date":"2017-05-12 17:13:25-07:00","rpp_sym":"lapis lazuli, 2.5 pt, dash 3:1, interval 2","mtab_date":null,"mtab_motion":null,"mtab_reso_text":null,"sym_rpp2":"lapis lazuli, 2.5 pt, dash 3:1, interval 2 | 3, M-F, 800-1800","globalid":null,"exceptions":"Yes. RPP holders are exempt from time limits.","from_time":"8am","to_time":"6pm","data_as_of":"2017-05-12T17:13:25.000","analysis_neighborhood":"Pacific Heights","supervisor_district":"2","data_loaded_at":"2026-06-13T10:29:08.190",":id":"row-hejr_xru4~qx2t",":version":"rv-m75g-n6wr_pa3f",":created_at":"2026-06-13T17:29:18.307Z",":updated_at":"2026-06-13T17:29:18.307Z"}},{"type":"Feature","geometry":{"type":"MultiLineString","coordinates":[[[-122.44905351,37.790571491],[-122.447611648,37.790755059]]]},"properties":{"objectid":"953","agency":null,"regulation":"Time limited","days":"M-F","hours":"800-1800","hrs_begin":"800","hrs_end":"1800","regdetails":null,"modified":null,"editor":null,"rpparea1":"F","rpparea2":"G","rpparea3":null,"fid_100":"6047","length_ft":"422","conflict":"0","enacted":null,"created_us":null,"created_da":null,"last_edite":null,"last_edi_1":null,"hrlimit":"3","created_user":null,"created_date":null,"last_edited_user":"MTA","last_edited_date":"2017-05-12 17:13:37-07:00","rpp_sym":"lapis lazuli, 2.5 pt, dash 3:1, interval 2","mtab_date":null,"mtab_motion":null,"mtab_reso_text":null,"sym_rpp2":"lapis lazuli, 2.5 pt, dash 3:1, interval 2 | 3, M-F, 800-1800","globalid":null,"exceptions":"Yes. RPP holders are exempt from time limits.","from_time":"8am","to_time":"6pm","data_as_of":"2017-05-12T17:13:37.000","analysis_neighborhood":"Presidio Heights","supervisor_district":"2","data_loaded_at":"2026-06-13T10:29:08.190",":id":"row-pu7e-ebz8~rqwb",":version":"rv-pkpt.v2gd.zqm2",":created_at":"2026-06-13T17:29:18.307Z",":updated_at":"2026-06-13T17:29:18.307Z"}},{"type":"Feature","geometry":{"type":"MultiLineString","coordinates":[[[-122.425232311,37.787625795],[-122.425297279,37.787947896]]]},"properties":{"objectid":"4410","agency":null,"regulation":"Time limited","days":"M-F","hours":"800-1800","hrs_begin":"800","hrs_end":"1800","regdetails":null,"modified":null,"editor":null,"rpparea1":"G","rpparea2":null,"rpparea3":null,"fid_100":"5556","length_ft":"119","conflict":"0","enacted":null,"created_us":null,"created_da":null,"last_edite":null,"last_edi_1":null,"hrlimit":"2","created_user":null,"created_date":null,"last_edited_user":"MTA","last_edited_date":"2017-05-12 17:13:12-07:00","rpp_sym":"lapis lazuli, 2.5 pt, no dash","mtab_date":null,"mtab_motion":null,"mtab_reso_text":null,"sym_rpp2":"lapis lazuli, 2.5 pt, no dash | 2, M-F, 800-1800","globalid":null,"exceptions":"Yes. RPP holders are exempt from time limits.","from_time":"8am","to_time":"6pm","data_as_of":"2017-05-12T17:13:12.000","analysis_neighborhood":"Pacific Heights","supervisor_district":"2","data_loaded_at":"2026-06-13T10:29:08.190",":id":"row-bp3a~beph_5ck7",":version":"rv-dehs~5mvh-qhr3",":created_at":"2026-06-13T17:29:18.307Z",":updated_at":"2026-06-13T17:29:18.307Z"}},{"type":"Feature","geometry":{"type":"MultiLineString","coordinates":[[[-122.435177722,37.787827139],[-122.43405101,37.787970317]]]},"properties":{"objectid":"5595","agency":null,"regulation":"Time limited","days":"M-F","hours":"800-1800","hrs_begin":"800","hrs_end":"1800","regdetails":null,"modified":null,"editor":null,"rpparea1":"G","rpparea2":null,"rpparea3":null,"fid_100":"5727","length_ft":"330","conflict":"0","enacted":null,"created_us":null,"created_da":null,"last_edite":null,"last_edi_1":null,"hrlimit":"2","created_user":null,"created_date":null,"last_edited_user":"RAYNELLCOOPER","last_edited_date":"2024-04-29 17:21:10-07:00","rpp_sym":"lapis lazuli, 2.5 pt, no dash","mtab_date":null,"mtab_motion":null,"mtab_reso_text":null,"sym_rpp2":"lapis lazuli, 2.5 pt, no dash | 2, M-F, 800-1800","globalid":null,"exceptions":"Yes. RPP holders are exempt from time limits.","from_time":"8am","to_time":"6pm","data_as_of":"2024-04-29T17:21:10.000","analysis_neighborhood":"Pacific Heights","supervisor_district":"2","data_loaded_at":"2026-06-13T10:29:08.190",":id":"row-bbyq.9ekp.2zb3",":version":"rv-4h7b~85nf-t3xv",":created_at":"2026-06-13T17:29:18.307Z",":updated_at":"2026-06-13T17:29:18.307Z"}},{"type":"Feature","geometry":{"type":"MultiLineString","coordinates":[[[-122.438862443,37.788402688],[-122.439005451,37.789108828]]]},"properties":{"objectid":"4782","agency":null,"regulation":"Time limited","days":"M-F","hours":"800-1800","hrs_begin":"800","hrs_end":"1800","regdetails":null,"modified":null,"editor":null,"rpparea1":"G","rpparea2":null,"rpparea3":null,"fid_100":"5705","length_ft":"260","conflict":"0","enacted":null,"created_us":null,"created_da":null,"last_edite":null,"last_edi_1":null,"hrlimit":"2","created_user":null,"created_date":null,"last_edited_user":"MTA","last_edited_date":"2017-05-12 17:13:27-07:00","rpp_sym":"lapis lazuli, 2.5 pt, no dash","mtab_date":null,"mtab_motion":null,"mtab_reso_text":null,"sym_rpp2":"lapis lazuli, 2.5 pt, no dash | 2, M-F, 800-1800","globalid":null,"exceptions":"Yes. RPP holders are exempt from time limits.","from_time":"8am","to_time":"6pm","data_as_of":"2017-05-12T17:13:27.000","analysis_neighborhood":"Pacific Heights","supervisor_district":"2","data_loaded_at":"2026-06-13T10:29:08.190",":id":"row-inxg.nidm-wzws",":version":"rv-xncj_yrwq_cgre",":created_at":"2026-06-13T17:29:18.307Z",":updated_at":"2026-06-13T17:29:18.307Z"}},{"type":"Feature","geometry":{"type":"MultiLineString","coordinates":[[[-122.425850202,37.790775412],[-122.425707331,37.790067667]]]},"properties":{"objectid":"1096","agency":null,"regulation":"Time limited","days":"M-F","hours":"800-1800","hrs_begin":"800","hrs_end":"1800","regdetails":null,"modified":null,"editor":null,"rpparea1":"G","rpparea2":null,"rpparea3":null,"fid_100":"5662","length_ft":"261","conflict":"0","enacted":null,"created_us":null,"created_da":null,"last_edite":null,"last_edi_1":null,"hrlimit":"2","created_user":null,"created_date":null,"last_edited_user":"MTA","last_edited_date":"2017-05-12 17:13:26-07:00","rpp_sym":"lapis lazuli, 2.5 pt, no dash","mtab_date":null,"mtab_motion":null,"mtab_reso_text":null,"sym_rpp2":"lapis lazuli, 2.5 pt, no dash | 2, M-F, 800-1800","globalid":null,"exceptions":"Yes. RPP holders are exempt from time limits.","from_time":"8am","to_time":"6pm","data_as_of":"2017-05-12T17:13:26.000","analysis_neighborhood":"Pacific Heights","supervisor_district":"2","data_loaded_at":"2026-06-13T10:29:08.190",":id":"row-wda6~dm9n-gp8i",":version":"rv-yt6x_c8ju.73u9",":created_at":"2026-06-13T17:29:18.307Z",":updated_at":"2026-06-13T17:29:18.307Z"}},{"type":"Feature","geometry":{"type":"MultiLineString","coordinates":[[[-122.443617707,37.787577427],[-122.442208216,37.787756695]]]},"properties":{"objectid":"5478","agency":null,"regulation":"Time limited","days":"M-F","hours":"800-1800","hrs_begin":"800","hrs_end":"1800","regdetails":null,"modified":null,"editor":null,"rpparea1":"G","rpparea2":null,"rpparea3":null,"fid_100":"5969","length_ft":"413","conflict":"0","enacted":null,"created_us":null,"created_da":null,"last_edite":null,"last_edi_1":null,"hrlimit":"2","created_user":null,"created_date":null,"last_edited_user":"MTA","last_edited_date":"2017-05-12 17:13:36-07:00","rpp_sym":"lapis lazuli, 2.5 pt, no dash","mtab_date":null,"mtab_motion":null,"mtab_reso_text":null,"sym_rpp2":"lapis lazuli, 2.5 pt, no dash | 2, M-F, 800-1800","globalid":null,"exceptions":"Yes. RPP holders are exempt from time limits.","from_time":"8am","to_time":"6pm","data_as_of":"2017-05-12T17:13:36.000","analysis_neighborhood":"Pacific Heights","supervisor_district":"2","data_loaded_at":"2026-06-13T10:29:08.190",":id":"row-ysm6_98ee-7mre",":version":"rv-5mby~n2sc.2bqj",":created_at":"2026-06-13T17:29:18.307Z",":updated_at":"2026-06-13T17:29:18.307Z"}},{"type":"Feature","geometry":{"type":"MultiLineString","coordinates":[[[-122.43303311,37.78890182],[-122.432881265,37.788150971]]]},"properties":{"objectid":"5069","agency":null,"regulation":"Time limited","days":"M-F","hours":"800-1800","hrs_begin":"800","hrs_end":"1800","regdetails":null,"modified":null,"editor":null,"rpparea1":"G","rpparea2":null,"rpparea3":null,"fid_100":"5576","length_ft":"277","conflict":"0","enacted":null,"created_us":null,"created_da":null,"last_edite":null,"last_edi_1":null,"hrlimit":"2","created_user":null,"created_date":null,"last_edited_user":"MTA","last_edited_date":"2017-05-12 17:13:12-07:00","rpp_sym":"lapis lazuli, 2.5 pt, no dash","mtab_date":null,"mtab_motion":null,"mtab_reso_text":null,"sym_rpp2":"lapis lazuli, 2.5 pt, no dash | 2, M-F, 800-1800","globalid":null,"exceptions":"Yes. RPP holders are exempt from time limits.","from_time":"8am","to_time":"6pm","data_as_of":"2017-05-12T17:13:12.000","analysis_neighborhood":"Pacific Heights","supervisor_district":"2","data_loaded_at":"2026-06-13T10:29:08.190",":id":"row-p5tp~des8.kf26",":version":"rv-mp9i~inpt~2j7v",":created_at":"2026-06-13T17:29:18.307Z",":updated_at":"2026-06-13T17:29:18.307Z"}},{"type":"Feature","geometry":{"type":"MultiLineString","coordinates":[[[-122.431325386,37.786394944],[-122.430108164,37.786549619]]]},"properties":{"objectid":"5107","agency":null,"regulation":"Time limited","days":"M-F","hours":"800-1800","hrs_begin":"800","hrs_end":"1800","regdetails":null,"modified":null,"editor":null,"rpparea1":"G","rpparea2":null,"rpparea3":null,"fid_100":"5639","length_ft":"356","conflict":"0","enacted":null,"created_us":null,"created_da":null,"last_edite":null,"last_edi_1":null,"hrlimit":"2","created_user":null,"created_date":null,"last_edited_user":"MTA","last_edited_date":"2017-05-12 17:13:38-07:00","rpp_sym":"lapis lazuli, 2.5 pt, no dash","mtab_date":null,"mtab_motion":null,"mtab_reso_text":null,"sym_rpp2":"lapis lazuli, 2.5 pt, no dash | 2, M-F, 800-1800","globalid":null,"exceptions":"Yes. RPP holders are exempt from time limits.","from_time":"8am","to_time":"6pm","data_as_of":"2017-05-12T17:13:38.000","analysis_neighborhood":"Pacific Heights","supervisor_district":"5","data_loaded_at":"2026-06-13T10:29:08.190",":id":"row-thn3_8eu4~j8ve",":version":"rv-bt6q~8py7-a3ci",":created_at":"2026-06-13T17:29:18.307Z",":updated_at":"2026-06-13T17:29:18.307Z"}},{"type":"Feature","geometry":{"type":"MultiLineString","coordinates":[[[-122.441769465,37.794280366],[-122.441616853,37.793527174]]]},"properties":{"objectid":"7098","agency":null,"regulation":"Time limited","days":"M-F","hours":"800-1800","hrs_begin":"800","hrs_end":"1800","regdetails":null,"modified":"2015-01-08 16:00:00-08:00","editor":"Mark C. Dreger","rpparea1":"G","rpparea2":"K","rpparea3":null,"fid_100":"6057","length_ft":"278","conflict":"0","enacted":null,"created_us":null,"created_da":null,"last_edite":null,"last_edi_1":null,"hrlimit":"3","created_user":null,"created_date":null,"last_edited_user":"MTA","last_edited_date":"2017-05-12 17:13:25-07:00","rpp_sym":"lapis lazuli, 2.5 pt, dash 3:1, interval 2","mtab_date":null,"mtab_motion":null,"mtab_reso_text":null,"sym_rpp2":"lapis lazuli, 2.5 pt, dash 3:1, interval 2 | 3, M-F, 800-1800","globalid":null,"exceptions":"Yes. RPP holders are exempt from time limits.","from_time":"8am","to_time":"6pm","data_as_of":"2017-05-12T17:13:25.000","analysis_neighborhood":"Pacific Heights","supervisor_district":"2","data_loaded_at":"2026-06-13T10:29:08.190",":id":"row-bcuh-469x_kztv",":version":"rv-vykc_pi59_jz5c",":created_at":"2026-06-13T17:29:18.307Z",":updated_at":"2026-06-13T17:29:18.307Z"}},{"type":"Feature","geometry":{"type":"MultiLineString","coordinates":[[[-122.434798954,37.785945135],[-122.433529963,37.786106427]]]},"properties":{"objectid":"5887","agency":null,"regulation":"Time limited","days":"M-F","hours":"800-1800","hrs_begin":"800","hrs_end":"1800","regdetails":null,"modified":null,"editor":null,"rpparea1":"G","rpparea2":null,"rpparea3":null,"fid_100":"5693","length_ft":"408","conflict":"0","enacted":null,"created_us":null,"created_da":null,"last_edite":null,"last_edi_1":null,"hrlimit":"2","created_user":null,"created_date":null,"last_edited_user":"RAYNELLCOOPER","last_edited_date":"2023-04-27 13:47:49-07:00","rpp_sym":"lapis lazuli, 2.5 pt, no dash","mtab_date":null,"mtab_motion":null,"mtab_reso_text":null,"sym_rpp2":"lapis lazuli, 2.5 pt, no dash | 2, M-F, 800-1800","globalid":null,"exceptions":"Yes. RPP holders are exempt from time limits.","from_time":"8am","to_time":"6pm","data_as_of":"2023-04-27T13:47:49.000","analysis_neighborhood":"Pacific Heights","supervisor_district":"5","data_loaded_at":"2026-06-13T10:29:08.190",":id":"row-qrtz~5mde_dm7q",":version":"rv-b29b~v5xp.9ykx",":created_at":"2026-06-13T17:29:18.307Z",":updated_at":"2026-06-13T17:29:18.307Z"}},{"type":"Feature","geometry":{"type":"MultiLineString","coordinates":[[[-122.442547401,37.790613756],[-122.441141694,37.790792529]]]},"properties":{"objectid":"5226","agency":null,"regulation":"Time limited","days":"M-F","hours":"800-1800","hrs_begin":"800","hrs_end":"1800","regdetails":null,"modified":null,"editor":null,"rpparea1":"G","rpparea2":null,"rpparea3":null,"fid_100":"5946","length_ft":"411","conflict":"0","enacted":null,"created_us":null,"created_da":null,"last_edite":null,"last_edi_1":null,"hrlimit":"2","created_user":null,"created_date":null,"last_edited_user":"MTA","last_edited_date":"2017-05-12 17:13:39-07:00","rpp_sym":"lapis lazuli, 2.5 pt, no dash","mtab_date":null,"mtab_motion":null,"mtab_reso_text":null,"sym_rpp2":"lapis lazuli, 2.5 pt, no dash | 2, M-F, 800-1800","globalid":null,"exceptions":"Yes. RPP holders are exempt from time limits.","from_time":"8am","to_time":"6pm","data_as_of":"2017-05-12T17:13:39.000","analysis_neighborhood":"Pacific Heights","supervisor_district":"2","data_loaded_at":"2026-06-13T10:29:08.190",":id":"row-e93e-g6cx~2hpg",":version":"rv-vieg~um3q-b92s",":created_at":"2026-06-13T17:29:18.307Z",":updated_at":"2026-06-13T17:29:18.307Z"}},{"type":"Feature","geometry":{"type":"MultiLineString","coordinates":[[[-122.425453441,37.789887673],[-122.424106076,37.790058927]]]},"properties":{"objectid":"750","agency":null,"regulation":"Time limited","days":"M-Sa","hours":"800-2300","hrs_begin":"800","hrs_end":"2300","regdetails":"MON - FRI: 8AM - 11PM; SAT: 5PM - 11PM","modified":"2015-01-08 16:00:00-08:00","editor":"Mark C. Dreger","rpparea1":"G","rpparea2":null,"rpparea3":null,"fid_100":"5562","length_ft":"394","conflict":"0","enacted":null,"created_us":null,"created_da":null,"last_edite":null,"last_edi_1":null,"hrlimit":"2","created_user":null,"created_date":null,"last_edited_user":"MTA","last_edited_date":"2017-05-12 17:19:20-07:00","rpp_sym":"leaf green, 2.5 pt, no dash","mtab_date":null,"mtab_motion":null,"mtab_reso_text":null,"sym_rpp2":"leaf green, 2.5 pt, no dash | 2, M-Sa, 800-2300","globalid":null,"exceptions":"Yes. RPP holders are exempt from time limits.","from_time":"8am","to_time":"11pm","data_as_of":"2017-05-12T17:19:20.000","analysis_neighborhood":"Western Addition","supervisor_district":"2","data_loaded_at":"2026-06-13T10:29:08.190",":id":"row-7v32~bwec_6v9y",":version":"rv-8633~ypd4.y835",":created_at":"2026-06-13T17:29:18.307Z",":updated_at":"2026-06-13T17:29:18.307Z"}},{"type":"Feature","geometry":{"type":"MultiLineString","coordinates":[[[-122.437014963,37.788587175],[-122.435629525,37.78876341]]]},"properties":{"objectid":"1147","agency":null,"regulation":"Time limited","days":"M-F","hours":"800-1800","hrs_begin":"800","hrs_end":"1800","regdetails":null,"modified":null,"editor":null,"rpparea1":"G","rpparea2":null,"rpparea3":null,"fid_100":"5716","length_ft":"405","conflict":"0","enacted":null,"created_us":null,"created_da":null,"last_edite":null,"last_edi_1":null,"hrlimit":"2","created_user":null,"created_date":null,"last_edited_user":"MTA","last_edited_date":"2017-05-12 17:13:40-07:00","rpp_sym":"lapis lazuli, 2.5 pt, no dash","mtab_date":null,"mtab_motion":null,"mtab_reso_text":null,"sym_rpp2":"lapis lazuli, 2.5 pt, no dash | 2, M-F, 800-1800","globalid":null,"exceptions":"Yes. RPP holders are exempt from time limits.","from_time":"8am","to_time":"6pm","data_as_of":"2017-05-12T17:13:40.000","analysis_neighborhood":"Pacific Heights","supervisor_district":"2","data_loaded_at":"2026-06-13T10:29:08.190",":id":"row-i8jx-bgtj.5wz4",":version":"rv-354q-ckrk.ujt6",":created_at":"2026-06-13T17:29:18.307Z",":updated_at":"2026-06-13T17:29:18.307Z"}},{"type":"Feature","geometry":{"type":"MultiLineString","coordinates":[[[-122.419475855,37.793530268],[-122.418071666,37.793707891]]]},"properties":{"objectid":"4455","agency":null,"regulation":"Time limited","days":"M-Sa","hours":"800-2100","hrs_begin":"800","hrs_end":"2100","regdetails":null,"modified":null,"editor":null,"rpparea1":"C","rpparea2":"G","rpparea3":null,"fid_100":"4970","length_ft":"411","conflict":"0","enacted":null,"created_us":null,"created_da":null,"last_edite":null,"last_edi_1":null,"hrlimit":"2","created_user":null,"created_date":null,"last_edited_user":"MTA","last_edited_date":"2017-05-12 17:17:29-07:00","rpp_sym":"black, 2.5 pt, no dash","mtab_date":null,"mtab_motion":null,"mtab_reso_text":null,"sym_rpp2":"black, 2.5 pt, no dash | 2, M-Sa, 800-2100","globalid":null,"exceptions":"Yes. RPP holders are exempt from time limits.","from_time":"8am","to_time":"9pm","data_as_of":"2017-05-12T17:17:29.000","analysis_neighborhood":"Russian Hill","supervisor_district":"3","data_loaded_at":"2026-06-13T10:29:08.190",":id":"row-hgqu.9rdx-dihr",":version":"rv-3u2f_qmmp-yyi3",":created_at":"2026-06-13T17:29:18.307Z",":updated_at":"2026-06-13T17:29:18.307Z"}},{"type":"Feature","geometry":{"type":"MultiLineString","coordinates":[[[-122.41981088,37.795232038],[-122.419160391,37.795313207]]]},"properties":{"objectid":"7025","agency":null,"regulation":"Time limited","days":"M-Sa","hours":"800-2100","hrs_begin":"800","hrs_end":"2100","regdetails":null,"modified":null,"editor":null,"rpparea1":"A","rpparea2":"C","rpparea3":"G","fid_100":"4678","length_ft":"190","conflict":"0","enacted":null,"created_us":null,"created_da":null,"last_edite":null,"last_edi_1":null,"hrlimit":"2","created_user":null,"created_date":null,"last_edited_user":"MTA","last_edited_date":"2017-05-12 17:17:27-07:00","rpp_sym":"black, 2.5 pt, no dash","mtab_date":null,"mtab_motion":null,"mtab_reso_text":null,"sym_rpp2":"black, 2.5 pt, no dash | 2, M-Sa, 800-2100","globalid":null,"exceptions":"Yes. RPP holders are exempt from time limits.","from_time":"8am","to_time":"9pm","data_as_of":"2017-05-12T17:17:27.000","analysis_neighborhood":"Russian Hill","supervisor_district":"3","data_loaded_at":"2026-06-13T10:29:08.190",":id":"row-srhp-rp64~sc6e",":version":"rv-p9m8.m3q3.t23u",":created_at":"2026-06-13T17:29:18.307Z",":updated_at":"2026-06-13T17:29:18.307Z"}},{"type":"Feature","geometry":{"type":"MultiLineString","coordinates":[[[-122.425531145,37.789107341],[-122.425675371,37.789822348]]]},"properties":{"objectid":"6456","agency":null,"regulation":"Time limited","days":"M-F","hours":"800-1800","hrs_begin":"800","hrs_end":"1800","regdetails":null,"modified":null,"editor":null,"rpparea1":"G","rpparea2":null,"rpparea3":null,"fid_100":"5631","length_ft":"264","conflict":"0","enacted":null,"created_us":null,"created_da":null,"last_edite":null,"last_edi_1":null,"hrlimit":"2","created_user":null,"created_date":null,"last_edited_user":"MTA","last_edited_date":"2017-05-12 17:13:10-07:00","rpp_sym":"lapis lazuli, 2.5 pt, no dash","mtab_date":null,"mtab_motion":null,"mtab_reso_text":null,"sym_rpp2":"lapis lazuli, 2.5 pt, no dash | 2, M-F, 800-1800","globalid":null,"exceptions":"Yes. RPP holders are exempt from time limits.","from_time":"8am","to_time":"6pm","data_as_of":"2017-05-12T17:13:10.000","analysis_neighborhood":"Pacific Heights","supervisor_district":"2","data_loaded_at":"2026-06-13T10:29:08.190",":id":"row-5czn~kbuk.pe2j",":version":"rv-27kd-ri7r_qsam",":created_at":"2026-06-13T17:29:18.307Z",":updated_at":"2026-06-13T17:29:18.307Z"}},{"type":"Feature","geometry":{"type":"MultiLineString","coordinates":[[[-122.429851506,37.793876156],[-122.429711363,37.793182074]]]},"properties":{"objectid":"6167","agency":null,"regulation":"Time limited","days":"M-F","hours":"800-1800","hrs_begin":"800","hrs_end":"1800","regdetails":null,"modified":null,"editor":null,"rpparea1":"G","rpparea2":null,"rpparea3":null,"fid_100":"5824","length_ft":"256","conflict":"0","enacted":null,"created_us":null,"created_da":null,"last_edite":null,"last_edi_1":null,"hrlimit":"2","created_user":null,"created_date":null,"last_edited_user":"MTA","last_edited_date":"2017-05-12 17:13:00-07:00","rpp_sym":"lapis lazuli, 2.5 pt, no dash","mtab_date":null,"mtab_motion":null,"mtab_reso_text":null,"sym_rpp2":"lapis lazuli, 2.5 pt, no dash | 2, M-F, 800-1800","globalid":null,"exceptions":"Yes. RPP holders are exempt from time limits.","from_time":"8am","to_time":"6pm","data_as_of":"2017-05-12T17:13:00.000","analysis_neighborhood":"Pacific Heights","supervisor_district":"2","data_loaded_at":"2026-06-13T10:29:08.190",":id":"row-fn5s~e7pv.hb43",":version":"rv-8sdw_4rkt.tdsp",":created_at":"2026-06-13T17:29:18.307Z",":updated_at":"2026-06-13T17:29:18.307Z"}},{"type":"Feature","geometry":{"type":"MultiLineString","coordinates":[[[-122.430314905,37.788501223],[-122.430455606,37.789197061]]]},"properties":{"objectid":"122","agency":null,"regulation":"Time limited","days":"M-F","hours":"800-1800","hrs_begin":"800","hrs_end":"1800","regdetails":null,"modified":null,"editor":null,"rpparea1":"G","rpparea2":null,"rpparea3":null,"fid_100":"5613","length_ft":"257","conflict":"0","enacted":null,"created_us":null,"created_da":null,"last_edite":null,"last_edi_1":null,"hrlimit":"2","created_user":null,"created_date":null,"last_edited_user":"MTA","last_edited_date":"2017-05-12 17:13:00-07:00","rpp_sym":"lapis lazuli, 2.5 pt, no dash","mtab_date":null,"mtab_motion":null,"mtab_reso_text":null,"sym_rpp2":"lapis lazuli, 2.5 pt, no dash | 2, M-F, 800-1800","globalid":null,"exceptions":"Yes. RPP holders are exempt from time limits.","from_time":"8am","to_time":"6pm","data_as_of":"2017-05-12T17:13:00.000","analysis_neighborhood":"Pacific Heights","supervisor_district":"5","data_loaded_at":"2026-06-13T10:29:08.190",":id":"row-d9in.ppam.sw95",":version":"rv-32b6_yqmk-mt6t",":created_at":"2026-06-13T17:29:18.307Z",":updated_at":"2026-06-13T17:29:18.307Z"}},{"type":"Feature","geometry":{"type":"MultiLineString","coordinates":[[[-122.431489797,37.787204308],[-122.430288631,37.787357623]]]},"properties":{"objectid":"3799","agency":null,"regulation":"Time limited","days":"M-F","hours":"800-1800","hrs_begin":"800","hrs_end":"1800","regdetails":null,"modified":null,"editor":null,"rpparea1":"G","rpparea2":null,"rpparea3":null,"fid_100":"5598","length_ft":"352","conflict":"0","enacted":null,"created_us":null,"created_da":null,"last_edite":null,"last_edi_1":null,"hrlimit":"2","created_user":null,"created_date":null,"last_edited_user":"MTA","last_edited_date":"2017-05-12 17:12:59-07:00","rpp_sym":"lapis lazuli, 2.5 pt, no dash","mtab_date":null,"mtab_motion":null,"mtab_reso_text":null,"sym_rpp2":"lapis lazuli, 2.5 pt, no dash | 2, M-F, 800-1800","globalid":null,"exceptions":"Yes. RPP holders are exempt from time limits.","from_time":"8am","to_time":"6pm","data_as_of":"2017-05-12T17:12:59.000","analysis_neighborhood":"Pacific Heights","supervisor_district":"5","data_loaded_at":"2026-06-13T10:29:08.190",":id":"row-kesk_stpc~3tzy",":version":"rv-gs5d~kvm8.8uad",":created_at":"2026-06-13T17:29:18.307Z",":updated_at":"2026-06-13T17:29:18.307Z"}},{"type":"Feature","geometry":{"type":"MultiLineString","coordinates":[[[-122.448607577,37.78807996],[-122.448746881,37.788773224]]]},"properties":{"objectid":"2758","agency":null,"regulation":"Time limited","days":"M-F","hours":"900-1600","hrs_begin":"900","hrs_end":"1600","regdetails":null,"modified":"2015-01-07 16:00:00-08:00","editor":"Mark C. Dreger","rpparea1":"F","rpparea2":"G","rpparea3":null,"fid_100":"6098","length_ft":"256","conflict":"0","enacted":null,"created_us":null,"created_da":null,"last_edite":null,"last_edi_1":null,"hrlimit":"2","created_user":null,"created_date":null,"last_edited_user":"MTA","last_edited_date":"2017-05-12 17:10:56-07:00","rpp_sym":"seville orange, 2.5 pt, no dash","mtab_date":null,"mtab_motion":null,"mtab_reso_text":null,"sym_rpp2":"seville orange, 2.5 pt, no dash | 2, M-F, 900-1600","globalid":null,"exceptions":"Yes. RPP holders are exempt from time limits.","from_time":"9am","to_time":"4pm","data_as_of":"2017-05-12T17:10:56.000","analysis_neighborhood":"Presidio Heights","supervisor_district":"2","data_loaded_at":"2026-06-13T10:29:08.190",":id":"row-gufd-vm9r-cjg4",":version":"rv-wek5~6kjx_gkt3",":created_at":"2026-06-13T17:29:18.307Z",":updated_at":"2026-06-13T17:29:18.307Z"}},{"type":"Feature","geometry":{"type":"MultiLineString","coordinates":[[[-122.445856878,37.783462913],[-122.444798531,37.783598822]]]},"properties":{"objectid":"7035","agency":null,"regulation":"Time limited","days":"M-F","hours":"800-1800","hrs_begin":"800","hrs_end":"1800","regdetails":null,"modified":"2015-01-08 16:00:00-08:00","editor":"Mark C. Dreger","rpparea1":"G","rpparea2":null,"rpparea3":null,"fid_100":"9747","length_ft":"310","conflict":"0","enacted":null,"created_us":null,"created_da":null,"last_edite":null,"last_edi_1":null,"hrlimit":"2","created_user":null,"created_date":null,"last_edited_user":"MTA","last_edited_date":"2017-05-12 17:13:15-07:00","rpp_sym":"lapis lazuli, 2.5 pt, no dash","mtab_date":null,"mtab_motion":null,"mtab_reso_text":null,"sym_rpp2":"lapis lazuli, 2.5 pt, no dash | 2, M-F, 800-1800","globalid":null,"exceptions":"Yes. RPP holders are exempt from time limits.","from_time":"8am","to_time":"6pm","data_as_of":"2017-05-12T17:13:15.000","analysis_neighborhood":"Presidio Heights","supervisor_district":"2","data_loaded_at":"2026-06-13T10:29:08.190",":id":"row-ei2x.kzqx~xx5e",":version":"rv-yzzr~nh9g_neuj",":created_at":"2026-06-13T17:29:18.307Z",":updated_at":"2026-06-13T17:29:18.307Z"}},{"type":"Feature","geometry":{"type":"MultiLineString","coordinates":[[[-122.441060171,37.791550468],[-122.440922108,37.790868242]]]},"properties":{"objectid":"319","agency":null,"regulation":"Time limited","days":"M-F","hours":"800-1800","hrs_begin":"800","hrs_end":"1800","regdetails":null,"modified":null,"editor":null,"rpparea1":"G","rpparea2":null,"rpparea3":null,"fid_100":"5786","length_ft":"252","conflict":"0","enacted":null,"created_us":null,"created_da":null,"last_edite":null,"last_edi_1":null,"hrlimit":"2","created_user":null,"created_date":null,"last_edited_user":"MTA","last_edited_date":"2017-05-12 17:13:36-07:00","rpp_sym":"lapis lazuli, 2.5 pt, no dash","mtab_date":null,"mtab_motion":null,"mtab_reso_text":null,"sym_rpp2":"lapis lazuli, 2.5 pt, no dash | 2, M-F, 800-1800","globalid":null,"exceptions":"Yes. RPP holders are exempt from time limits.","from_time":"8am","to_time":"6pm","data_as_of":"2017-05-12T17:13:36.000","analysis_neighborhood":"Pacific Heights","supervisor_district":"2","data_loaded_at":"2026-06-13T10:29:08.190",":id":"row-78zk.ejpd-npfn",":version":"rv-iqvz.dawu~k7wz",":created_at":"2026-06-13T17:29:18.307Z",":updated_at":"2026-06-13T17:29:18.307Z"}},{"type":"Feature","geometry":{"type":"MultiLineString","coordinates":[[[-122.432791693,37.792750271],[-122.431400232,37.792926411]]]},"properties":{"objectid":"5322","agency":null,"regulation":"Time limited","days":"M-F","hours":"800-1800","hrs_begin":"800","hrs_end":"1800","regdetails":null,"modified":null,"editor":null,"rpparea1":"G","rpparea2":null,"rpparea3":null,"fid_100":"5821","length_ft":"407","conflict":"0","enacted":null,"created_us":null,"created_da":null,"last_edite":null,"last_edi_1":null,"hrlimit":"2","created_user":null,"created_date":null,"last_edited_user":"MTA","last_edited_date":"2017-05-12 17:13:37-07:00","rpp_sym":"lapis lazuli, 2.5 pt, no dash","mtab_date":null,"mtab_motion":null,"mtab_reso_text":null,"sym_rpp2":"lapis lazuli, 2.5 pt, no dash | 2, M-F, 800-1800","globalid":null,"exceptions":"Yes. RPP holders are exempt from time limits.","from_time":"8am","to_time":"6pm","data_as_of":"2017-05-12T17:13:37.000","analysis_neighborhood":"Pacific Heights","supervisor_district":"2","data_loaded_at":"2026-06-13T10:29:08.190",":id":"row-62yk.ytcv.riba",":version":"rv-5kga.a7vm~7knm",":created_at":"2026-06-13T17:29:18.307Z",":updated_at":"2026-06-13T17:29:18.307Z"}},{"type":"Feature","geometry":{"type":"MultiLineString","coordinates":[[[-122.435143742,37.787692298],[-122.43420657,37.787811358]]]},"properties":{"objectid":"3876","agency":null,"regulation":"Time limited","days":"M-F","hours":"800-1800","hrs_begin":"800","hrs_end":"1800","regdetails":null,"modified":null,"editor":null,"rpparea1":"G","rpparea2":null,"rpparea3":null,"fid_100":"5728","length_ft":"274","conflict":"0","enacted":null,"created_us":null,"created_da":null,"last_edite":null,"last_edi_1":null,"hrlimit":"2","created_user":null,"created_date":null,"last_edited_user":"MTA","last_edited_date":"2017-05-12 17:13:27-07:00","rpp_sym":"lapis lazuli, 2.5 pt, no dash","mtab_date":null,"mtab_motion":null,"mtab_reso_text":null,"sym_rpp2":"lapis lazuli, 2.5 pt, no dash | 2, M-F, 800-1800","globalid":null,"exceptions":"Yes. RPP holders are exempt from time limits.","from_time":"8am","to_time":"6pm","data_as_of":"2017-05-12T17:13:27.000","analysis_neighborhood":"Pacific Heights","supervisor_district":"5","data_loaded_at":"2026-06-13T10:29:08.190",":id":"row-zpuy.8ihj_pbrd",":version":"rv-hjuc_ii85~w6kb",":created_at":"2026-06-13T17:29:18.307Z",":updated_at":"2026-06-13T17:29:18.307Z"}},{"type":"Feature","geometry":{"type":"MultiLineString","coordinates":[[[-122.432044602,37.789049632],[-122.430656464,37.789226204]]]},"properties":{"objectid":"7352","agency":null,"regulation":"Time limited","days":"M-F","hours":"800-1800","hrs_begin":"800","hrs_end":"1800","regdetails":null,"modified":null,"editor":null,"rpparea1":"G","rpparea2":null,"rpparea3":null,"fid_100":"5571","length_ft":"406","conflict":"0","enacted":null,"created_us":null,"created_da":null,"last_edite":null,"last_edi_1":null,"hrlimit":"2","created_user":null,"created_date":null,"last_edited_user":"MTA","last_edited_date":"2017-05-12 17:13:00-07:00","rpp_sym":"lapis lazuli, 2.5 pt, no dash","mtab_date":null,"mtab_motion":null,"mtab_reso_text":null,"sym_rpp2":"lapis lazuli, 2.5 pt, no dash | 2, M-F, 800-1800","globalid":null,"exceptions":"Yes. RPP holders are exempt from time limits.","from_time":"8am","to_time":"6pm","data_as_of":"2017-05-12T17:13:00.000","analysis_neighborhood":"Pacific Heights","supervisor_district":"2","data_loaded_at":"2026-06-13T10:29:08.190",":id":"row-nik2.2vka.dbpt",":version":"rv-44kw_8qmg~tnvj",":created_at":"2026-06-13T17:29:18.307Z",":updated_at":"2026-06-13T17:29:18.307Z"}},{"type":"Feature","geometry":{"type":"MultiLineString","coordinates":[[[-122.41907337,37.795323659],[-122.418422546,37.795405272]]]},"properties":{"objectid":"5662","agency":null,"regulation":"Time limited","days":"M-Sa","hours":"800-2100","hrs_begin":"800","hrs_end":"2100","regdetails":null,"modified":null,"editor":null,"rpparea1":"A","rpparea2":"C","rpparea3":"G","fid_100":"4679","length_ft":"190","conflict":"0","enacted":null,"created_us":null,"created_da":null,"last_edite":null,"last_edi_1":null,"hrlimit":"2","created_user":null,"created_date":null,"last_edited_user":"MTA","last_edited_date":"2017-05-12 17:17:39-07:00","rpp_sym":"black, 2.5 pt, no dash","mtab_date":null,"mtab_motion":null,"mtab_reso_text":null,"sym_rpp2":"black, 2.5 pt, no dash | 2, M-Sa, 800-2100","globalid":null,"exceptions":"Yes. RPP holders are exempt from time limits.","from_time":"8am","to_time":"9pm","data_as_of":"2017-05-12T17:17:39.000","analysis_neighborhood":"Russian Hill","supervisor_district":"3","data_loaded_at":"2026-06-13T10:29:08.190",":id":"row-emd2-fpzi~25u5",":version":"rv-chk9_gmux~uw58",":created_at":"2026-06-13T17:29:18.307Z",":updated_at":"2026-06-13T17:29:18.307Z"}},{"type":"Feature","geometry":{"type":"MultiLineString","coordinates":[[[-122.445823429,37.790186497],[-122.44442562,37.790364482]]]},"properties":{"objectid":"7200","agency":null,"regulation":"Time limited","days":"M-F","hours":"800-1800","hrs_begin":"800","hrs_end":"1800","regdetails":null,"modified":null,"editor":null,"rpparea1":"G","rpparea2":null,"rpparea3":null,"fid_100":"5942","length_ft":"409","conflict":"0","enacted":null,"created_us":null,"created_da":null,"last_edite":null,"last_edi_1":null,"hrlimit":"2","created_user":null,"created_date":null,"last_edited_user":"MTA","last_edited_date":"2017-05-12 17:13:25-07:00","rpp_sym":"lapis lazuli, 2.5 pt, no dash","mtab_date":null,"mtab_motion":null,"mtab_reso_text":null,"sym_rpp2":"lapis lazuli, 2.5 pt, no dash | 2, M-F, 800-1800","globalid":null,"exceptions":"Yes. RPP holders are exempt from time limits.","from_time":"8am","to_time":"6pm","data_as_of":"2017-05-12T17:13:25.000","analysis_neighborhood":"Pacific Heights","supervisor_district":"2","data_loaded_at":"2026-06-13T10:29:08.190",":id":"row-img7-kukt~uz7u",":version":"rv-i8rg~uyfs.uqyw",":created_at":"2026-06-13T17:29:18.307Z",":updated_at":"2026-06-13T17:29:18.307Z"}},{"type":"Feature","geometry":{"type":"MultiLineString","coordinates":[[[-122.432962074,37.793515261],[-122.431567221,37.793698001]]]},"properties":{"objectid":"3167","agency":null,"regulation":"Time limited","days":"M-F","hours":"800-1800","hrs_begin":"800","hrs_end":"1800","regdetails":null,"modified":null,"editor":null,"rpparea1":"G","rpparea2":null,"rpparea3":null,"fid_100":"5801","length_ft":"408","conflict":"0","enacted":null,"created_us":null,"created_da":null,"last_edite":null,"last_edi_1":null,"hrlimit":"2","created_user":null,"created_date":null,"last_edited_user":"MTA","last_edited_date":"2017-05-12 17:13:12-07:00","rpp_sym":"lapis lazuli, 2.5 pt, no dash","mtab_date":null,"mtab_motion":null,"mtab_reso_text":null,"sym_rpp2":"lapis lazuli, 2.5 pt, no dash | 2, M-F, 800-1800","globalid":null,"exceptions":"Yes. RPP holders are exempt from time limits.","from_time":"8am","to_time":"6pm","data_as_of":"2017-05-12T17:13:12.000","analysis_neighborhood":"Pacific Heights","supervisor_district":"2","data_loaded_at":"2026-06-13T10:29:08.190",":id":"row-pm43-6dbx-22h7",":version":"rv-mtyf~awqg-d9sz",":created_at":"2026-06-13T17:29:18.307Z",":updated_at":"2026-06-13T17:29:18.307Z"}},{"type":"Feature","geometry":{"type":"MultiLineString","coordinates":[[[-122.424056325,37.791002005],[-122.42391364,37.790296732]]]},"properties":{"objectid":"7325","agency":null,"regulation":"Time limited","days":"M-Sa","hours":"800-2300","hrs_begin":"800","hrs_end":"2300","regdetails":"MON - FRI: 8AM - 6PM; SAT: 5PM - 6PM","modified":"2015-01-08 16:00:00-08:00","editor":"Mark C. Dreger","rpparea1":"C","rpparea2":"G","rpparea3":null,"fid_100":"5668","length_ft":"260","conflict":"0","enacted":null,"created_us":null,"created_da":null,"last_edite":null,"last_edi_1":null,"hrlimit":"2","created_user":null,"created_date":null,"last_edited_user":"RAYNELLCOOPER","last_edited_date":"2023-04-17 12:00:41-07:00","rpp_sym":"leaf green, 2.5 pt, no dash","mtab_date":null,"mtab_motion":null,"mtab_reso_text":null,"sym_rpp2":"leaf green, 2.5 pt, no dash | 2, M-Sa, 800-2300","globalid":null,"exceptions":"Yes. RPP holders are exempt from time limits.","from_time":"8am","to_time":"11pm","data_as_of":"2023-04-17T12:00:41.000","analysis_neighborhood":"Pacific Heights","supervisor_district":"2","data_loaded_at":"2026-06-13T10:29:08.190",":id":"row-9xkd.hi6n-puwg",":version":"rv-pvgc~adeg.y2a2",":created_at":"2026-06-13T17:29:18.307Z",":updated_at":"2026-06-13T17:29:18.307Z"}},{"type":"Feature","geometry":{"type":"MultiLineString","coordinates":[[[-122.436067632,37.792225939],[-122.434802682,37.79238659]]]},"properties":{"objectid":"6919","agency":null,"regulation":"Time limited","days":"M-F","hours":"800-1800","hrs_begin":"800","hrs_end":"1800","regdetails":null,"modified":null,"editor":null,"rpparea1":"G","rpparea2":null,"rpparea3":null,"fid_100":"5772","length_ft":"370","conflict":"0","enacted":null,"created_us":null,"created_da":null,"last_edite":null,"last_edi_1":null,"hrlimit":"2","created_user":null,"created_date":null,"last_edited_user":"MTA","last_edited_date":"2017-05-12 17:13:11-07:00","rpp_sym":"lapis lazuli, 2.5 pt, no dash","mtab_date":null,"mtab_motion":null,"mtab_reso_text":null,"sym_rpp2":"lapis lazuli, 2.5 pt, no dash | 2, M-F, 800-1800","globalid":null,"exceptions":"Yes. RPP holders are exempt from time limits.","from_time":"8am","to_time":"6pm","data_as_of":"2017-05-12T17:13:11.000","analysis_neighborhood":"Pacific Heights","supervisor_district":"2","data_loaded_at":"2026-06-13T10:29:08.190",":id":"row-2ugp~gcfx-4w5u",":version":"rv-3yai-e28h~8zyq",":created_at":"2026-06-13T17:29:18.307Z",":updated_at":"2026-06-13T17:29:18.307Z"}},{"type":"Feature","geometry":{"type":"MultiLineString","coordinates":[[[-122.43642859,37.793034785],[-122.436290394,37.792352357]]]},"properties":{"objectid":"4980","agency":null,"regulation":"Time limited","days":"M-F","hours":"800-1800","hrs_begin":"800","hrs_end":"1800","regdetails":null,"modified":null,"editor":null,"rpparea1":"G","rpparea2":null,"rpparea3":null,"fid_100":"5792","length_ft":"252","conflict":"0","enacted":null,"created_us":null,"created_da":null,"last_edite":null,"last_edi_1":null,"hrlimit":"2","created_user":null,"created_date":null,"last_edited_user":"MTA","last_edited_date":"2017-05-12 17:13:37-07:00","rpp_sym":"lapis lazuli, 2.5 pt, no dash","mtab_date":null,"mtab_motion":null,"mtab_reso_text":null,"sym_rpp2":"lapis lazuli, 2.5 pt, no dash | 2, M-F, 800-1800","globalid":null,"exceptions":"Yes. RPP holders are exempt from time limits.","from_time":"8am","to_time":"6pm","data_as_of":"2017-05-12T17:13:37.000","analysis_neighborhood":"Pacific Heights","supervisor_district":"2","data_loaded_at":"2026-06-13T10:29:08.190",":id":"row-uypq.bfm7.5ccm",":version":"rv-26ky-8g2f-nutj",":created_at":"2026-06-13T17:29:18.307Z",":updated_at":"2026-06-13T17:29:18.307Z"}},{"type":"Feature","geometry":{"type":"MultiLineString","coordinates":[[[-122.430095314,37.795772778],[-122.429948989,37.795031711]]]},"properties":{"objectid":"5910","agency":null,"regulation":"Time limited","days":"M-F","hours":"800-1800","hrs_begin":"800","hrs_end":"1800","regdetails":null,"modified":null,"editor":null,"rpparea1":"G","rpparea2":"K","rpparea3":null,"fid_100":"6081","length_ft":"273","conflict":"0","enacted":null,"created_us":null,"created_da":null,"last_edite":null,"last_edi_1":null,"hrlimit":"2","created_user":null,"created_date":null,"last_edited_user":"MTA","last_edited_date":"2017-05-12 17:13:36-07:00","rpp_sym":"lapis lazuli, 2.5 pt, no dash","mtab_date":null,"mtab_motion":null,"mtab_reso_text":null,"sym_rpp2":"lapis lazuli, 2.5 pt, no dash | 2, M-F, 800-1800","globalid":null,"exceptions":"Yes. RPP holders are exempt from time limits.","from_time":"8am","to_time":"6pm","data_as_of":"2017-05-12T17:13:36.000","analysis_neighborhood":"Pacific Heights","supervisor_district":"2","data_loaded_at":"2026-06-13T10:29:08.190",":id":"row-6j8s.qyxw-3qdj",":version":"rv-s2ci.u9vk.8b25",":created_at":"2026-06-13T17:29:18.307Z",":updated_at":"2026-06-13T17:29:18.307Z"}},{"type":"Feature","geometry":{"type":"MultiLineString","coordinates":[[[-122.44360452,37.786576297],[-122.443458876,37.785856466]]]},"properties":{"objectid":"2733","agency":null,"regulation":"Time limited","days":"M-F","hours":"800-1800","hrs_begin":"800","hrs_end":"1800","regdetails":null,"modified":null,"editor":null,"rpparea1":"G","rpparea2":null,"rpparea3":null,"fid_100":"6012","length_ft":"265","conflict":"0","enacted":null,"created_us":null,"created_da":null,"last_edite":null,"last_edi_1":null,"hrlimit":"2","created_user":null,"created_date":null,"last_edited_user":"MTA","last_edited_date":"2017-05-12 17:13:14-07:00","rpp_sym":"lapis lazuli, 2.5 pt, no dash","mtab_date":null,"mtab_motion":null,"mtab_reso_text":null,"sym_rpp2":"lapis lazuli, 2.5 pt, no dash | 2, M-F, 800-1800","globalid":null,"exceptions":"Yes. RPP holders are exempt from time limits.","from_time":"8am","to_time":"6pm","data_as_of":"2017-05-12T17:13:14.000","analysis_neighborhood":"Presidio Heights","supervisor_district":"2","data_loaded_at":"2026-06-13T10:29:08.190",":id":"row-a3tk~v65p_7qsk",":version":"rv-q467.2dzd-rnqm",":created_at":"2026-06-13T17:29:18.307Z",":updated_at":"2026-06-13T17:29:18.307Z"}},{"type":"Feature","geometry":{"type":"MultiLineString","coordinates":[[[-122.418730857,37.789918182],[-122.417338864,37.790094014]]]},"properties":{"objectid":"4648","agency":null,"regulation":"Time limited","days":"M-Sa","hours":"800-2100","hrs_begin":"800","hrs_end":"2100","regdetails":null,"modified":null,"editor":null,"rpparea1":"C","rpparea2":"G","rpparea3":null,"fid_100":"4816","length_ft":"407","conflict":"0","enacted":null,"created_us":null,"created_da":null,"last_edite":null,"last_edi_1":null,"hrlimit":"2","created_user":null,"created_date":null,"last_edited_user":"MTA","last_edited_date":"2017-05-12 17:17:28-07:00","rpp_sym":"black, 2.5 pt, no dash","mtab_date":null,"mtab_motion":null,"mtab_reso_text":null,"sym_rpp2":"black, 2.5 pt, no dash | 2, M-Sa, 800-2100","globalid":null,"exceptions":"Yes. RPP holders are exempt from time limits.","from_time":"8am","to_time":"9pm","data_as_of":"2017-05-12T17:17:28.000","analysis_neighborhood":"Nob Hill","supervisor_district":"3","data_loaded_at":"2026-06-13T10:29:08.190",":id":"row-6tpn~gjwk_axmu",":version":"rv-e56h-3ir8_dw8m",":created_at":"2026-06-13T17:29:18.307Z",":updated_at":"2026-06-13T17:29:18.307Z"}},{"type":"Feature","geometry":null,"properties":{"objectid":"2303","agency":null,"regulation":"Time limited","days":"M-Sa","hours":"800-2100","hrs_begin":"800","hrs_end":"2100","regdetails":null,"modified":null,"editor":null,"rpparea1":"A","rpparea2":"G","rpparea3":"K","fid_100":"4552","length_ft":"0","conflict":"0","enacted":null,"created_us":null,"created_da":null,"last_edite":null,"last_edi_1":null,"hrlimit":"2","created_user":null,"created_date":null,"last_edited_user":"MTA","last_edited_date":"2017-05-12 17:17:30-07:00","rpp_sym":"black, 2.5 pt, no dash","mtab_date":null,"mtab_motion":null,"mtab_reso_text":null,"sym_rpp2":"black, 2.5 pt, no dash | 2, M-Sa, 800-2100","globalid":null,"exceptions":"Yes. RPP holders are exempt from time limits.","from_time":"8am","to_time":"9pm","data_as_of":"2017-05-12T17:17:30.000","analysis_neighborhood":null,"supervisor_district":null,"data_loaded_at":"2026-06-13T10:29:08.190",":id":"row-ngvf_3bvj~3fav",":version":"rv-9vt2-3n82~g4u9",":created_at":"2026-06-13T17:29:18.307Z",":updated_at":"2026-06-13T17:29:18.307Z"}},{"type":"Feature","geometry":{"type":"MultiLineString","coordinates":[[[-122.430450111,37.78849822],[-122.430589471,37.789187422]]]},"properties":{"objectid":"1026","agency":null,"regulation":"Time limited","days":"M-F","hours":"800-1800","hrs_begin":"800","hrs_end":"1800","regdetails":null,"modified":null,"editor":null,"rpparea1":"G","rpparea2":null,"rpparea3":null,"fid_100":"5612","length_ft":"254","conflict":"0","enacted":null,"created_us":null,"created_da":null,"last_edite":null,"last_edi_1":null,"hrlimit":"2","created_user":null,"created_date":null,"last_edited_user":"MTA","last_edited_date":"2017-05-12 17:13:02-07:00","rpp_sym":"lapis lazuli, 2.5 pt, no dash","mtab_date":null,"mtab_motion":null,"mtab_reso_text":null,"sym_rpp2":"lapis lazuli, 2.5 pt, no dash | 2, M-F, 800-1800","globalid":null,"exceptions":"Yes. RPP holders are exempt from time limits.","from_time":"8am","to_time":"6pm","data_as_of":"2017-05-12T17:13:02.000","analysis_neighborhood":"Pacific Heights","supervisor_district":"2","data_loaded_at":"2026-06-13T10:29:08.190",":id":"row-s3ez_7433~26d6",":version":"rv-nji6-upbh.mrnq",":created_at":"2026-06-13T17:29:18.307Z",":updated_at":"2026-06-13T17:29:18.307Z"}},{"type":"Feature","geometry":{"type":"MultiLineString","coordinates":[[[-122.428404151,37.796013985],[-122.426997738,37.796191978]]]},"properties":{"objectid":"5824","agency":null,"regulation":"Time limited","days":"M-F","hours":"800-1800","hrs_begin":"800","hrs_end":"1800","regdetails":null,"modified":null,"editor":null,"rpparea1":"G","rpparea2":"K","rpparea3":null,"fid_100":"6093","length_ft":"412","conflict":"0","enacted":null,"created_us":null,"created_da":null,"last_edite":null,"last_edi_1":null,"hrlimit":"2","created_user":null,"created_date":null,"last_edited_user":"MTA","last_edited_date":"2017-05-12 17:13:15-07:00","rpp_sym":"lapis lazuli, 2.5 pt, no dash","mtab_date":null,"mtab_motion":null,"mtab_reso_text":null,"sym_rpp2":"lapis lazuli, 2.5 pt, no dash | 2, M-F, 800-1800","globalid":null,"exceptions":"Yes. RPP holders are exempt from time limits.","from_time":"8am","to_time":"6pm","data_as_of":"2017-05-12T17:13:15.000","analysis_neighborhood":"Pacific Heights","supervisor_district":"2","data_loaded_at":"2026-06-13T10:29:08.190",":id":"row-igxv.zucd~ghxz",":version":"rv-3erg~vq5z~rjdh",":created_at":"2026-06-13T17:29:18.307Z",":updated_at":"2026-06-13T17:29:18.307Z"}},{"type":"Feature","geometry":{"type":"MultiLineString","coordinates":[[[-122.429486075,37.793061655],[-122.428094529,37.793238302]]]},"properties":{"objectid":"3836","agency":null,"regulation":"Time limited","days":"M-F","hours":"800-1800","hrs_begin":"800","hrs_end":"1800","regdetails":null,"modified":null,"editor":null,"rpparea1":"G","rpparea2":null,"rpparea3":null,"fid_100":"5841","length_ft":"407","conflict":"0","enacted":null,"created_us":null,"created_da":null,"last_edite":null,"last_edi_1":null,"hrlimit":"2","created_user":null,"created_date":null,"last_edited_user":"MTA","last_edited_date":"2017-05-12 17:13:24-07:00","rpp_sym":"lapis lazuli, 2.5 pt, no dash","mtab_date":null,"mtab_motion":null,"mtab_reso_text":null,"sym_rpp2":"lapis lazuli, 2.5 pt, no dash | 2, M-F, 800-1800","globalid":null,"exceptions":"Yes. RPP holders are exempt from time limits.","from_time":"8am","to_time":"6pm","data_as_of":"2017-05-12T17:13:24.000","analysis_neighborhood":"Pacific Heights","supervisor_district":"2","data_loaded_at":"2026-06-13T10:29:08.190",":id":"row-zr5x_59kf-3q8g",":version":"rv-33c3_m52s.u2jb",":created_at":"2026-06-13T17:29:18.307Z",":updated_at":"2026-06-13T17:29:18.307Z"}},{"type":"Feature","geometry":{"type":"MultiLineString","coordinates":[[[-122.424277827,37.796537624],[-122.425092373,37.796432912]]]},"properties":{"objectid":"406","agency":null,"regulation":"Time limited","days":"M-F","hours":"800-1800","hrs_begin":"800","hrs_end":"1800","regdetails":null,"modified":"2015-01-08 16:00:00-08:00","editor":"Mark C. Dreger","rpparea1":"A","rpparea2":"G","rpparea3":"K","fid_100":"4523","length_ft":"238","conflict":"0","enacted":null,"created_us":null,"created_da":null,"last_edite":null,"last_edi_1":null,"hrlimit":"2","created_user":null,"created_date":null,"last_edited_user":"MTA","last_edited_date":"2017-05-12 17:13:02-07:00","rpp_sym":"lapis lazuli, 2.5 pt, no dash","mtab_date":null,"mtab_motion":null,"mtab_reso_text":null,"sym_rpp2":"lapis lazuli, 2.5 pt, no dash | 2, M-F, 800-1800","globalid":null,"exceptions":"Yes. RPP holders are exempt from time limits.","from_time":"8am","to_time":"6pm","data_as_of":"2017-05-12T17:13:02.000","analysis_neighborhood":"Pacific Heights","supervisor_district":"2","data_loaded_at":"2026-06-13T10:29:08.190",":id":"row-ruv9.5far_mu8d",":version":"rv-t832.3c43.w9q6",":created_at":"2026-06-13T17:29:18.307Z",":updated_at":"2026-06-13T17:29:18.307Z"}},{"type":"Feature","geometry":{"type":"MultiLineString","coordinates":[[[-122.437838556,37.792001003],[-122.436577204,37.792161217]]]},"properties":{"objectid":"4339","agency":null,"regulation":"Time limited","days":"M-F","hours":"800-1800","hrs_begin":"800","hrs_end":"1800","regdetails":null,"modified":null,"editor":null,"rpparea1":"G","rpparea2":null,"rpparea3":null,"fid_100":"5774","length_ft":"369","conflict":"0","enacted":null,"created_us":null,"created_da":null,"last_edite":null,"last_edi_1":null,"hrlimit":"2","created_user":null,"created_date":null,"last_edited_user":"MTA","last_edited_date":"2017-05-12 17:13:35-07:00","rpp_sym":"lapis lazuli, 2.5 pt, no dash","mtab_date":null,"mtab_motion":null,"mtab_reso_text":null,"sym_rpp2":"lapis lazuli, 2.5 pt, no dash | 2, M-F, 800-1800","globalid":null,"exceptions":"Yes. RPP holders are exempt from time limits.","from_time":"8am","to_time":"6pm","data_as_of":"2017-05-12T17:13:35.000","analysis_neighborhood":"Pacific Heights","supervisor_district":"2","data_loaded_at":"2026-06-13T10:29:08.190",":id":"row-gtui-uxtf~4bee",":version":"rv-v7mw~rxbv-ujtw",":created_at":"2026-06-13T17:29:18.307Z",":updated_at":"2026-06-13T17:29:18.307Z"}},{"type":"Feature","geometry":{"type":"MultiLineString","coordinates":[[[-122.444912546,37.785630071],[-122.4435002,37.785809816]]]},"properties":{"objectid":"408","agency":null,"regulation":"Time limited","days":"M-F","hours":"800-1800","hrs_begin":"800","hrs_end":"1800","regdetails":null,"modified":null,"editor":null,"rpparea1":"G","rpparea2":null,"rpparea3":null,"fid_100":"6010","length_ft":"413","conflict":"0","enacted":null,"created_us":null,"created_da":null,"last_edite":null,"last_edi_1":null,"hrlimit":"2","created_user":null,"created_date":null,"last_edited_user":"MTA","last_edited_date":"2017-05-12 17:13:24-07:00","rpp_sym":"lapis lazuli, 2.5 pt, no dash","mtab_date":null,"mtab_motion":null,"mtab_reso_text":null,"sym_rpp2":"lapis lazuli, 2.5 pt, no dash | 2, M-F, 800-1800","globalid":null,"exceptions":"Yes. RPP holders are exempt from time limits.","from_time":"8am","to_time":"6pm","data_as_of":"2017-05-12T17:13:24.000","analysis_neighborhood":"Presidio Heights","supervisor_district":"2","data_loaded_at":"2026-06-13T10:29:08.190",":id":"row-ufy5_tg94-j2cz",":version":"rv-jzad-nuq2_xsd3",":created_at":"2026-06-13T17:29:18.307Z",":updated_at":"2026-06-13T17:29:18.307Z"}},{"type":"Feature","geometry":{"type":"MultiLineString","coordinates":[[[-122.43642793,37.794145173],[-122.435059696,37.794318414]]]},"properties":{"objectid":"4275","agency":null,"regulation":"Time limited","days":"M-F","hours":"800-1800","hrs_begin":"800","hrs_end":"1800","regdetails":null,"modified":null,"editor":null,"rpparea1":"G","rpparea2":"K","rpparea3":null,"fid_100":"6074","length_ft":"400","conflict":"0","enacted":null,"created_us":null,"created_da":null,"last_edite":null,"last_edi_1":null,"hrlimit":"2","created_user":null,"created_date":null,"last_edited_user":"MTA","last_edited_date":"2017-05-12 17:13:10-07:00","rpp_sym":"lapis lazuli, 2.5 pt, no dash","mtab_date":null,"mtab_motion":null,"mtab_reso_text":null,"sym_rpp2":"lapis lazuli, 2.5 pt, no dash | 2, M-F, 800-1800","globalid":null,"exceptions":"Yes. RPP holders are exempt from time limits.","from_time":"8am","to_time":"6pm","data_as_of":"2017-05-12T17:13:10.000","analysis_neighborhood":"Pacific Heights","supervisor_district":"2","data_loaded_at":"2026-06-13T10:29:08.190",":id":"row-b4iu~6in4_7w7u",":version":"rv-z3jb~fppa.sjmb",":created_at":"2026-06-13T17:29:18.307Z",":updated_at":"2026-06-13T17:29:18.307Z"}},{"type":"Feature","geometry":{"type":"MultiLineString","coordinates":[[[-122.428248271,37.795208231],[-122.426842954,37.795387657]]]},"properties":{"objectid":"1733","agency":null,"regulation":"Time limited","days":"M-F","hours":"800-1800","hrs_begin":"800","hrs_end":"1800","regdetails":null,"modified":null,"editor":null,"rpparea1":"G","rpparea2":"K","rpparea3":null,"fid_100":"6092","length_ft":"411","conflict":"0","enacted":null,"created_us":null,"created_da":null,"last_edite":null,"last_edi_1":null,"hrlimit":"2","created_user":null,"created_date":null,"last_edited_user":"MTA","last_edited_date":"2017-05-12 17:12:59-07:00","rpp_sym":"lapis lazuli, 2.5 pt, no dash","mtab_date":null,"mtab_motion":null,"mtab_reso_text":null,"sym_rpp2":"lapis lazuli, 2.5 pt, no dash | 2, M-F, 800-1800","globalid":null,"exceptions":"Yes. RPP holders are exempt from time limits.","from_time":"8am","to_time":"6pm","data_as_of":"2017-05-12T17:12:59.000","analysis_neighborhood":"Pacific Heights","supervisor_district":"2","data_loaded_at":"2026-06-13T10:29:08.190",":id":"row-9st4.rnez_9ct6",":version":"rv-ach5.6mw8~85b5",":created_at":"2026-06-13T17:29:18.307Z",":updated_at":"2026-06-13T17:29:18.307Z"}},{"type":"Feature","geometry":{"type":"MultiLineString","coordinates":[[[-122.41841401,37.795707942],[-122.418380389,37.795524323]]]},"properties":{"objectid":"2850","agency":null,"regulation":"Time limited","days":"M-F","hours":"800-1900","hrs_begin":"800","hrs_end":"1900","regdetails":null,"modified":null,"editor":null,"rpparea1":"A","rpparea2":"C","rpparea3":"G","fid_100":"4984","length_ft":"68","conflict":"0","enacted":null,"created_us":null,"created_da":null,"last_edite":null,"last_edi_1":null,"hrlimit":"2","created_user":null,"created_date":null,"last_edited_user":"MTA","last_edited_date":"2017-05-12 17:14:50-07:00","rpp_sym":"anemone violet, 2.5 pt, no dash","mtab_date":null,"mtab_motion":null,"mtab_reso_text":null,"sym_rpp2":"anemone violet, 2.5 pt, no dash | 2, M-F, 800-1900","globalid":null,"exceptions":"Yes. RPP holders are exempt from time limits.","from_time":"8am","to_time":"7pm","data_as_of":"2017-05-12T17:14:50.000","analysis_neighborhood":"Russian Hill","supervisor_district":"3","data_loaded_at":"2026-06-13T10:29:08.190",":id":"row-jkwg~vxpu~4v4p",":version":"rv-u5ie.mkt9.bj25",":created_at":"2026-06-13T17:29:18.307Z",":updated_at":"2026-06-13T17:29:18.307Z"}},{"type":"Feature","geometry":{"type":"MultiLineString","coordinates":[[[-122.436891074,37.787648466],[-122.437038578,37.78838128]]]},"properties":{"objectid":"5487","agency":null,"regulation":"Time limited","days":"M-F","hours":"800-1800","hrs_begin":"800","hrs_end":"1800","regdetails":null,"modified":null,"editor":null,"rpparea1":"G","rpparea2":null,"rpparea3":null,"fid_100":"5708","length_ft":"270","conflict":"0","enacted":null,"created_us":null,"created_da":null,"last_edite":null,"last_edi_1":null,"hrlimit":"2","created_user":null,"created_date":null,"last_edited_user":"MTA","last_edited_date":"2017-05-12 17:13:11-07:00","rpp_sym":"lapis lazuli, 2.5 pt, no dash","mtab_date":null,"mtab_motion":null,"mtab_reso_text":null,"sym_rpp2":"lapis lazuli, 2.5 pt, no dash | 2, M-F, 800-1800","globalid":null,"exceptions":"Yes. RPP holders are exempt from time limits.","from_time":"8am","to_time":"6pm","data_as_of":"2017-05-12T17:13:11.000","analysis_neighborhood":"Pacific Heights","supervisor_district":"2","data_loaded_at":"2026-06-13T10:29:08.190",":id":"row-2vnb.ttu6.7329",":version":"rv-f2uc-rs67.mfcy",":created_at":"2026-06-13T17:29:18.307Z",":updated_at":"2026-06-13T17:29:18.307Z"}},{"type":"Feature","geometry":{"type":"MultiLineString","coordinates":[[[-122.431894225,37.788059263],[-122.431823897,37.787711467]]]},"properties":{"objectid":"6093","agency":null,"regulation":"Time limited","days":"M-F","hours":"800-1800","hrs_begin":"800","hrs_end":"1800","regdetails":null,"modified":null,"editor":null,"rpparea1":"G","rpparea2":null,"rpparea3":null,"fid_100":"5605","length_ft":"128","conflict":"0","enacted":null,"created_us":null,"created_da":null,"last_edite":null,"last_edi_1":null,"hrlimit":"2","created_user":null,"created_date":null,"last_edited_user":"MTA","last_edited_date":"2017-05-12 17:13:10-07:00","rpp_sym":"lapis lazuli, 2.5 pt, no dash","mtab_date":null,"mtab_motion":null,"mtab_reso_text":null,"sym_rpp2":"lapis lazuli, 2.5 pt, no dash | 2, M-F, 800-1800","globalid":null,"exceptions":"Yes. RPP holders are exempt from time limits.","from_time":"8am","to_time":"6pm","data_as_of":"2017-05-12T17:13:10.000","analysis_neighborhood":"Pacific Heights","supervisor_district":"5","data_loaded_at":"2026-06-13T10:29:08.190",":id":"row-5mdt~6p58-zbqq",":version":"rv-f3cx-s639.th3h",":created_at":"2026-06-13T17:29:18.307Z",":updated_at":"2026-06-13T17:29:18.307Z"}},{"type":"Feature","geometry":{"type":"MultiLineString","coordinates":[[[-122.432066565,37.788031911],[-122.432005341,37.78772915]]]},"properties":{"objectid":"7629","agency":null,"regulation":"Time limited","days":"M-F","hours":"800-1800","hrs_begin":"800","hrs_end":"1800","regdetails":null,"modified":null,"editor":null,"rpparea1":"G","rpparea2":null,"rpparea3":null,"fid_100":"5603","length_ft":"112","conflict":"0","enacted":null,"created_us":null,"created_da":null,"last_edite":null,"last_edi_1":null,"hrlimit":"2","created_user":null,"created_date":null,"last_edited_user":"MTA","last_edited_date":"2017-05-12 17:13:24-07:00","rpp_sym":"lapis lazuli, 2.5 pt, no dash","mtab_date":null,"mtab_motion":null,"mtab_reso_text":null,"sym_rpp2":"lapis lazuli, 2.5 pt, no dash | 2, M-F, 800-1800","globalid":null,"exceptions":"Yes. RPP holders are exempt from time limits.","from_time":"8am","to_time":"6pm","data_as_of":"2017-05-12T17:13:24.000","analysis_neighborhood":"Pacific Heights","supervisor_district":"5","data_loaded_at":"2026-06-13T10:29:08.190",":id":"row-gz7w_m8uj-cqeu",":version":"rv-xed2_fmkf_8gu5",":created_at":"2026-06-13T17:29:18.307Z",":updated_at":"2026-06-13T17:29:18.307Z"}},{"type":"Feature","geometry":{"type":"MultiLineString","coordinates":[[[-122.442189678,37.788851134],[-122.44078912,37.789029892]]]},"properties":{"objectid":"5061","agency":null,"regulation":"Time limited","days":"M-F","hours":"800-1800","hrs_begin":"800","hrs_end":"1800","regdetails":null,"modified":null,"editor":null,"rpparea1":"G","rpparea2":null,"rpparea3":null,"fid_100":"5962","length_ft":"410","conflict":"0","enacted":null,"created_us":null,"created_da":null,"last_edite":null,"last_edi_1":null,"hrlimit":"2","created_user":null,"created_date":null,"last_edited_user":"MTA","last_edited_date":"2017-05-12 17:13:36-07:00","rpp_sym":"lapis lazuli, 2.5 pt, no dash","mtab_date":null,"mtab_motion":null,"mtab_reso_text":null,"sym_rpp2":"lapis lazuli, 2.5 pt, no dash | 2, M-F, 800-1800","globalid":null,"exceptions":"Yes. RPP holders are exempt from time limits.","from_time":"8am","to_time":"6pm","data_as_of":"2017-05-12T17:13:36.000","analysis_neighborhood":"Pacific Heights","supervisor_district":"2","data_loaded_at":"2026-06-13T10:29:08.190",":id":"row-7py4.b2r7.u8k4",":version":"rv-civw_u63k-cmwq",":created_at":"2026-06-13T17:29:18.307Z",":updated_at":"2026-06-13T17:29:18.307Z"}},{"type":"Feature","geometry":{"type":"MultiLineString","coordinates":[[[-122.444215848,37.790245173],[-122.444076515,37.789554195]]]},"properties":{"objectid":"1800","agency":null,"regulation":"Time limited","days":"M-F","hours":"800-1800","hrs_begin":"800","hrs_end":"1800","regdetails":null,"modified":null,"editor":null,"rpparea1":"G","rpparea2":null,"rpparea3":null,"fid_100":"5953","length_ft":"255","conflict":"0","enacted":null,"created_us":null,"created_da":null,"last_edite":null,"last_edi_1":null,"hrlimit":"2","created_user":null,"created_date":null,"last_edited_user":"MTA","last_edited_date":"2017-05-12 17:12:59-07:00","rpp_sym":"lapis lazuli, 2.5 pt, no dash","mtab_date":null,"mtab_motion":null,"mtab_reso_text":null,"sym_rpp2":"lapis lazuli, 2.5 pt, no dash | 2, M-F, 800-1800","globalid":null,"exceptions":"Yes. RPP holders are exempt from time limits.","from_time":"8am","to_time":"6pm","data_as_of":"2017-05-12T17:12:59.000","analysis_neighborhood":"Pacific Heights","supervisor_district":"2","data_loaded_at":"2026-06-13T10:29:08.190",":id":"row-uss2~spxu~h5iu",":version":"rv-h34c-vqwp~5h7s",":created_at":"2026-06-13T17:29:18.307Z",":updated_at":"2026-06-13T17:29:18.307Z"}},{"type":"Feature","geometry":{"type":"MultiLineString","coordinates":[[[-122.419076964,37.790653774],[-122.418931,37.789932823]]]},"properties":{"objectid":"3872","agency":null,"regulation":"Time limited","days":"M-Sa","hours":"800-2100","hrs_begin":"800","hrs_end":"2100","regdetails":null,"modified":null,"editor":null,"rpparea1":"C","rpparea2":"G","rpparea3":null,"fid_100":"4814","length_ft":"266","conflict":"0","enacted":null,"created_us":null,"created_da":null,"last_edite":null,"last_edi_1":null,"hrlimit":"2","created_user":null,"created_date":null,"last_edited_user":"MTA","last_edited_date":"2017-05-12 17:17:30-07:00","rpp_sym":"black, 2.5 pt, no dash","mtab_date":null,"mtab_motion":null,"mtab_reso_text":null,"sym_rpp2":"black, 2.5 pt, no dash | 2, M-Sa, 800-2100","globalid":null,"exceptions":"Yes. RPP holders are exempt from time limits.","from_time":"8am","to_time":"9pm","data_as_of":"2017-05-12T17:17:30.000","analysis_neighborhood":"Nob Hill","supervisor_district":"3","data_loaded_at":"2026-06-13T10:29:08.190",":id":"row-gefd~gjb6_mwti",":version":"rv-9fsc_mph4.y8he",":created_at":"2026-06-13T17:29:18.307Z",":updated_at":"2026-06-13T17:29:18.307Z"}},{"type":"Feature","geometry":{"type":"MultiLineString","coordinates":[[[-122.425477339,37.790054297],[-122.424121974,37.790226567]]]},"properties":{"objectid":"7687","agency":null,"regulation":"Time limited","days":"M-Sa","hours":"800-2300","hrs_begin":"800","hrs_end":"2300","regdetails":"MON - FRI: 8AM - 11PM; SAT: 5PM - 11PM","modified":"2015-01-08 16:00:00-08:00","editor":"Mark C. Dreger","rpparea1":"G","rpparea2":null,"rpparea3":null,"fid_100":"5563","length_ft":"397","conflict":"0","enacted":null,"created_us":null,"created_da":null,"last_edite":null,"last_edi_1":null,"hrlimit":"2","created_user":null,"created_date":null,"last_edited_user":"MTA","last_edited_date":"2017-05-12 17:19:20-07:00","rpp_sym":"leaf green, 2.5 pt, no dash","mtab_date":null,"mtab_motion":null,"mtab_reso_text":null,"sym_rpp2":"leaf green, 2.5 pt, no dash | 2, M-Sa, 800-2300","globalid":null,"exceptions":"Yes. RPP holders are exempt from time limits.","from_time":"8am","to_time":"11pm","data_as_of":"2017-05-12T17:19:20.000","analysis_neighborhood":"Pacific Heights","supervisor_district":"2","data_loaded_at":"2026-06-13T10:29:08.190",":id":"row-9b9d.qrwh-k57t",":version":"rv-8rs2.jxrk-ak3f",":created_at":"2026-06-13T17:29:18.307Z",":updated_at":"2026-06-13T17:29:18.307Z"}},{"type":"Feature","geometry":{"type":"MultiLineString","coordinates":[[[-122.446507409,37.792791032],[-122.446373982,37.791961151]]]},"properties":{"objectid":"4878","agency":null,"regulation":"Time limited","days":"M-F","hours":"800-1800","hrs_begin":"800","hrs_end":"1800","regdetails":null,"modified":null,"editor":null,"rpparea1":"G","rpparea2":"K","rpparea3":null,"fid_100":"5912","length_ft":"305","conflict":"0","enacted":null,"created_us":null,"created_da":null,"last_edite":null,"last_edi_1":null,"hrlimit":"3","created_user":null,"created_date":null,"last_edited_user":"MTA","last_edited_date":"2017-05-12 17:13:35-07:00","rpp_sym":"lapis lazuli, 2.5 pt, dash 3:1, interval 2","mtab_date":null,"mtab_motion":null,"mtab_reso_text":null,"sym_rpp2":"lapis lazuli, 2.5 pt, dash 3:1, interval 2 | 3, M-F, 800-1800","globalid":null,"exceptions":"Yes. RPP holders are exempt from time limits.","from_time":"8am","to_time":"6pm","data_as_of":"2017-05-12T17:13:35.000","analysis_neighborhood":"Presidio","supervisor_district":"2","data_loaded_at":"2026-06-13T10:29:08.190",":id":"row-tasf~c34x-jemy",":version":"rv-ekg5-cg8f.y6vu",":created_at":"2026-06-13T17:29:18.307Z",":updated_at":"2026-06-13T17:29:18.307Z"}},{"type":"Feature","geometry":{"type":"MultiLineString","coordinates":[[[-122.442575387,37.792408717],[-122.441493747,37.792544012]]]},"properties":{"objectid":"2699","agency":null,"regulation":"Time limited","days":"M-F","hours":"800-1800","hrs_begin":"800","hrs_end":"1800","regdetails":null,"modified":null,"editor":null,"rpparea1":"G","rpparea2":"K","rpparea3":null,"fid_100":"5889","length_ft":"316","conflict":"0","enacted":null,"created_us":null,"created_da":null,"last_edite":null,"last_edi_1":null,"hrlimit":"3","created_user":null,"created_date":null,"last_edited_user":"MTA","last_edited_date":"2017-05-12 17:13:27-07:00","rpp_sym":"lapis lazuli, 2.5 pt, dash 3:1, interval 2","mtab_date":null,"mtab_motion":null,"mtab_reso_text":null,"sym_rpp2":"lapis lazuli, 2.5 pt, dash 3:1, interval 2 | 3, M-F, 800-1800","globalid":null,"exceptions":"Yes. RPP holders are exempt from time limits.","from_time":"8am","to_time":"6pm","data_as_of":"2017-05-12T17:13:27.000","analysis_neighborhood":"Pacific Heights","supervisor_district":"2","data_loaded_at":"2026-06-13T10:29:08.190",":id":"row-8ngy-u2qh_88bd",":version":"rv-gi4q_bk23.c5rh",":created_at":"2026-06-13T17:29:18.307Z",":updated_at":"2026-06-13T17:29:18.307Z"}},{"type":"Feature","geometry":{"type":"MultiLineString","coordinates":[[[-122.430964389,37.791970691],[-122.429549958,37.792149807]]]},"properties":{"objectid":"5556","agency":null,"regulation":"Time limited","days":"M-F","hours":"800-1800","hrs_begin":"800","hrs_end":"1800","regdetails":null,"modified":null,"editor":null,"rpparea1":"G","rpparea2":null,"rpparea3":null,"fid_100":"5867","length_ft":"414","conflict":"0","enacted":null,"created_us":null,"created_da":null,"last_edite":null,"last_edi_1":null,"hrlimit":"2","created_user":null,"created_date":null,"last_edited_user":"MTA","last_edited_date":"2017-05-12 17:12:58-07:00","rpp_sym":"lapis lazuli, 2.5 pt, no dash","mtab_date":null,"mtab_motion":null,"mtab_reso_text":null,"sym_rpp2":"lapis lazuli, 2.5 pt, no dash | 2, M-F, 800-1800","globalid":null,"exceptions":"Yes. RPP holders are exempt from time limits.","from_time":"8am","to_time":"6pm","data_as_of":"2017-05-12T17:12:58.000","analysis_neighborhood":"Pacific Heights","supervisor_district":"2","data_loaded_at":"2026-06-13T10:29:08.190",":id":"row-gdjw~4ra4_gibr",":version":"rv-fmie~urdh~y8sz",":created_at":"2026-06-13T17:29:18.307Z",":updated_at":"2026-06-13T17:29:18.307Z"}},{"type":"Feature","geometry":{"type":"MultiLineString","coordinates":[[[-122.423848055,37.790266237],[-122.423585808,37.790298227]]]},"properties":{"objectid":"4738","agency":null,"regulation":"Time limited","days":"M-Sa","hours":"1800-2300","hrs_begin":"1800","hrs_end":"2300","regdetails":null,"modified":"2015-01-08 16:00:00-08:00","editor":"Mark C. Dreger","rpparea1":"G","rpparea2":null,"rpparea3":null,"fid_100":"1252","length_ft":"77","conflict":"0","enacted":null,"created_us":null,"created_da":null,"last_edite":null,"last_edi_1":null,"hrlimit":"2","created_user":null,"created_date":null,"last_edited_user":"RAYNELLCOOPER","last_edited_date":"2024-04-29 17:21:10-07:00","rpp_sym":"poinsettia red, 2.5 pt, no dash","mtab_date":null,"mtab_motion":null,"mtab_reso_text":null,"sym_rpp2":"poinsettia red, 2.5 pt, no dash | 2, M-Sa, 1800-2300","globalid":null,"exceptions":"Yes. RPP holders are exempt from time limits.","from_time":"6pm","to_time":"11pm","data_as_of":"2024-04-29T17:21:10.000","analysis_neighborhood":"Pacific Heights","supervisor_district":"2","data_loaded_at":"2026-06-13T10:29:08.190",":id":"row-ahs9.de4z_66dp",":version":"rv-fam4_uvpt.zzqd",":created_at":"2026-06-13T17:29:18.307Z",":updated_at":"2026-06-13T17:29:18.307Z"}},{"type":"Feature","geometry":{"type":"MultiLineString","coordinates":[[[-122.445814633,37.789140612],[-122.445674763,37.788449437]]]},"properties":{"objectid":"7288","agency":null,"regulation":"Time limited","days":"M-F","hours":"800-1800","hrs_begin":"800","hrs_end":"1800","regdetails":null,"modified":null,"editor":null,"rpparea1":"F","rpparea2":"G","rpparea3":null,"fid_100":"5978","length_ft":"255","conflict":"0","enacted":null,"created_us":null,"created_da":null,"last_edite":null,"last_edi_1":null,"hrlimit":"2","created_user":null,"created_date":null,"last_edited_user":"MTA","last_edited_date":"2017-05-12 17:13:01-07:00","rpp_sym":"lapis lazuli, 2.5 pt, no dash","mtab_date":null,"mtab_motion":null,"mtab_reso_text":null,"sym_rpp2":"lapis lazuli, 2.5 pt, no dash | 2, M-F, 800-1800","globalid":null,"exceptions":"Yes. RPP holders are exempt from time limits.","from_time":"8am","to_time":"6pm","data_as_of":"2017-05-12T17:13:01.000","analysis_neighborhood":"Presidio Heights","supervisor_district":"2","data_loaded_at":"2026-06-13T10:29:08.190",":id":"row-5fcr~6qtx.s6bm",":version":"rv-6z27_smy8-2mqm",":created_at":"2026-06-13T17:29:18.307Z",":updated_at":"2026-06-13T17:29:18.307Z"}},{"type":"Feature","geometry":{"type":"MultiLineString","coordinates":[[[-122.445743415,37.784447079],[-122.444927273,37.784550726]]]},"properties":{"objectid":"745","agency":null,"regulation":"Time limited","days":"M-F","hours":"800-1800","hrs_begin":"800","hrs_end":"1800","regdetails":null,"modified":null,"editor":null,"rpparea1":"G","rpparea2":null,"rpparea3":null,"fid_100":"6017","length_ft":"239","conflict":"0","enacted":null,"created_us":null,"created_da":null,"last_edite":null,"last_edi_1":null,"hrlimit":"2","created_user":null,"created_date":null,"last_edited_user":"MTA","last_edited_date":"2017-05-12 17:13:13-07:00","rpp_sym":"lapis lazuli, 2.5 pt, no dash","mtab_date":null,"mtab_motion":null,"mtab_reso_text":null,"sym_rpp2":"lapis lazuli, 2.5 pt, no dash | 2, M-F, 800-1800","globalid":null,"exceptions":"Yes. RPP holders are exempt from time limits.","from_time":"8am","to_time":"6pm","data_as_of":"2017-05-12T17:13:13.000","analysis_neighborhood":"Presidio Heights","supervisor_district":"5","data_loaded_at":"2026-06-13T10:29:08.190",":id":"row-ewvb-k8p5_kue2",":version":"rv-63i9_4vgt~xsfs",":created_at":"2026-06-13T17:29:18.307Z",":updated_at":"2026-06-13T17:29:18.307Z"}},{"type":"Feature","geometry":{"type":"MultiLineString","coordinates":[[[-122.435918338,37.791454102],[-122.43463545,37.791616733]]]},"properties":{"objectid":"5089","agency":null,"regulation":"Time limited","days":"M-F","hours":"800-1800","hrs_begin":"800","hrs_end":"1800","regdetails":null,"modified":null,"editor":null,"rpparea1":"G","rpparea2":null,"rpparea3":null,"fid_100":"5769","length_ft":"375","conflict":"0","enacted":null,"created_us":null,"created_da":null,"last_edite":null,"last_edi_1":null,"hrlimit":"2","created_user":null,"created_date":null,"last_edited_user":"RAYNELLCOOPER","last_edited_date":"2024-04-29 17:21:10-07:00","rpp_sym":"lapis lazuli, 2.5 pt, no dash","mtab_date":null,"mtab_motion":null,"mtab_reso_text":null,"sym_rpp2":"lapis lazuli, 2.5 pt, no dash | 2, M-F, 800-1800","globalid":null,"exceptions":"Yes. RPP holders are exempt from time limits.","from_time":"8am","to_time":"6pm","data_as_of":"2024-04-29T17:21:10.000","analysis_neighborhood":"Pacific Heights","supervisor_district":"2","data_loaded_at":"2026-06-13T10:29:08.190",":id":"row-rum6.xtc2-7i8m",":version":"rv-uy6p~b8rf_u658",":created_at":"2026-06-13T17:29:18.307Z",":updated_at":"2026-06-13T17:29:18.307Z"}},{"type":"Feature","geometry":{"type":"MultiLineString","coordinates":[[[-122.430868852,37.791240714],[-122.431007558,37.791928637]]]},"properties":{"objectid":"2305","agency":null,"regulation":"Time limited","days":"M-F","hours":"800-1800","hrs_begin":"800","hrs_end":"1800","regdetails":null,"modified":null,"editor":null,"rpparea1":"G","rpparea2":null,"rpparea3":null,"fid_100":"5868","length_ft":"254","conflict":"0","enacted":null,"created_us":null,"created_da":null,"last_edite":null,"last_edi_1":null,"hrlimit":"2","created_user":null,"created_date":null,"last_edited_user":"MTA","last_edited_date":"2017-05-12 17:13:25-07:00","rpp_sym":"lapis lazuli, 2.5 pt, no dash","mtab_date":null,"mtab_motion":null,"mtab_reso_text":null,"sym_rpp2":"lapis lazuli, 2.5 pt, no dash | 2, M-F, 800-1800","globalid":null,"exceptions":"Yes. RPP holders are exempt from time limits.","from_time":"8am","to_time":"6pm","data_as_of":"2017-05-12T17:13:25.000","analysis_neighborhood":"Pacific Heights","supervisor_district":"2","data_loaded_at":"2026-06-13T10:29:08.190",":id":"row-kzwe~tivk-weif",":version":"rv-ggr4_ye22~pyn3",":created_at":"2026-06-13T17:29:18.307Z",":updated_at":"2026-06-13T17:29:18.307Z"}},{"type":"Feature","geometry":{"type":"MultiLineString","coordinates":[[[-122.433538157,37.788031858],[-122.432903333,37.788112498]]]},"properties":{"objectid":"5861","agency":null,"regulation":"Time limited","days":"M-F","hours":"800-1800","hrs_begin":"800","hrs_end":"1800","regdetails":null,"modified":null,"editor":null,"rpparea1":"G","rpparea2":null,"rpparea3":null,"fid_100":"5577","length_ft":"186","conflict":"0","enacted":null,"created_us":null,"created_da":null,"last_edite":null,"last_edi_1":null,"hrlimit":"2","created_user":null,"created_date":null,"last_edited_user":"MTA","last_edited_date":"2017-05-12 17:13:01-07:00","rpp_sym":"lapis lazuli, 2.5 pt, no dash","mtab_date":null,"mtab_motion":null,"mtab_reso_text":null,"sym_rpp2":"lapis lazuli, 2.5 pt, no dash | 2, M-F, 800-1800","globalid":null,"exceptions":"Yes. RPP holders are exempt from time limits.","from_time":"8am","to_time":"6pm","data_as_of":"2017-05-12T17:13:01.000","analysis_neighborhood":"Pacific Heights","supervisor_district":"2","data_loaded_at":"2026-06-13T10:29:08.190",":id":"row-rsef.tede.22jg",":version":"rv-njqa~f2f5.5vez",":created_at":"2026-06-13T17:29:18.307Z",":updated_at":"2026-06-13T17:29:18.307Z"}},{"type":"Feature","geometry":{"type":"MultiLineString","coordinates":[[[-122.441261705,37.784013219],[-122.44119241,37.783679972]]]},"properties":{"objectid":"1502","agency":null,"regulation":"Time limited","days":"M-F","hours":"800-1800","hrs_begin":"800","hrs_end":"1800","regdetails":null,"modified":null,"editor":null,"rpparea1":"G","rpparea2":null,"rpparea3":null,"fid_100":"6031","length_ft":"123","conflict":"0","enacted":null,"created_us":null,"created_da":null,"last_edite":null,"last_edi_1":null,"hrlimit":"2","created_user":null,"created_date":null,"last_edited_user":"MTA","last_edited_date":"2017-05-12 17:13:03-07:00","rpp_sym":"lapis lazuli, 2.5 pt, no dash","mtab_date":null,"mtab_motion":null,"mtab_reso_text":null,"sym_rpp2":"lapis lazuli, 2.5 pt, no dash | 2, M-F, 800-1800","globalid":null,"exceptions":"Yes. RPP holders are exempt from time limits.","from_time":"8am","to_time":"6pm","data_as_of":"2017-05-12T17:13:03.000","analysis_neighborhood":"Japantown","supervisor_district":"2","data_loaded_at":"2026-06-13T10:29:08.190",":id":"row-5ra8_q38n-2gy5",":version":"rv-xb2g_p8qb_f788",":created_at":"2026-06-13T17:29:18.307Z",":updated_at":"2026-06-13T17:29:18.307Z"}},{"type":"Feature","geometry":{"type":"MultiLineString","coordinates":[[[-122.43953772,37.791738285],[-122.439400106,37.791058543]]]},"properties":{"objectid":"3877","agency":null,"regulation":"Time limited","days":"M-F","hours":"800-1800","hrs_begin":"800","hrs_end":"1800","regdetails":null,"modified":null,"editor":null,"rpparea1":"G","rpparea2":null,"rpparea3":null,"fid_100":"5781","length_ft":"251","conflict":"0","enacted":null,"created_us":null,"created_da":null,"last_edite":null,"last_edi_1":null,"hrlimit":"2","created_user":null,"created_date":null,"last_edited_user":"MTA","last_edited_date":"2017-05-12 17:13:13-07:00","rpp_sym":"lapis lazuli, 2.5 pt, no dash","mtab_date":null,"mtab_motion":null,"mtab_reso_text":null,"sym_rpp2":"lapis lazuli, 2.5 pt, no dash | 2, M-F, 800-1800","globalid":null,"exceptions":"Yes. RPP holders are exempt from time limits.","from_time":"8am","to_time":"6pm","data_as_of":"2017-05-12T17:13:13.000","analysis_neighborhood":"Pacific Heights","supervisor_district":"2","data_loaded_at":"2026-06-13T10:29:08.190",":id":"row-xp6z.d9se_3fdn",":version":"rv-x2js.a5in_yw8b",":created_at":"2026-06-13T17:29:18.307Z",":updated_at":"2026-06-13T17:29:18.307Z"}},{"type":"Feature","geometry":{"type":"MultiLineString","coordinates":[[[-122.441423566,37.793343121],[-122.441277112,37.792620335]]]},"properties":{"objectid":"3273","agency":null,"regulation":"Time limited","days":"M-F","hours":"800-1800","hrs_begin":"800","hrs_end":"1800","regdetails":null,"modified":null,"editor":null,"rpparea1":"G","rpparea2":"K","rpparea3":null,"fid_100":"5885","length_ft":"267","conflict":"0","enacted":null,"created_us":null,"created_da":null,"last_edite":null,"last_edi_1":null,"hrlimit":"3","created_user":null,"created_date":null,"last_edited_user":"MTA","last_edited_date":"2017-05-12 17:13:24-07:00","rpp_sym":"lapis lazuli, 2.5 pt, dash 3:1, interval 2","mtab_date":null,"mtab_motion":null,"mtab_reso_text":null,"sym_rpp2":"lapis lazuli, 2.5 pt, dash 3:1, interval 2 | 3, M-F, 800-1800","globalid":null,"exceptions":"Yes. RPP holders are exempt from time limits.","from_time":"8am","to_time":"6pm","data_as_of":"2017-05-12T17:13:24.000","analysis_neighborhood":"Pacific Heights","supervisor_district":"2","data_loaded_at":"2026-06-13T10:29:08.190",":id":"row-8qei.2dw8.fnqz",":version":"rv-r6yf~5pev_pcfk",":created_at":"2026-06-13T17:29:18.307Z",":updated_at":"2026-06-13T17:29:18.307Z"}},{"type":"Feature","geometry":{"type":"MultiLineString","coordinates":[[[-122.439756259,37.793716501],[-122.438338632,37.793895462]]]},"properties":{"objectid":"6635","agency":null,"regulation":"Time limited","days":"M-F","hours":"800-1800","hrs_begin":"800","hrs_end":"1800","regdetails":null,"modified":null,"editor":null,"rpparea1":"G","rpparea2":"K","rpparea3":null,"fid_100":"6065","length_ft":"415","conflict":"0","enacted":null,"created_us":null,"created_da":null,"last_edite":null,"last_edi_1":null,"hrlimit":"2","created_user":null,"created_date":null,"last_edited_user":"MTA","last_edited_date":"2017-05-12 17:13:11-07:00","rpp_sym":"lapis lazuli, 2.5 pt, no dash","mtab_date":null,"mtab_motion":null,"mtab_reso_text":null,"sym_rpp2":"lapis lazuli, 2.5 pt, no dash | 2, M-F, 800-1800","globalid":null,"exceptions":"Yes. RPP holders are exempt from time limits.","from_time":"8am","to_time":"6pm","data_as_of":"2017-05-12T17:13:11.000","analysis_neighborhood":"Pacific Heights","supervisor_district":"2","data_loaded_at":"2026-06-13T10:29:08.190",":id":"row-aj8p.qjny_azjj",":version":"rv-g7fa.njit_ru4s",":created_at":"2026-06-13T17:29:18.307Z",":updated_at":"2026-06-13T17:29:18.307Z"}},{"type":"Feature","geometry":{"type":"MultiLineString","coordinates":[[[-122.439049836,37.789999291],[-122.438910991,37.789313815]]]},"properties":{"objectid":"6677","agency":null,"regulation":"Time limited","days":"M-F","hours":"800-1800","hrs_begin":"800","hrs_end":"1800","regdetails":null,"modified":null,"editor":null,"rpparea1":"G","rpparea2":null,"rpparea3":null,"fid_100":"5752","length_ft":"253","conflict":"0","enacted":null,"created_us":null,"created_da":null,"last_edite":null,"last_edi_1":null,"hrlimit":"2","created_user":null,"created_date":null,"last_edited_user":"MTA","last_edited_date":"2017-05-12 17:13:12-07:00","rpp_sym":"lapis lazuli, 2.5 pt, no dash","mtab_date":null,"mtab_motion":null,"mtab_reso_text":null,"sym_rpp2":"lapis lazuli, 2.5 pt, no dash | 2, M-F, 800-1800","globalid":null,"exceptions":"Yes. RPP holders are exempt from time limits.","from_time":"8am","to_time":"6pm","data_as_of":"2017-05-12T17:13:12.000","analysis_neighborhood":"Pacific Heights","supervisor_district":"2","data_loaded_at":"2026-06-13T10:29:08.190",":id":"row-ru36~cnb4~34df",":version":"rv-xzyj~9i45_uuaf",":created_at":"2026-06-13T17:29:18.307Z",":updated_at":"2026-06-13T17:29:18.307Z"}},{"type":"Feature","geometry":{"type":"MultiLineString","coordinates":[[[-122.449073873,37.79067668],[-122.447638888,37.790859373]]]},"properties":{"objectid":"1387","agency":null,"regulation":"Time limited","days":"M-F","hours":"800-1800","hrs_begin":"800","hrs_end":"1800","regdetails":null,"modified":null,"editor":null,"rpparea1":"F","rpparea2":"G","rpparea3":null,"fid_100":"6046","length_ft":"420","conflict":"0","enacted":null,"created_us":null,"created_da":null,"last_edite":null,"last_edi_1":null,"hrlimit":"3","created_user":null,"created_date":null,"last_edited_user":"MTA","last_edited_date":"2017-05-12 17:13:28-07:00","rpp_sym":"lapis lazuli, 2.5 pt, dash 3:1, interval 2","mtab_date":null,"mtab_motion":null,"mtab_reso_text":null,"sym_rpp2":"lapis lazuli, 2.5 pt, dash 3:1, interval 2 | 3, M-F, 800-1800","globalid":null,"exceptions":"Yes. RPP holders are exempt from time limits.","from_time":"8am","to_time":"6pm","data_as_of":"2017-05-12T17:13:28.000","analysis_neighborhood":"Presidio Heights","supervisor_district":"2","data_loaded_at":"2026-06-13T10:29:08.190",":id":"row-qp9e.2gxb.d3i3",":version":"rv-a4i2~agzb_m2gx",":created_at":"2026-06-13T17:29:18.307Z",":updated_at":"2026-06-13T17:29:18.307Z"}},{"type":"Feature","geometry":{"type":"MultiLineString","coordinates":[[[-122.43661329,37.793946845],[-122.436467533,37.793227093]]]},"properties":{"objectid":"7269","agency":null,"regulation":"Time limited","days":"M-F","hours":"800-1800","hrs_begin":"800","hrs_end":"1800","regdetails":null,"modified":null,"editor":null,"rpparea1":"G","rpparea2":"K","rpparea3":null,"fid_100":"5810","length_ft":"265","conflict":"0","enacted":null,"created_us":null,"created_da":null,"last_edite":null,"last_edi_1":null,"hrlimit":"2","created_user":null,"created_date":null,"last_edited_user":"MTA","last_edited_date":"2017-05-12 17:12:58-07:00","rpp_sym":"lapis lazuli, 2.5 pt, no dash","mtab_date":null,"mtab_motion":null,"mtab_reso_text":null,"sym_rpp2":"lapis lazuli, 2.5 pt, no dash | 2, M-F, 800-1800","globalid":null,"exceptions":"Yes. RPP holders are exempt from time limits.","from_time":"8am","to_time":"6pm","data_as_of":"2017-05-12T17:12:58.000","analysis_neighborhood":"Pacific Heights","supervisor_district":"2","data_loaded_at":"2026-06-13T10:29:08.190",":id":"row-2zew~4xi4-6qdk",":version":"rv-9ves.cjd6~tbgm",":created_at":"2026-06-13T17:29:18.307Z",":updated_at":"2026-06-13T17:29:18.307Z"}},{"type":"Feature","geometry":{"type":"MultiLineString","coordinates":[[[-122.419628614,37.793376113],[-122.419487536,37.792681608]]]},"properties":{"objectid":"4571","agency":null,"regulation":"Time limited","days":"M-Sa","hours":"800-2100","hrs_begin":"800","hrs_end":"2100","regdetails":null,"modified":null,"editor":null,"rpparea1":"C","rpparea2":"G","rpparea3":null,"fid_100":"4969","length_ft":"256","conflict":"0","enacted":null,"created_us":null,"created_da":null,"last_edite":null,"last_edi_1":null,"hrlimit":"2","created_user":null,"created_date":null,"last_edited_user":"MTA","last_edited_date":"2017-05-12 17:17:39-07:00","rpp_sym":"black, 2.5 pt, no dash","mtab_date":null,"mtab_motion":null,"mtab_reso_text":null,"sym_rpp2":"black, 2.5 pt, no dash | 2, M-Sa, 800-2100","globalid":null,"exceptions":"Yes. RPP holders are exempt from time limits.","from_time":"8am","to_time":"9pm","data_as_of":"2017-05-12T17:17:39.000","analysis_neighborhood":"Russian Hill","supervisor_district":"3","data_loaded_at":"2026-06-13T10:29:08.190",":id":"row-jkn6_zkgv_8x9n",":version":"rv-47t8~nf9q~r7id",":created_at":"2026-06-13T17:29:18.307Z",":updated_at":"2026-06-13T17:29:18.307Z"}},{"type":"Feature","geometry":{"type":"MultiLineString","coordinates":[[[-122.44379911,37.788538477],[-122.442404196,37.788716043]]]},"properties":{"objectid":"2560","agency":null,"regulation":"Time limited","days":"M-F","hours":"800-1800","hrs_begin":"800","hrs_end":"1800","regdetails":null,"modified":null,"editor":null,"rpparea1":"G","rpparea2":null,"rpparea3":null,"fid_100":"5965","length_ft":"408","conflict":"0","enacted":null,"created_us":null,"created_da":null,"last_edite":null,"last_edi_1":null,"hrlimit":"2","created_user":null,"created_date":null,"last_edited_user":"MTA","last_edited_date":"2017-05-12 17:13:35-07:00","rpp_sym":"lapis lazuli, 2.5 pt, no dash","mtab_date":null,"mtab_motion":null,"mtab_reso_text":null,"sym_rpp2":"lapis lazuli, 2.5 pt, no dash | 2, M-F, 800-1800","globalid":null,"exceptions":"Yes. RPP holders are exempt from time limits.","from_time":"8am","to_time":"6pm","data_as_of":"2017-05-12T17:13:35.000","analysis_neighborhood":"Pacific Heights","supervisor_district":"2","data_loaded_at":"2026-06-13T10:29:08.190",":id":"row-i6ax-dxea_82ry",":version":"rv-uchm.imhi.ysh3",":created_at":"2026-06-13T17:29:18.307Z",":updated_at":"2026-06-13T17:29:18.307Z"}},{"type":"Feature","geometry":{"type":"MultiLineString","coordinates":[[[-122.446472342,37.786387666],[-122.445348769,37.786530781]]]},"properties":{"objectid":"10","agency":null,"regulation":"Time limited","days":"M-F","hours":"800-1800","hrs_begin":"800","hrs_end":"1800","regdetails":null,"modified":null,"editor":null,"rpparea1":"G","rpparea2":null,"rpparea3":null,"fid_100":"5995","length_ft":"329","conflict":"0","enacted":null,"created_us":null,"created_da":null,"last_edite":null,"last_edi_1":null,"hrlimit":"2","created_user":null,"created_date":null,"last_edited_user":"MTA","last_edited_date":"2017-05-12 17:13:11-07:00","rpp_sym":"lapis lazuli, 2.5 pt, no dash","mtab_date":null,"mtab_motion":null,"mtab_reso_text":null,"sym_rpp2":"lapis lazuli, 2.5 pt, no dash | 2, M-F, 800-1800","globalid":null,"exceptions":"Yes. RPP holders are exempt from time limits.","from_time":"8am","to_time":"6pm","data_as_of":"2017-05-12T17:13:11.000","analysis_neighborhood":"Presidio Heights","supervisor_district":"2","data_loaded_at":"2026-06-13T10:29:08.190",":id":"row-cisr~5ybj-mfcx",":version":"rv-jt3n-if3v_yvb8",":created_at":"2026-06-13T17:29:18.307Z",":updated_at":"2026-06-13T17:29:18.307Z"}},{"type":"Feature","geometry":{"type":"MultiLineString","coordinates":[[[-122.435392965,37.78857417],[-122.435250079,37.787864475]]]},"properties":{"objectid":"4482","agency":null,"regulation":"Time limited","days":"M-F","hours":"800-1800","hrs_begin":"800","hrs_end":"1800","regdetails":null,"modified":null,"editor":null,"rpparea1":"G","rpparea2":null,"rpparea3":null,"fid_100":"5722","length_ft":"262","conflict":"0","enacted":null,"created_us":null,"created_da":null,"last_edite":null,"last_edi_1":null,"hrlimit":"2","created_user":null,"created_date":null,"last_edited_user":"MTA","last_edited_date":"2017-05-12 17:13:26-07:00","rpp_sym":"lapis lazuli, 2.5 pt, no dash","mtab_date":null,"mtab_motion":null,"mtab_reso_text":null,"sym_rpp2":"lapis lazuli, 2.5 pt, no dash | 2, M-F, 800-1800","globalid":null,"exceptions":"Yes. RPP holders are exempt from time limits.","from_time":"8am","to_time":"6pm","data_as_of":"2017-05-12T17:13:26.000","analysis_neighborhood":"Pacific Heights","supervisor_district":"2","data_loaded_at":"2026-06-13T10:29:08.190",":id":"row-5tj8-aa67.nzd4",":version":"rv-nd2b~9jy7~rhnb",":created_at":"2026-06-13T17:29:18.307Z",":updated_at":"2026-06-13T17:29:18.307Z"}},{"type":"Feature","geometry":{"type":"MultiLineString","coordinates":[[[-122.445493112,37.787551767],[-122.445637047,37.78826304]]]},"properties":{"objectid":"7585","agency":null,"regulation":"Time limited","days":"M-F","hours":"800-1800","hrs_begin":"800","hrs_end":"1800","regdetails":null,"modified":null,"editor":null,"rpparea1":"F","rpparea2":"G","rpparea3":null,"fid_100":"5990","length_ft":"262","conflict":"0","enacted":null,"created_us":null,"created_da":null,"last_edite":null,"last_edi_1":null,"hrlimit":"2","created_user":null,"created_date":null,"last_edited_user":"MTA","last_edited_date":"2017-05-12 17:13:11-07:00","rpp_sym":"lapis lazuli, 2.5 pt, no dash","mtab_date":null,"mtab_motion":null,"mtab_reso_text":null,"sym_rpp2":"lapis lazuli, 2.5 pt, no dash | 2, M-F, 800-1800","globalid":null,"exceptions":"Yes. RPP holders are exempt from time limits.","from_time":"8am","to_time":"6pm","data_as_of":"2017-05-12T17:13:11.000","analysis_neighborhood":"Presidio Heights","supervisor_district":"2","data_loaded_at":"2026-06-13T10:29:08.190",":id":"row-phje~4ms7-ktm3",":version":"rv-t9c7_wdac~83w7",":created_at":"2026-06-13T17:29:18.307Z",":updated_at":"2026-06-13T17:29:18.307Z"}},{"type":"Feature","geometry":{"type":"MultiLineString","coordinates":[[[-122.431536778,37.794788021],[-122.430131018,37.794967595]]]},"properties":{"objectid":"4371","agency":null,"regulation":"Time limited","days":"M-F","hours":"800-1800","hrs_begin":"800","hrs_end":"1800","regdetails":null,"modified":null,"editor":null,"rpparea1":"G","rpparea2":"K","rpparea3":null,"fid_100":"6090","length_ft":"411","conflict":"0","enacted":null,"created_us":null,"created_da":null,"last_edite":null,"last_edi_1":null,"hrlimit":"2","created_user":null,"created_date":null,"last_edited_user":"MTA","last_edited_date":"2017-05-12 17:13:35-07:00","rpp_sym":"lapis lazuli, 2.5 pt, no dash","mtab_date":null,"mtab_motion":null,"mtab_reso_text":null,"sym_rpp2":"lapis lazuli, 2.5 pt, no dash | 2, M-F, 800-1800","globalid":null,"exceptions":"Yes. RPP holders are exempt from time limits.","from_time":"8am","to_time":"6pm","data_as_of":"2017-05-12T17:13:35.000","analysis_neighborhood":"Pacific Heights","supervisor_district":"2","data_loaded_at":"2026-06-13T10:29:08.190",":id":"row-e9q2.tvvm~dq6g",":version":"rv-idty.w7yq.4xgx",":created_at":"2026-06-13T17:29:18.307Z",":updated_at":"2026-06-13T17:29:18.307Z"}},{"type":"Feature","geometry":{"type":"MultiLineString","coordinates":[[[-122.436600675,37.786551812],[-122.4352097,37.786729417]]]},"properties":{"objectid":"3430","agency":null,"regulation":"Time limited","days":"M-F","hours":"800-1800","hrs_begin":"800","hrs_end":"1800","regdetails":null,"modified":null,"editor":null,"rpparea1":"G","rpparea2":null,"rpparea3":null,"fid_100":"5690","length_ft":"407","conflict":"0","enacted":null,"created_us":null,"created_da":null,"last_edite":null,"last_edi_1":null,"hrlimit":"2","created_user":null,"created_date":null,"last_edited_user":"MTA","last_edited_date":"2017-05-12 17:13:00-07:00","rpp_sym":"lapis lazuli, 2.5 pt, no dash","mtab_date":null,"mtab_motion":null,"mtab_reso_text":null,"sym_rpp2":"lapis lazuli, 2.5 pt, no dash | 2, M-F, 800-1800","globalid":null,"exceptions":"Yes. RPP holders are exempt from time limits.","from_time":"8am","to_time":"6pm","data_as_of":"2017-05-12T17:13:00.000","analysis_neighborhood":"Pacific Heights","supervisor_district":"2","data_loaded_at":"2026-06-13T10:29:08.190",":id":"row-d2ny~hagy~bath",":version":"rv-axfk-6p5h_5grm",":created_at":"2026-06-13T17:29:18.307Z",":updated_at":"2026-06-13T17:29:18.307Z"}},{"type":"Feature","geometry":{"type":"MultiLineString","coordinates":[[[-122.423853987,37.791173898],[-122.423187878,37.7912579]]]},"properties":{"objectid":"342","agency":null,"regulation":"Time limited","days":"M-Sa","hours":"800-2300","hrs_begin":"800","hrs_end":"2300","regdetails":"MON - FRI: 8AM - 11PM; SAT: 5PM - 11PM","modified":"2015-01-08 16:00:00-08:00","editor":"Mark C. Dreger","rpparea1":"G","rpparea2":null,"rpparea3":null,"fid_100":"5666","length_ft":"328","conflict":"0","enacted":null,"created_us":null,"created_da":null,"last_edite":null,"last_edi_1":null,"hrlimit":"2","created_user":null,"created_date":null,"last_edited_user":"RAYNELLCOOPER","last_edited_date":"2024-11-26 17:06:50-08:00","rpp_sym":"leaf green, 2.5 pt, no dash","mtab_date":null,"mtab_motion":null,"mtab_reso_text":null,"sym_rpp2":"leaf green, 2.5 pt, no dash | 2, M-Sa, 800-2300","globalid":null,"exceptions":"Yes. RPP holders are exempt from time limits.","from_time":"8am","to_time":"11pm","data_as_of":"2024-11-26T17:06:50.000","analysis_neighborhood":"Pacific Heights","supervisor_district":"2","data_loaded_at":"2026-06-13T10:29:08.190",":id":"row-7c56~dwqx.z7vk",":version":"rv-wh6x~9qrj_wkw4",":created_at":"2026-06-13T17:29:18.307Z",":updated_at":"2026-06-13T17:29:18.307Z"}},{"type":"Feature","geometry":{"type":"MultiLineString","coordinates":[[[-122.446204683,37.791796418],[-122.446065722,37.79110817]]]},"properties":{"objectid":"3790","agency":null,"regulation":"Time limited","days":"M-F","hours":"800-1800","hrs_begin":"800","hrs_end":"1800","regdetails":null,"modified":null,"editor":null,"rpparea1":"G","rpparea2":null,"rpparea3":null,"fid_100":"5935","length_ft":"254","conflict":"0","enacted":null,"created_us":null,"created_da":null,"last_edite":null,"last_edi_1":null,"hrlimit":"3","created_user":null,"created_date":null,"last_edited_user":"MTA","last_edited_date":"2017-05-12 17:13:36-07:00","rpp_sym":"lapis lazuli, 2.5 pt, dash 3:1, interval 2","mtab_date":null,"mtab_motion":null,"mtab_reso_text":null,"sym_rpp2":"lapis lazuli, 2.5 pt, dash 3:1, interval 2 | 3, M-F, 800-1800","globalid":null,"exceptions":"Yes. RPP holders are exempt from time limits.","from_time":"8am","to_time":"6pm","data_as_of":"2017-05-12T17:13:36.000","analysis_neighborhood":"Pacific Heights","supervisor_district":"2","data_loaded_at":"2026-06-13T10:29:08.190",":id":"row-b53x-58he-8rmk",":version":"rv-c5i3_zd9x~8iai",":created_at":"2026-06-13T17:29:18.307Z",":updated_at":"2026-06-13T17:29:18.307Z"}},{"type":"Feature","geometry":{"type":"MultiLineString","coordinates":[[[-122.434036672,37.791581296],[-122.432858508,37.791730087]]]},"properties":{"objectid":"7443","agency":null,"regulation":"Time limited","days":"M-F","hours":"800-1800","hrs_begin":"800","hrs_end":"1800","regdetails":null,"modified":null,"editor":null,"rpparea1":"G","rpparea2":null,"rpparea3":null,"fid_100":"5879","length_ft":"345","conflict":"0","enacted":null,"created_us":null,"created_da":null,"last_edite":null,"last_edi_1":null,"hrlimit":"2","created_user":null,"created_date":null,"last_edited_user":"MTA","last_edited_date":"2017-05-12 17:13:00-07:00","rpp_sym":"lapis lazuli, 2.5 pt, no dash","mtab_date":null,"mtab_motion":null,"mtab_reso_text":null,"sym_rpp2":"lapis lazuli, 2.5 pt, no dash | 2, M-F, 800-1800","globalid":null,"exceptions":"Yes. RPP holders are exempt from time limits.","from_time":"8am","to_time":"6pm","data_as_of":"2017-05-12T17:13:00.000","analysis_neighborhood":"Pacific Heights","supervisor_district":"2","data_loaded_at":"2026-06-13T10:29:08.190",":id":"row-my7q-c6jf~bjb6",":version":"rv-w634_djs4~rc96",":created_at":"2026-06-13T17:29:18.307Z",":updated_at":"2026-06-13T17:29:18.307Z"}},{"type":"Feature","geometry":{"type":"MultiLineString","coordinates":[[[-122.432976508,37.793627536],[-122.431576552,37.7938046]]]},"properties":{"objectid":"2933","agency":null,"regulation":"Time limited","days":"M-F","hours":"800-1800","hrs_begin":"800","hrs_end":"1800","regdetails":null,"modified":null,"editor":null,"rpparea1":"G","rpparea2":"K","rpparea3":null,"fid_100":"5800","length_ft":"410","conflict":"0","enacted":null,"created_us":null,"created_da":null,"last_edite":null,"last_edi_1":null,"hrlimit":"2","created_user":null,"created_date":null,"last_edited_user":"MTA","last_edited_date":"2017-05-12 17:12:58-07:00","rpp_sym":"lapis lazuli, 2.5 pt, no dash","mtab_date":null,"mtab_motion":null,"mtab_reso_text":null,"sym_rpp2":"lapis lazuli, 2.5 pt, no dash | 2, M-F, 800-1800","globalid":null,"exceptions":"Yes. RPP holders are exempt from time limits.","from_time":"8am","to_time":"6pm","data_as_of":"2017-05-12T17:12:58.000","analysis_neighborhood":"Pacific Heights","supervisor_district":"2","data_loaded_at":"2026-06-13T10:29:08.190",":id":"row-i4qn~ux4t~q23y",":version":"rv-xe2e_kb7z~k64e",":created_at":"2026-06-13T17:29:18.307Z",":updated_at":"2026-06-13T17:29:18.307Z"}},{"type":"Feature","geometry":{"type":"MultiLineString","coordinates":[[[-122.446026335,37.790913137],[-122.445889066,37.79023342]]]},"properties":{"objectid":"5809","agency":null,"regulation":"Time limited","days":"M-F","hours":"800-1800","hrs_begin":"800","hrs_end":"1800","regdetails":null,"modified":null,"editor":null,"rpparea1":"G","rpparea2":null,"rpparea3":null,"fid_100":"5937","length_ft":"251","conflict":"0","enacted":null,"created_us":null,"created_da":null,"last_edite":null,"last_edi_1":null,"hrlimit":"2","created_user":null,"created_date":null,"last_edited_user":"MTA","last_edited_date":"2017-05-12 17:13:24-07:00","rpp_sym":"lapis lazuli, 2.5 pt, no dash","mtab_date":null,"mtab_motion":null,"mtab_reso_text":null,"sym_rpp2":"lapis lazuli, 2.5 pt, no dash | 2, M-F, 800-1800","globalid":null,"exceptions":"Yes. RPP holders are exempt from time limits.","from_time":"8am","to_time":"6pm","data_as_of":"2017-05-12T17:13:24.000","analysis_neighborhood":"Pacific Heights","supervisor_district":"2","data_loaded_at":"2026-06-13T10:29:08.190",":id":"row-y722.ryec~wa5q",":version":"rv-n6mw_nm7w~b6b7",":created_at":"2026-06-13T17:29:18.307Z",":updated_at":"2026-06-13T17:29:18.307Z"}},{"type":"Feature","geometry":{"type":"MultiLineString","coordinates":[[[-122.434629583,37.793414494],[-122.433242573,37.793591699]]]},"properties":{"objectid":"1123","agency":null,"regulation":"Time limited","days":"M-F","hours":"800-1800","hrs_begin":"800","hrs_end":"1800","regdetails":null,"modified":null,"editor":null,"rpparea1":"G","rpparea2":"K","rpparea3":null,"fid_100":"5798","length_ft":"406","conflict":"0","enacted":null,"created_us":null,"created_da":null,"last_edite":null,"last_edi_1":null,"hrlimit":"2","created_user":null,"created_date":null,"last_edited_user":"MTA","last_edited_date":"2017-05-12 17:13:24-07:00","rpp_sym":"lapis lazuli, 2.5 pt, no dash","mtab_date":null,"mtab_motion":null,"mtab_reso_text":null,"sym_rpp2":"lapis lazuli, 2.5 pt, no dash | 2, M-F, 800-1800","globalid":null,"exceptions":"Yes. RPP holders are exempt from time limits.","from_time":"8am","to_time":"6pm","data_as_of":"2017-05-12T17:13:24.000","analysis_neighborhood":"Pacific Heights","supervisor_district":"2","data_loaded_at":"2026-06-13T10:29:08.190",":id":"row-iexj_rc8b.5tid",":version":"rv-6ckf.zfcs_rt7i",":created_at":"2026-06-13T17:29:18.307Z",":updated_at":"2026-06-13T17:29:18.307Z"}},{"type":"Feature","geometry":{"type":"MultiLineString","coordinates":[[[-122.441197414,37.792581721],[-122.439806061,37.792758759]]]},"properties":{"objectid":"5570","agency":null,"regulation":"Time limited","days":"M-F","hours":"800-1800","hrs_begin":"800","hrs_end":"1800","regdetails":null,"modified":null,"editor":null,"rpparea1":"G","rpparea2":"K","rpparea3":null,"fid_100":"5883","length_ft":"407","conflict":"0","enacted":null,"created_us":null,"created_da":null,"last_edite":null,"last_edi_1":null,"hrlimit":"2","created_user":null,"created_date":null,"last_edited_user":"MTA","last_edited_date":"2017-05-12 17:13:35-07:00","rpp_sym":"lapis lazuli, 2.5 pt, no dash","mtab_date":null,"mtab_motion":null,"mtab_reso_text":null,"sym_rpp2":"lapis lazuli, 2.5 pt, no dash | 2, M-F, 800-1800","globalid":null,"exceptions":"Yes. RPP holders are exempt from time limits.","from_time":"8am","to_time":"6pm","data_as_of":"2017-05-12T17:13:35.000","analysis_neighborhood":"Pacific Heights","supervisor_district":"2","data_loaded_at":"2026-06-13T10:29:08.190",":id":"row-udxv.txhm.vx48",":version":"rv-3mny-9c27-nuae",":created_at":"2026-06-13T17:29:18.307Z",":updated_at":"2026-06-13T17:29:18.307Z"}},{"type":"Feature","geometry":{"type":"MultiLineString","coordinates":[[[-122.432812467,37.792600513],[-122.432673413,37.791912302]]]},"properties":{"objectid":"2551","agency":null,"regulation":"Time limited","days":"M-F","hours":"800-1800","hrs_begin":"800","hrs_end":"1800","regdetails":null,"modified":null,"editor":null,"rpparea1":"G","rpparea2":null,"rpparea3":null,"fid_100":"5907","length_ft":"254","conflict":"0","enacted":null,"created_us":null,"created_da":null,"last_edite":null,"last_edi_1":null,"hrlimit":"2","created_user":null,"created_date":null,"last_edited_user":"MTA","last_edited_date":"2017-05-12 17:13:37-07:00","rpp_sym":"lapis lazuli, 2.5 pt, no dash","mtab_date":null,"mtab_motion":null,"mtab_reso_text":null,"sym_rpp2":"lapis lazuli, 2.5 pt, no dash | 2, M-F, 800-1800","globalid":null,"exceptions":"Yes. RPP holders are exempt from time limits.","from_time":"8am","to_time":"6pm","data_as_of":"2017-05-12T17:13:37.000","analysis_neighborhood":"Pacific Heights","supervisor_district":"2","data_loaded_at":"2026-06-13T10:29:08.190",":id":"row-5mic.vcn3.tt4b",":version":"rv-s6d4_a5x8~yiqn",":created_at":"2026-06-13T17:29:18.307Z",":updated_at":"2026-06-13T17:29:18.307Z"}},{"type":"Feature","geometry":{"type":"MultiLineString","coordinates":[[[-122.440884505,37.794213796],[-122.440769499,37.793644]]]},"properties":{"objectid":"4838","agency":null,"regulation":"Time limited","days":"M-F","hours":"800-1800","hrs_begin":"800","hrs_end":"1800","regdetails":null,"modified":null,"editor":null,"rpparea1":"G","rpparea2":"K","rpparea3":null,"fid_100":"6069","length_ft":"210","conflict":"0","enacted":null,"created_us":null,"created_da":null,"last_edite":null,"last_edi_1":null,"hrlimit":"2","created_user":null,"created_date":null,"last_edited_user":"MTA","last_edited_date":"2017-05-12 17:13:02-07:00","rpp_sym":"lapis lazuli, 2.5 pt, no dash","mtab_date":null,"mtab_motion":null,"mtab_reso_text":null,"sym_rpp2":"lapis lazuli, 2.5 pt, no dash | 2, M-F, 800-1800","globalid":null,"exceptions":"Yes. RPP holders are exempt from time limits.","from_time":"8am","to_time":"6pm","data_as_of":"2017-05-12T17:13:02.000","analysis_neighborhood":"Pacific Heights","supervisor_district":"2","data_loaded_at":"2026-06-13T10:29:08.190",":id":"row-bmfx.cvk5.c3xj",":version":"rv-tejt-axxq_n64m",":created_at":"2026-06-13T17:29:18.307Z",":updated_at":"2026-06-13T17:29:18.307Z"}},{"type":"Feature","geometry":{"type":"MultiLineString","coordinates":[[[-122.4413944,37.783997732],[-122.441320933,37.783635876]]]},"properties":{"objectid":"6097","agency":null,"regulation":"Time limited","days":"M-F","hours":"800-1800","hrs_begin":"800","hrs_end":"1800","regdetails":null,"modified":null,"editor":null,"rpparea1":"G","rpparea2":null,"rpparea3":null,"fid_100":"6030","length_ft":"133","conflict":"0","enacted":null,"created_us":null,"created_da":null,"last_edite":null,"last_edi_1":null,"hrlimit":"2","created_user":null,"created_date":null,"last_edited_user":"MTA","last_edited_date":"2017-05-12 17:13:23-07:00","rpp_sym":"lapis lazuli, 2.5 pt, no dash","mtab_date":null,"mtab_motion":null,"mtab_reso_text":null,"sym_rpp2":"lapis lazuli, 2.5 pt, no dash | 2, M-F, 800-1800","globalid":null,"exceptions":"Yes. RPP holders are exempt from time limits.","from_time":"8am","to_time":"6pm","data_as_of":"2017-05-12T17:13:23.000","analysis_neighborhood":"Japantown","supervisor_district":"2","data_loaded_at":"2026-06-13T10:29:08.190",":id":"row-i8wy-phwc-rrm3",":version":"rv-yn6v~4mwz_cixg",":created_at":"2026-06-13T17:29:18.307Z",":updated_at":"2026-06-13T17:29:18.307Z"}},{"type":"Feature","geometry":{"type":"MultiLineString","coordinates":[[[-122.440887264,37.790660884],[-122.440793191,37.790196239]]]},"properties":{"objectid":"5948","agency":null,"regulation":"Time limited","days":"M-F","hours":"800-1800","hrs_begin":"800","hrs_end":"1800","regdetails":null,"modified":null,"editor":null,"rpparea1":"G","rpparea2":null,"rpparea3":null,"fid_100":"5788","length_ft":"171","conflict":"0","enacted":null,"created_us":null,"created_da":null,"last_edite":null,"last_edi_1":null,"hrlimit":"2","created_user":null,"created_date":null,"last_edited_user":"MTA","last_edited_date":"2017-05-12 17:13:37-07:00","rpp_sym":"lapis lazuli, 2.5 pt, no dash","mtab_date":null,"mtab_motion":null,"mtab_reso_text":null,"sym_rpp2":"lapis lazuli, 2.5 pt, no dash | 2, M-F, 800-1800","globalid":null,"exceptions":"Yes. RPP holders are exempt from time limits.","from_time":"8am","to_time":"6pm","data_as_of":"2017-05-12T17:13:37.000","analysis_neighborhood":"Pacific Heights","supervisor_district":"2","data_loaded_at":"2026-06-13T10:29:08.190",":id":"row-i843.9axa~ckff",":version":"rv-55cz.wty3~9rw9",":created_at":"2026-06-13T17:29:18.307Z",":updated_at":"2026-06-13T17:29:18.307Z"}},{"type":"Feature","geometry":{"type":"MultiLineString","coordinates":[[[-122.442906821,37.783799096],[-122.44275823,37.783064813]]]},"properties":{"objectid":"6552","agency":null,"regulation":"Time limited","days":"M-F","hours":"800-1800","hrs_begin":"800","hrs_end":"1800","regdetails":null,"modified":null,"editor":null,"rpparea1":"G","rpparea2":null,"rpparea3":null,"fid_100":"6028","length_ft":"271","conflict":"0","enacted":null,"created_us":null,"created_da":null,"last_edite":null,"last_edi_1":null,"hrlimit":"2","created_user":null,"created_date":null,"last_edited_user":"MTA","last_edited_date":"2017-05-12 17:12:59-07:00","rpp_sym":"lapis lazuli, 2.5 pt, no dash","mtab_date":null,"mtab_motion":null,"mtab_reso_text":null,"sym_rpp2":"lapis lazuli, 2.5 pt, no dash | 2, M-F, 800-1800","globalid":null,"exceptions":"Yes. RPP holders are exempt from time limits.","from_time":"8am","to_time":"6pm","data_as_of":"2017-05-12T17:12:59.000","analysis_neighborhood":"Japantown","supervisor_district":"2","data_loaded_at":"2026-06-13T10:29:08.190",":id":"row-yu45~ecyw-xtrs",":version":"rv-7p9x.jn9w-jwfi",":created_at":"2026-06-13T17:29:18.307Z",":updated_at":"2026-06-13T17:29:18.307Z"}},{"type":"Feature","geometry":{"type":"MultiLineString","coordinates":[[[-122.424235133,37.791884102],[-122.424096433,37.791199279]]]},"properties":{"objectid":"4657","agency":null,"regulation":"Time limited","days":"M-Sa","hours":"800-2300","hrs_begin":"800","hrs_end":"2300","regdetails":"MON - FRI: 8AM - 11PM; SAT: 5PM - 11PM","modified":"2015-01-08 16:00:00-08:00","editor":"Mark C. Dreger","rpparea1":"C","rpparea2":"G","rpparea3":null,"fid_100":"5685","length_ft":"253","conflict":"0","enacted":null,"created_us":null,"created_da":null,"last_edite":null,"last_edi_1":null,"hrlimit":"2","created_user":null,"created_date":null,"last_edited_user":"MTA","last_edited_date":"2017-05-12 17:19:20-07:00","rpp_sym":"leaf green, 2.5 pt, no dash","mtab_date":null,"mtab_motion":null,"mtab_reso_text":null,"sym_rpp2":"leaf green, 2.5 pt, no dash | 2, M-Sa, 800-2300","globalid":null,"exceptions":"Yes. RPP holders are exempt from time limits.","from_time":"8am","to_time":"11pm","data_as_of":"2017-05-12T17:19:20.000","analysis_neighborhood":"Pacific Heights","supervisor_district":"2","data_loaded_at":"2026-06-13T10:29:08.190",":id":"row-vsp3.qwdx_9cjr",":version":"rv-5zqr.24h3_dnmu",":created_at":"2026-06-13T17:29:18.307Z",":updated_at":"2026-06-13T17:29:18.307Z"}},{"type":"Feature","geometry":{"type":"MultiLineString","coordinates":[[[-122.428203843,37.794072839],[-122.428067171,37.793396073]]]},"properties":{"objectid":"6962","agency":null,"regulation":"Time limited","days":"M-F","hours":"800-1800","hrs_begin":"800","hrs_end":"1800","regdetails":null,"modified":null,"editor":null,"rpparea1":"G","rpparea2":null,"rpparea3":null,"fid_100":"5836","length_ft":"250","conflict":"0","enacted":null,"created_us":null,"created_da":null,"last_edite":null,"last_edi_1":null,"hrlimit":"2","created_user":null,"created_date":null,"last_edited_user":"MTA","last_edited_date":"2017-05-12 17:13:28-07:00","rpp_sym":"lapis lazuli, 2.5 pt, no dash","mtab_date":null,"mtab_motion":null,"mtab_reso_text":null,"sym_rpp2":"lapis lazuli, 2.5 pt, no dash | 2, M-F, 800-1800","globalid":null,"exceptions":"Yes. RPP holders are exempt from time limits.","from_time":"8am","to_time":"6pm","data_as_of":"2017-05-12T17:13:28.000","analysis_neighborhood":"Pacific Heights","supervisor_district":"2","data_loaded_at":"2026-06-13T10:29:08.190",":id":"row-hh6w.2q9b_32cp",":version":"rv-btjs~hzkw_3tsb",":created_at":"2026-06-13T17:29:18.307Z",":updated_at":"2026-06-13T17:29:18.307Z"}},{"type":"Feature","geometry":{"type":"MultiLineString","coordinates":[[[-122.424996746,37.787643997],[-122.423625401,37.787818177]]]},"properties":{"objectid":"1940","agency":null,"regulation":"Time limited","days":"M-F","hours":"800-1800","hrs_begin":"800","hrs_end":"1800","regdetails":null,"modified":null,"editor":null,"rpparea1":"G","rpparea2":null,"rpparea3":null,"fid_100":"5553","length_ft":"401","conflict":"0","enacted":null,"created_us":null,"created_da":null,"last_edite":null,"last_edi_1":null,"hrlimit":"2","created_user":null,"created_date":null,"last_edited_user":"MTA","last_edited_date":"2017-05-12 17:13:36-07:00","rpp_sym":"lapis lazuli, 2.5 pt, no dash","mtab_date":null,"mtab_motion":null,"mtab_reso_text":null,"sym_rpp2":"lapis lazuli, 2.5 pt, no dash | 2, M-F, 800-1800","globalid":null,"exceptions":"Yes. RPP holders are exempt from time limits.","from_time":"8am","to_time":"6pm","data_as_of":"2017-05-12T17:13:36.000","analysis_neighborhood":"Western Addition","supervisor_district":"2","data_loaded_at":"2026-06-13T10:29:08.190",":id":"row-4x3b_2wdb~sx7n",":version":"rv-t7wp-3xue~nfa7",":created_at":"2026-06-13T17:29:18.307Z",":updated_at":"2026-06-13T17:29:18.307Z"}},{"type":"Feature","geometry":{"type":"MultiLineString","coordinates":[[[-122.418946981,37.790678967],[-122.418800088,37.789953424]]]},"properties":{"objectid":"6213","agency":null,"regulation":"Time limited","days":"M-Sa","hours":"800-2100","hrs_begin":"800","hrs_end":"2100","regdetails":null,"modified":null,"editor":null,"rpparea1":"C","rpparea2":"G","rpparea3":null,"fid_100":"4815","length_ft":"268","conflict":"0","enacted":null,"created_us":null,"created_da":null,"last_edite":null,"last_edi_1":null,"hrlimit":"2","created_user":null,"created_date":null,"last_edited_user":"MTA","last_edited_date":"2017-05-12 17:17:38-07:00","rpp_sym":"black, 2.5 pt, no dash","mtab_date":null,"mtab_motion":null,"mtab_reso_text":null,"sym_rpp2":"black, 2.5 pt, no dash | 2, M-Sa, 800-2100","globalid":null,"exceptions":"Yes. RPP holders are exempt from time limits.","from_time":"8am","to_time":"9pm","data_as_of":"2017-05-12T17:17:38.000","analysis_neighborhood":"Nob Hill","supervisor_district":"3","data_loaded_at":"2026-06-13T10:29:08.190",":id":"row-k55k_p6cc~g9ti",":version":"rv-yrf4.cm3d~jsiy",":created_at":"2026-06-13T17:29:18.307Z",":updated_at":"2026-06-13T17:29:18.307Z"}},{"type":"Feature","geometry":{"type":"MultiLineString","coordinates":[[[-122.444466337,37.783148547],[-122.444556732,37.783595785]]]},"properties":{"objectid":"1938","agency":null,"regulation":"Time limited","days":"M-F","hours":"800-1800","hrs_begin":"800","hrs_end":"1800","regdetails":null,"modified":null,"editor":null,"rpparea1":"G","rpparea2":null,"rpparea3":null,"fid_100":"6037","length_ft":"165","conflict":"0","enacted":null,"created_us":null,"created_da":null,"last_edite":null,"last_edi_1":null,"hrlimit":"2","created_user":null,"created_date":null,"last_edited_user":"MTA","last_edited_date":"2017-05-12 17:13:27-07:00","rpp_sym":"lapis lazuli, 2.5 pt, no dash","mtab_date":null,"mtab_motion":null,"mtab_reso_text":null,"sym_rpp2":"lapis lazuli, 2.5 pt, no dash | 2, M-F, 800-1800","globalid":null,"exceptions":"Yes. RPP holders are exempt from time limits.","from_time":"8am","to_time":"6pm","data_as_of":"2017-05-12T17:13:27.000","analysis_neighborhood":"Presidio Heights","supervisor_district":"2","data_loaded_at":"2026-06-13T10:29:08.190",":id":"row-zum7~edcy.mbb2",":version":"rv-9epm_dmhp.kanh",":created_at":"2026-06-13T17:29:18.307Z",":updated_at":"2026-06-13T17:29:18.307Z"}},{"type":"Feature","geometry":{"type":"MultiLineString","coordinates":[[[-122.4426444,37.792289805],[-122.441473605,37.792438795]]]},"properties":{"objectid":"90","agency":null,"regulation":"Time limited","days":"M-F","hours":"800-1800","hrs_begin":"800","hrs_end":"1800","regdetails":null,"modified":null,"editor":null,"rpparea1":"G","rpparea2":null,"rpparea3":null,"fid_100":"5890","length_ft":"343","conflict":"0","enacted":null,"created_us":null,"created_da":null,"last_edite":null,"last_edi_1":null,"hrlimit":"3","created_user":null,"created_date":null,"last_edited_user":"MTA","last_edited_date":"2017-05-12 17:13:26-07:00","rpp_sym":"lapis lazuli, 2.5 pt, dash 3:1, interval 2","mtab_date":null,"mtab_motion":null,"mtab_reso_text":null,"sym_rpp2":"lapis lazuli, 2.5 pt, dash 3:1, interval 2 | 3, M-F, 800-1800","globalid":null,"exceptions":"Yes. RPP holders are exempt from time limits.","from_time":"8am","to_time":"6pm","data_as_of":"2017-05-12T17:13:26.000","analysis_neighborhood":"Pacific Heights","supervisor_district":"2","data_loaded_at":"2026-06-13T10:29:08.190",":id":"row-s2jt.yhre_pi8z",":version":"rv-7k7n-923n.xv4y",":created_at":"2026-06-13T17:29:18.307Z",":updated_at":"2026-06-13T17:29:18.307Z"}},{"type":"Feature","geometry":{"type":"MultiLineString","coordinates":[[[-122.445253415,37.786367067],[-122.445107022,37.785640982]]]},"properties":{"objectid":"287","agency":null,"regulation":"Time limited","days":"M-F","hours":"800-1800","hrs_begin":"800","hrs_end":"1800","regdetails":null,"modified":null,"editor":null,"rpparea1":"G","rpparea2":null,"rpparea3":null,"fid_100":"6003","length_ft":"268","conflict":"0","enacted":null,"created_us":null,"created_da":null,"last_edite":null,"last_edi_1":null,"hrlimit":"2","created_user":null,"created_date":null,"last_edited_user":"MTA","last_edited_date":"2017-05-12 17:13:24-07:00","rpp_sym":"lapis lazuli, 2.5 pt, no dash","mtab_date":null,"mtab_motion":null,"mtab_reso_text":null,"sym_rpp2":"lapis lazuli, 2.5 pt, no dash | 2, M-F, 800-1800","globalid":null,"exceptions":"Yes. RPP holders are exempt from time limits.","from_time":"8am","to_time":"6pm","data_as_of":"2017-05-12T17:13:24.000","analysis_neighborhood":"Presidio Heights","supervisor_district":"2","data_loaded_at":"2026-06-13T10:29:08.190",":id":"row-6shu-6pz2.7mf9",":version":"rv-yufs~4yen.una6",":created_at":"2026-06-13T17:29:18.307Z",":updated_at":"2026-06-13T17:29:18.307Z"}},{"type":"Feature","geometry":{"type":"MultiLineString","coordinates":[[[-122.444932708,37.785457525],[-122.444784331,37.784720168]]]},"properties":{"objectid":"7142","agency":null,"regulation":"Time limited","days":"M-F","hours":"800-1800","hrs_begin":"800","hrs_end":"1800","regdetails":null,"modified":null,"editor":null,"rpparea1":"G","rpparea2":null,"rpparea3":null,"fid_100":"6006","length_ft":"272","conflict":"0","enacted":null,"created_us":null,"created_da":null,"last_edite":null,"last_edi_1":null,"hrlimit":"2","created_user":null,"created_date":null,"last_edited_user":"MTA","last_edited_date":"2017-05-12 17:13:25-07:00","rpp_sym":"lapis lazuli, 2.5 pt, no dash","mtab_date":null,"mtab_motion":null,"mtab_reso_text":null,"sym_rpp2":"lapis lazuli, 2.5 pt, no dash | 2, M-F, 800-1800","globalid":null,"exceptions":"Yes. RPP holders are exempt from time limits.","from_time":"8am","to_time":"6pm","data_as_of":"2017-05-12T17:13:25.000","analysis_neighborhood":"Presidio Heights","supervisor_district":"2","data_loaded_at":"2026-06-13T10:29:08.190",":id":"row-d4hy~h2jj_9kww",":version":"rv-hhwp.vavj.swdd",":created_at":"2026-06-13T17:29:18.307Z",":updated_at":"2026-06-13T17:29:18.307Z"}},{"type":"Feature","geometry":{"type":"MultiLineString","coordinates":[[[-122.430404686,37.789258219],[-122.429024938,37.789433649]]]},"properties":{"objectid":"1717","agency":null,"regulation":"Time limited","days":"M-F","hours":"800-1800","hrs_begin":"800","hrs_end":"1800","regdetails":null,"modified":null,"editor":null,"rpparea1":"G","rpparea2":null,"rpparea3":null,"fid_100":"5569","length_ft":"404","conflict":"0","enacted":null,"created_us":null,"created_da":null,"last_edite":null,"last_edi_1":null,"hrlimit":"2","created_user":null,"created_date":null,"last_edited_user":"MTA","last_edited_date":"2017-05-12 17:13:36-07:00","rpp_sym":"lapis lazuli, 2.5 pt, no dash","mtab_date":null,"mtab_motion":null,"mtab_reso_text":null,"sym_rpp2":"lapis lazuli, 2.5 pt, no dash | 2, M-F, 800-1800","globalid":null,"exceptions":"Yes. RPP holders are exempt from time limits.","from_time":"8am","to_time":"6pm","data_as_of":"2017-05-12T17:13:36.000","analysis_neighborhood":"Pacific Heights","supervisor_district":"5","data_loaded_at":"2026-06-13T10:29:08.190",":id":"row-8k2k~e96r~vrza",":version":"rv-sa8i-wwpt~5vzx",":created_at":"2026-06-13T17:29:18.307Z",":updated_at":"2026-06-13T17:29:18.307Z"}},{"type":"Feature","geometry":{"type":"MultiLineString","coordinates":[[[-122.442569684,37.790456822],[-122.442429387,37.789765724]]]},"properties":{"objectid":"6920","agency":null,"regulation":"Time limited","days":"M-F","hours":"800-1800","hrs_begin":"800","hrs_end":"1800","regdetails":null,"modified":null,"editor":null,"rpparea1":"G","rpparea2":null,"rpparea3":null,"fid_100":"5955","length_ft":"255","conflict":"0","enacted":null,"created_us":null,"created_da":null,"last_edite":null,"last_edi_1":null,"hrlimit":"2","created_user":null,"created_date":null,"last_edited_user":"MTA","last_edited_date":"2017-05-12 17:13:37-07:00","rpp_sym":"lapis lazuli, 2.5 pt, no dash","mtab_date":null,"mtab_motion":null,"mtab_reso_text":null,"sym_rpp2":"lapis lazuli, 2.5 pt, no dash | 2, M-F, 800-1800","globalid":null,"exceptions":"Yes. RPP holders are exempt from time limits.","from_time":"8am","to_time":"6pm","data_as_of":"2017-05-12T17:13:37.000","analysis_neighborhood":"Pacific Heights","supervisor_district":"2","data_loaded_at":"2026-06-13T10:29:08.190",":id":"row-ht7k-wx5d_z2ki",":version":"rv-58dh~af3i~whq2",":created_at":"2026-06-13T17:29:18.307Z",":updated_at":"2026-06-13T17:29:18.307Z"}},{"type":"Feature","geometry":{"type":"MultiLineString","coordinates":[[[-122.426231147,37.79358263],[-122.424833633,37.793760573]]]},"properties":{"objectid":"5645","agency":null,"regulation":"Time limited","days":"M-Sa","hours":"800-2300","hrs_begin":"800","hrs_end":"2300","regdetails":"MON - FRI: 8AM - 11PM; SAT: 5PM - 11PM","modified":"2015-01-08 16:00:00-08:00","editor":"Mark C. Dreger","rpparea1":"G","rpparea2":null,"rpparea3":null,"fid_100":"5857","length_ft":"409","conflict":"0","enacted":null,"created_us":null,"created_da":null,"last_edite":null,"last_edi_1":null,"hrlimit":"2","created_user":null,"created_date":null,"last_edited_user":"MTA","last_edited_date":"2017-05-12 17:19:20-07:00","rpp_sym":"leaf green, 2.5 pt, no dash","mtab_date":null,"mtab_motion":null,"mtab_reso_text":null,"sym_rpp2":"leaf green, 2.5 pt, no dash | 2, M-Sa, 800-2300","globalid":null,"exceptions":"Yes. RPP holders are exempt from time limits.","from_time":"8am","to_time":"11pm","data_as_of":"2017-05-12T17:19:20.000","analysis_neighborhood":"Pacific Heights","supervisor_district":"2","data_loaded_at":"2026-06-13T10:29:08.190",":id":"row-yxnt.d3tq~jhzb",":version":"rv-6p3g-yzrv_5p2g",":created_at":"2026-06-13T17:29:18.307Z",":updated_at":"2026-06-13T17:29:18.307Z"}},{"type":"Feature","geometry":{"type":"MultiLineString","coordinates":[[[-122.427093281,37.789679223],[-122.425745805,37.78985051]]]},"properties":{"objectid":"5639","agency":null,"regulation":"Time limited","days":"M-F","hours":"800-1800","hrs_begin":"800","hrs_end":"1800","regdetails":null,"modified":null,"editor":null,"rpparea1":"G","rpparea2":null,"rpparea3":null,"fid_100":"5565","length_ft":"394","conflict":"0","enacted":null,"created_us":null,"created_da":null,"last_edite":null,"last_edi_1":null,"hrlimit":"2","created_user":null,"created_date":null,"last_edited_user":"MTA","last_edited_date":"2017-05-12 17:13:26-07:00","rpp_sym":"lapis lazuli, 2.5 pt, no dash","mtab_date":null,"mtab_motion":null,"mtab_reso_text":null,"sym_rpp2":"lapis lazuli, 2.5 pt, no dash | 2, M-F, 800-1800","globalid":null,"exceptions":"Yes. RPP holders are exempt from time limits.","from_time":"8am","to_time":"6pm","data_as_of":"2017-05-12T17:13:26.000","analysis_neighborhood":"Pacific Heights","supervisor_district":"2","data_loaded_at":"2026-06-13T10:29:08.190",":id":"row-hhr3.erat.4kfm",":version":"rv-fyds-pemd.9qqs",":created_at":"2026-06-13T17:29:18.307Z",":updated_at":"2026-06-13T17:29:18.307Z"}},{"type":"Feature","geometry":{"type":"MultiLineString","coordinates":[[[-122.434648046,37.793259562],[-122.434552059,37.792784559]]]},"properties":{"objectid":"3164","agency":null,"regulation":"Time limited","days":"M-F","hours":"800-1800","hrs_begin":"800","hrs_end":"1800","regdetails":null,"modified":null,"editor":null,"rpparea1":"G","rpparea2":null,"rpparea3":null,"fid_100":"5797","length_ft":"175","conflict":"0","enacted":null,"created_us":null,"created_da":null,"last_edite":null,"last_edi_1":null,"hrlimit":"2","created_user":null,"created_date":null,"last_edited_user":"MTA","last_edited_date":"2017-05-12 17:13:26-07:00","rpp_sym":"lapis lazuli, 2.5 pt, no dash","mtab_date":null,"mtab_motion":null,"mtab_reso_text":null,"sym_rpp2":"lapis lazuli, 2.5 pt, no dash | 2, M-F, 800-1800","globalid":null,"exceptions":"Yes. RPP holders are exempt from time limits.","from_time":"8am","to_time":"6pm","data_as_of":"2017-05-12T17:13:26.000","analysis_neighborhood":"Pacific Heights","supervisor_district":"2","data_loaded_at":"2026-06-13T10:29:08.190",":id":"row-myi6~5i7p-tcwk",":version":"rv-fh2x_dh7w-3sd7",":created_at":"2026-06-13T17:29:18.307Z",":updated_at":"2026-06-13T17:29:18.307Z"}},{"type":"Feature","geometry":{"type":"MultiLineString","coordinates":[[[-122.431685328,37.787314953],[-122.430314194,37.787489965]]]},"properties":{"objectid":"2563","agency":null,"regulation":"Time limited","days":"M-F","hours":"800-1800","hrs_begin":"800","hrs_end":"1800","regdetails":null,"modified":null,"editor":null,"rpparea1":"G","rpparea2":null,"rpparea3":null,"fid_100":"5597","length_ft":"401","conflict":"0","enacted":null,"created_us":null,"created_da":null,"last_edite":null,"last_edi_1":null,"hrlimit":"2","created_user":null,"created_date":null,"last_edited_user":"MTA","last_edited_date":"2017-05-12 17:13:15-07:00","rpp_sym":"lapis lazuli, 2.5 pt, no dash","mtab_date":null,"mtab_motion":null,"mtab_reso_text":null,"sym_rpp2":"lapis lazuli, 2.5 pt, no dash | 2, M-F, 800-1800","globalid":null,"exceptions":"Yes. RPP holders are exempt from time limits.","from_time":"8am","to_time":"6pm","data_as_of":"2017-05-12T17:13:15.000","analysis_neighborhood":"Pacific Heights","supervisor_district":"5","data_loaded_at":"2026-06-13T10:29:08.190",":id":"row-jbtn-wtdm~yjy4",":version":"rv-g8t6_ea3c_ey2z",":created_at":"2026-06-13T17:29:18.307Z",":updated_at":"2026-06-13T17:29:18.307Z"}},{"type":"Feature","geometry":{"type":"MultiLineString","coordinates":[[[-122.444392713,37.791120119],[-122.444255452,37.790440358]]]},"properties":{"objectid":"3694","agency":null,"regulation":"Time limited","days":"M-F","hours":"800-1800","hrs_begin":"800","hrs_end":"1800","regdetails":null,"modified":null,"editor":null,"rpparea1":"G","rpparea2":null,"rpparea3":null,"fid_100":"5939","length_ft":"251","conflict":"0","enacted":null,"created_us":null,"created_da":null,"last_edite":null,"last_edi_1":null,"hrlimit":"2","created_user":null,"created_date":null,"last_edited_user":"MTA","last_edited_date":"2017-05-12 17:13:37-07:00","rpp_sym":"lapis lazuli, 2.5 pt, no dash","mtab_date":null,"mtab_motion":null,"mtab_reso_text":null,"sym_rpp2":"lapis lazuli, 2.5 pt, no dash | 2, M-F, 800-1800","globalid":null,"exceptions":"Yes. RPP holders are exempt from time limits.","from_time":"8am","to_time":"6pm","data_as_of":"2017-05-12T17:13:37.000","analysis_neighborhood":"Pacific Heights","supervisor_district":"2","data_loaded_at":"2026-06-13T10:29:08.190",":id":"row-9a37.xhz3_u6rc",":version":"rv-nuic~yaqb_wrin",":created_at":"2026-06-13T17:29:18.307Z",":updated_at":"2026-06-13T17:29:18.307Z"}},{"type":"Feature","geometry":{"type":"MultiLineString","coordinates":[[[-122.446158326,37.790894215],[-122.446022219,37.790220254]]]},"properties":{"objectid":"7151","agency":null,"regulation":"Time limited","days":"M-F","hours":"800-1800","hrs_begin":"800","hrs_end":"1800","regdetails":null,"modified":null,"editor":null,"rpparea1":"F","rpparea2":"G","rpparea3":null,"fid_100":"5936","length_ft":"249","conflict":"0","enacted":null,"created_us":null,"created_da":null,"last_edite":null,"last_edi_1":null,"hrlimit":"2","created_user":null,"created_date":null,"last_edited_user":"MTA","last_edited_date":"2017-05-12 17:13:25-07:00","rpp_sym":"lapis lazuli, 2.5 pt, no dash","mtab_date":null,"mtab_motion":null,"mtab_reso_text":null,"sym_rpp2":"lapis lazuli, 2.5 pt, no dash | 2, M-F, 800-1800","globalid":null,"exceptions":"Yes. RPP holders are exempt from time limits.","from_time":"8am","to_time":"6pm","data_as_of":"2017-05-12T17:13:25.000","analysis_neighborhood":"Presidio Heights","supervisor_district":"2","data_loaded_at":"2026-06-13T10:29:08.190",":id":"row-swqg.amsv~fgup",":version":"rv-hftx~xe7e_m9qt",":created_at":"2026-06-13T17:29:18.307Z",":updated_at":"2026-06-13T17:29:18.307Z"}},{"type":"Feature","geometry":{"type":"MultiLineString","coordinates":[[[-122.434951969,37.786762325],[-122.433562388,37.786939709]]]},"properties":{"objectid":"3022","agency":null,"regulation":"Time limited","days":"M-F","hours":"800-1800","hrs_begin":"800","hrs_end":"1800","regdetails":null,"modified":null,"editor":null,"rpparea1":"G","rpparea2":null,"rpparea3":null,"fid_100":"5732","length_ft":"407","conflict":"0","enacted":null,"created_us":null,"created_da":null,"last_edite":null,"last_edi_1":null,"hrlimit":"2","created_user":null,"created_date":null,"last_edited_user":"MTA","last_edited_date":"2017-05-12 17:13:24-07:00","rpp_sym":"lapis lazuli, 2.5 pt, no dash","mtab_date":null,"mtab_motion":null,"mtab_reso_text":null,"sym_rpp2":"lapis lazuli, 2.5 pt, no dash | 2, M-F, 800-1800","globalid":null,"exceptions":"Yes. RPP holders are exempt from time limits.","from_time":"8am","to_time":"6pm","data_as_of":"2017-05-12T17:13:24.000","analysis_neighborhood":"Pacific Heights","supervisor_district":"5","data_loaded_at":"2026-06-13T10:29:08.190",":id":"row-7xtc.pid2~rmgz",":version":"rv-hk9x.3q5n_5fjm",":created_at":"2026-06-13T17:29:18.307Z",":updated_at":"2026-06-13T17:29:18.307Z"}},{"type":"Feature","geometry":{"type":"MultiLineString","coordinates":[[[-122.438664673,37.788377301],[-122.437585663,37.788514574]]]},"properties":{"objectid":"5989","agency":null,"regulation":"Time limited","days":"M-F","hours":"800-1800","hrs_begin":"800","hrs_end":"1800","regdetails":null,"modified":null,"editor":null,"rpparea1":"G","rpparea2":null,"rpparea3":null,"fid_100":"5737","length_ft":"316","conflict":"0","enacted":null,"created_us":null,"created_da":null,"last_edite":null,"last_edi_1":null,"hrlimit":"2","created_user":null,"created_date":null,"last_edited_user":"MTA","last_edited_date":"2017-05-12 17:13:10-07:00","rpp_sym":"lapis lazuli, 2.5 pt, no dash","mtab_date":null,"mtab_motion":null,"mtab_reso_text":null,"sym_rpp2":"lapis lazuli, 2.5 pt, no dash | 2, M-F, 800-1800","globalid":null,"exceptions":"Yes. RPP holders are exempt from time limits.","from_time":"8am","to_time":"6pm","data_as_of":"2017-05-12T17:13:10.000","analysis_neighborhood":"Pacific Heights","supervisor_district":"2","data_loaded_at":"2026-06-13T10:29:08.190",":id":"row-4gab_73a8~d6r9",":version":"rv-r5j6~sn3y.fgbb",":created_at":"2026-06-13T17:29:18.307Z",":updated_at":"2026-06-13T17:29:18.307Z"}},{"type":"Feature","geometry":{"type":"MultiLineString","coordinates":[[[-122.437911391,37.792994936],[-122.436512912,37.793173709]]]},"properties":{"objectid":"358","agency":null,"regulation":"Time limited","days":"M-F","hours":"800-1800","hrs_begin":"800","hrs_end":"1800","regdetails":null,"modified":null,"editor":null,"rpparea1":"G","rpparea2":"K","rpparea3":null,"fid_100":"5790","length_ft":"409","conflict":"0","enacted":null,"created_us":null,"created_da":null,"last_edite":null,"last_edi_1":null,"hrlimit":"2","created_user":null,"created_date":null,"last_edited_user":"MTA","last_edited_date":"2017-05-12 17:13:00-07:00","rpp_sym":"lapis lazuli, 2.5 pt, no dash","mtab_date":null,"mtab_motion":null,"mtab_reso_text":null,"sym_rpp2":"lapis lazuli, 2.5 pt, no dash | 2, M-F, 800-1800","globalid":null,"exceptions":"Yes. RPP holders are exempt from time limits.","from_time":"8am","to_time":"6pm","data_as_of":"2017-05-12T17:13:00.000","analysis_neighborhood":"Pacific Heights","supervisor_district":"2","data_loaded_at":"2026-06-13T10:29:08.190",":id":"row-ifkb~cw4y_g73u",":version":"rv-5tc2.yxg7.3pfy",":created_at":"2026-06-13T17:29:18.307Z",":updated_at":"2026-06-13T17:29:18.307Z"}},{"type":"Feature","geometry":{"type":"MultiLineString","coordinates":[[[-122.438079679,37.785545951],[-122.43668618,37.785723899]]]},"properties":{"objectid":"16323","agency":null,"regulation":"Time limited","days":"M-F","hours":"800-1800","hrs_begin":"800","hrs_end":"1800","regdetails":null,"modified":null,"editor":null,"rpparea1":"G","rpparea2":null,"rpparea3":null,"fid_100":"5695","length_ft":"408","conflict":"0","enacted":null,"created_us":null,"created_da":null,"last_edite":null,"last_edi_1":null,"hrlimit":"2","created_user":"RAYNELLCOOPER","created_date":"2024-01-04 15:51:06-08:00","last_edited_user":"RAYNELLCOOPER","last_edited_date":"2024-01-04 15:51:19-08:00","rpp_sym":"lapis lazuli, 2.5 pt, no dash","mtab_date":null,"mtab_motion":null,"mtab_reso_text":null,"sym_rpp2":"lapis lazuli, 2.5 pt, no dash | 2, M-F, 800-1800","globalid":null,"exceptions":"Yes. RPP holders are exempt from time limits.","from_time":"8am","to_time":"6pm","data_as_of":"2024-01-04T15:51:19.000","analysis_neighborhood":"Pacific Heights","supervisor_district":"2","data_loaded_at":"2026-06-13T10:29:08.190",":id":"row-wbiz_puzf.i8e3",":version":"rv-mvtw~cnnk-tkjp",":created_at":"2026-06-13T17:29:18.307Z",":updated_at":"2026-06-13T17:29:18.307Z"}},{"type":"Feature","geometry":{"type":"MultiLineString","coordinates":[[[-122.43555138,37.789698466],[-122.434563722,37.789823089]]]},"properties":{"objectid":"5636","agency":null,"regulation":"Time limited","days":"M-F","hours":"800-1800","hrs_begin":"800","hrs_end":"1800","regdetails":null,"modified":null,"editor":null,"rpparea1":"G","rpparea2":null,"rpparea3":null,"fid_100":"5762","length_ft":"289","conflict":"0","enacted":null,"created_us":null,"created_da":null,"last_edite":null,"last_edi_1":null,"hrlimit":"2","created_user":null,"created_date":null,"last_edited_user":"MTA","last_edited_date":"2017-05-12 17:13:12-07:00","rpp_sym":"lapis lazuli, 2.5 pt, no dash","mtab_date":null,"mtab_motion":null,"mtab_reso_text":null,"sym_rpp2":"lapis lazuli, 2.5 pt, no dash | 2, M-F, 800-1800","globalid":null,"exceptions":"Yes. RPP holders are exempt from time limits.","from_time":"8am","to_time":"6pm","data_as_of":"2017-05-12T17:13:12.000","analysis_neighborhood":"Pacific Heights","supervisor_district":"2","data_loaded_at":"2026-06-13T10:29:08.190",":id":"row-xuai_kzcz_k53n",":version":"rv-deqw_pxdi_sqwj",":created_at":"2026-06-13T17:29:18.307Z",":updated_at":"2026-06-13T17:29:18.307Z"}},{"type":"Feature","geometry":{"type":"MultiLineString","coordinates":[[[-122.428584694,37.795955708],[-122.428436581,37.795225252]]]},"properties":{"objectid":"6643","agency":null,"regulation":"Time limited","days":"M-F","hours":"800-1800","hrs_begin":"800","hrs_end":"1800","regdetails":null,"modified":null,"editor":null,"rpparea1":"G","rpparea2":"K","rpparea3":null,"fid_100":"6082","length_ft":"269","conflict":"0","enacted":null,"created_us":null,"created_da":null,"last_edite":null,"last_edi_1":null,"hrlimit":"2","created_user":null,"created_date":null,"last_edited_user":"MTA","last_edited_date":"2017-05-12 17:13:01-07:00","rpp_sym":"lapis lazuli, 2.5 pt, no dash","mtab_date":null,"mtab_motion":null,"mtab_reso_text":null,"sym_rpp2":"lapis lazuli, 2.5 pt, no dash | 2, M-F, 800-1800","globalid":null,"exceptions":"Yes. RPP holders are exempt from time limits.","from_time":"8am","to_time":"6pm","data_as_of":"2017-05-12T17:13:01.000","analysis_neighborhood":"Pacific Heights","supervisor_district":"2","data_loaded_at":"2026-06-13T10:29:08.190",":id":"row-whvq.umw9_wwyf",":version":"rv-2wj2_jp5n.ps46",":created_at":"2026-06-13T17:29:18.307Z",":updated_at":"2026-06-13T17:29:18.307Z"}},{"type":"Feature","geometry":{"type":"MultiLineString","coordinates":[[[-122.445992156,37.790960631],[-122.444585292,37.791140295]]]},"properties":{"objectid":"6190","agency":null,"regulation":"Time limited","days":"M-F","hours":"800-1800","hrs_begin":"800","hrs_end":"1800","regdetails":null,"modified":null,"editor":null,"rpparea1":"G","rpparea2":null,"rpparea3":null,"fid_100":"5941","length_ft":"412","conflict":"0","enacted":null,"created_us":null,"created_da":null,"last_edite":null,"last_edi_1":null,"hrlimit":"3","created_user":null,"created_date":null,"last_edited_user":"MTA","last_edited_date":"2017-05-12 17:13:36-07:00","rpp_sym":"lapis lazuli, 2.5 pt, dash 3:1, interval 2","mtab_date":null,"mtab_motion":null,"mtab_reso_text":null,"sym_rpp2":"lapis lazuli, 2.5 pt, dash 3:1, interval 2 | 3, M-F, 800-1800","globalid":null,"exceptions":"Yes. RPP holders are exempt from time limits.","from_time":"8am","to_time":"6pm","data_as_of":"2017-05-12T17:13:36.000","analysis_neighborhood":"Pacific Heights","supervisor_district":"2","data_loaded_at":"2026-06-13T10:29:08.190",":id":"row-qccv_qwrv.67zf",":version":"rv-icrc-2aez.sndk",":created_at":"2026-06-13T17:29:18.307Z",":updated_at":"2026-06-13T17:29:18.307Z"}},{"type":"Feature","geometry":{"type":"MultiLineString","coordinates":[[[-122.432920797,37.78893826],[-122.432320147,37.789014646]]]},"properties":{"objectid":"327","agency":null,"regulation":"Time limited","days":"M-F","hours":"800-1800","hrs_begin":"800","hrs_end":"1800","regdetails":null,"modified":null,"editor":null,"rpparea1":"G","rpparea2":null,"rpparea3":null,"fid_100":"5574","length_ft":"176","conflict":"0","enacted":null,"created_us":null,"created_da":null,"last_edite":null,"last_edi_1":null,"hrlimit":"2","created_user":null,"created_date":null,"last_edited_user":"MTA","last_edited_date":"2017-05-12 17:13:35-07:00","rpp_sym":"lapis lazuli, 2.5 pt, no dash","mtab_date":null,"mtab_motion":null,"mtab_reso_text":null,"sym_rpp2":"lapis lazuli, 2.5 pt, no dash | 2, M-F, 800-1800","globalid":null,"exceptions":"Yes. RPP holders are exempt from time limits.","from_time":"8am","to_time":"6pm","data_as_of":"2017-05-12T17:13:35.000","analysis_neighborhood":"Pacific Heights","supervisor_district":"2","data_loaded_at":"2026-06-13T10:29:08.190",":id":"row-bvjk-wbs6_6nfa",":version":"rv-8ku8-mtqu_d4zq",":created_at":"2026-06-13T17:29:18.307Z",":updated_at":"2026-06-13T17:29:18.307Z"}},{"type":"Feature","geometry":{"type":"MultiLineString","coordinates":[[[-122.448861573,37.789799723],[-122.447461772,37.789977935]]]},"properties":{"objectid":"4780","agency":null,"regulation":"Time limited","days":"M-F","hours":"900-1600","hrs_begin":"900","hrs_end":"1600","regdetails":null,"modified":"2015-01-07 16:00:00-08:00","editor":"Mark C. Dreger","rpparea1":"F","rpparea2":"G","rpparea3":null,"fid_100":"6048","length_ft":"410","conflict":"0","enacted":null,"created_us":null,"created_da":null,"last_edite":null,"last_edi_1":null,"hrlimit":"2","created_user":null,"created_date":null,"last_edited_user":"MTA","last_edited_date":"2017-05-12 17:10:57-07:00","rpp_sym":"seville orange, 2.5 pt, no dash","mtab_date":null,"mtab_motion":null,"mtab_reso_text":null,"sym_rpp2":"seville orange, 2.5 pt, no dash | 2, M-F, 900-1600","globalid":null,"exceptions":"Yes. RPP holders are exempt from time limits.","from_time":"9am","to_time":"4pm","data_as_of":"2017-05-12T17:10:57.000","analysis_neighborhood":"Presidio Heights","supervisor_district":"2","data_loaded_at":"2026-06-13T10:29:08.190",":id":"row-4e22.8qfr-2aip",":version":"rv-vvdi-jtg5~iwbf",":created_at":"2026-06-13T17:29:18.307Z",":updated_at":"2026-06-13T17:29:18.307Z"}},{"type":"Feature","geometry":{"type":"MultiLineString","coordinates":[[[-122.432235609,37.790009063],[-122.430855456,37.790183169]]]},"properties":{"objectid":"7272","agency":null,"regulation":"Time limited","days":"M-F","hours":"800-1800","hrs_begin":"800","hrs_end":"1800","regdetails":null,"modified":null,"editor":null,"rpparea1":"G","rpparea2":null,"rpparea3":null,"fid_100":"5644","length_ft":"404","conflict":"0","enacted":null,"created_us":null,"created_da":null,"last_edite":null,"last_edi_1":null,"hrlimit":"2","created_user":null,"created_date":null,"last_edited_user":"MTA","last_edited_date":"2017-05-12 17:13:24-07:00","rpp_sym":"lapis lazuli, 2.5 pt, no dash","mtab_date":null,"mtab_motion":null,"mtab_reso_text":null,"sym_rpp2":"lapis lazuli, 2.5 pt, no dash | 2, M-F, 800-1800","globalid":null,"exceptions":"Yes. RPP holders are exempt from time limits.","from_time":"8am","to_time":"6pm","data_as_of":"2017-05-12T17:13:24.000","analysis_neighborhood":"Pacific Heights","supervisor_district":"2","data_loaded_at":"2026-06-13T10:29:08.190",":id":"row-599a~q3vr-6puq",":version":"rv-qs8y.gpjw~g57n",":created_at":"2026-06-13T17:29:18.307Z",":updated_at":"2026-06-13T17:29:18.307Z"}},{"type":"Feature","geometry":{"type":"MultiLineString","coordinates":[[[-122.419271107,37.791609107],[-122.419126856,37.790898899]]]},"properties":{"objectid":"181","agency":null,"regulation":"Time limited","days":"M-Sa","hours":"800-2100","hrs_begin":"800","hrs_end":"2100","regdetails":null,"modified":null,"editor":null,"rpparea1":"C","rpparea2":"G","rpparea3":null,"fid_100":"4897","length_ft":"262","conflict":"0","enacted":null,"created_us":null,"created_da":null,"last_edite":null,"last_edi_1":null,"hrlimit":"2","created_user":null,"created_date":null,"last_edited_user":"MTA","last_edited_date":"2017-05-12 17:17:40-07:00","rpp_sym":"black, 2.5 pt, no dash","mtab_date":null,"mtab_motion":null,"mtab_reso_text":null,"sym_rpp2":"black, 2.5 pt, no dash | 2, M-Sa, 800-2100","globalid":null,"exceptions":"Yes. RPP holders are exempt from time limits.","from_time":"8am","to_time":"9pm","data_as_of":"2017-05-12T17:17:40.000","analysis_neighborhood":"Nob Hill","supervisor_district":"3","data_loaded_at":"2026-06-13T10:29:08.190",":id":"row-udi5.98t7.pszh",":version":"rv-hjsy_3w6a~srfa",":created_at":"2026-06-13T17:29:18.307Z",":updated_at":"2026-06-13T17:29:18.307Z"}},{"type":"Feature","geometry":{"type":"MultiLineString","coordinates":[[[-122.443264631,37.785839766],[-122.441853296,37.786019464]]]},"properties":{"objectid":"3186","agency":null,"regulation":"Time limited","days":"M-F","hours":"800-1800","hrs_begin":"800","hrs_end":"1800","regdetails":null,"modified":null,"editor":null,"rpparea1":"G","rpparea2":null,"rpparea3":null,"fid_100":"6021","length_ft":"413","conflict":"0","enacted":null,"created_us":null,"created_da":null,"last_edite":null,"last_edi_1":null,"hrlimit":"2","created_user":null,"created_date":null,"last_edited_user":"MTA","last_edited_date":"2017-05-12 17:13:01-07:00","rpp_sym":"lapis lazuli, 2.5 pt, no dash","mtab_date":null,"mtab_motion":null,"mtab_reso_text":null,"sym_rpp2":"lapis lazuli, 2.5 pt, no dash | 2, M-F, 800-1800","globalid":null,"exceptions":"Yes. RPP holders are exempt from time limits.","from_time":"8am","to_time":"6pm","data_as_of":"2017-05-12T17:13:01.000","analysis_neighborhood":"Pacific Heights","supervisor_district":"2","data_loaded_at":"2026-06-13T10:29:08.190",":id":"row-hize~5vcq~xh6h",":version":"rv-3n28-7yeu~h6y2",":created_at":"2026-06-13T17:29:18.307Z",":updated_at":"2026-06-13T17:29:18.307Z"}},{"type":"Feature","geometry":{"type":"MultiLineString","coordinates":[[[-122.434606414,37.793309597],[-122.433209686,37.793487822]]]},"properties":{"objectid":"7194","agency":null,"regulation":"Time limited","days":"M-F","hours":"800-1800","hrs_begin":"800","hrs_end":"1800","regdetails":null,"modified":null,"editor":null,"rpparea1":"G","rpparea2":null,"rpparea3":null,"fid_100":"5799","length_ft":"409","conflict":"0","enacted":null,"created_us":null,"created_da":null,"last_edite":null,"last_edi_1":null,"hrlimit":"2","created_user":null,"created_date":null,"last_edited_user":"MTA","last_edited_date":"2017-05-12 17:13:15-07:00","rpp_sym":"lapis lazuli, 2.5 pt, no dash","mtab_date":null,"mtab_motion":null,"mtab_reso_text":null,"sym_rpp2":"lapis lazuli, 2.5 pt, no dash | 2, M-F, 800-1800","globalid":null,"exceptions":"Yes. RPP holders are exempt from time limits.","from_time":"8am","to_time":"6pm","data_as_of":"2017-05-12T17:13:15.000","analysis_neighborhood":"Pacific Heights","supervisor_district":"2","data_loaded_at":"2026-06-13T10:29:08.190",":id":"row-7pk6.8uc5~659q",":version":"rv-tkyx_fm6q.ybpt",":created_at":"2026-06-13T17:29:18.307Z",":updated_at":"2026-06-13T17:29:18.307Z"}},{"type":"Feature","geometry":{"type":"MultiLineString","coordinates":[[[-122.444033062,37.789365566],[-122.443891249,37.788668828]]]},"properties":{"objectid":"5293","agency":null,"regulation":"Time limited","days":"M-F","hours":"800-1800","hrs_begin":"800","hrs_end":"1800","regdetails":null,"modified":null,"editor":null,"rpparea1":"G","rpparea2":null,"rpparea3":null,"fid_100":"5967","length_ft":"257","conflict":"0","enacted":null,"created_us":null,"created_da":null,"last_edite":null,"last_edi_1":null,"hrlimit":"2","created_user":null,"created_date":null,"last_edited_user":"MTA","last_edited_date":"2017-05-12 17:13:14-07:00","rpp_sym":"lapis lazuli, 2.5 pt, no dash","mtab_date":null,"mtab_motion":null,"mtab_reso_text":null,"sym_rpp2":"lapis lazuli, 2.5 pt, no dash | 2, M-F, 800-1800","globalid":null,"exceptions":"Yes. RPP holders are exempt from time limits.","from_time":"8am","to_time":"6pm","data_as_of":"2017-05-12T17:13:14.000","analysis_neighborhood":"Pacific Heights","supervisor_district":"2","data_loaded_at":"2026-06-13T10:29:08.190",":id":"row-hm2u_uw6f-3qtu",":version":"rv-9dwk~2xgj_a64h",":created_at":"2026-06-13T17:29:18.307Z",":updated_at":"2026-06-13T17:29:18.307Z"}},{"type":"Feature","geometry":{"type":"MultiLineString","coordinates":[[[-122.436434797,37.785737194],[-122.435041216,37.785914503]]]},"properties":{"objectid":"4997","agency":null,"regulation":"Time limited","days":"M-F","hours":"800-1800","hrs_begin":"800","hrs_end":"1800","regdetails":null,"modified":null,"editor":null,"rpparea1":"G","rpparea2":null,"rpparea3":null,"fid_100":"5688","length_ft":"408","conflict":"0","enacted":null,"created_us":null,"created_da":null,"last_edite":null,"last_edi_1":null,"hrlimit":"2","created_user":null,"created_date":null,"last_edited_user":"MTA","last_edited_date":"2017-05-12 17:13:02-07:00","rpp_sym":"lapis lazuli, 2.5 pt, no dash","mtab_date":null,"mtab_motion":null,"mtab_reso_text":null,"sym_rpp2":"lapis lazuli, 2.5 pt, no dash | 2, M-F, 800-1800","globalid":null,"exceptions":"Yes. RPP holders are exempt from time limits.","from_time":"8am","to_time":"6pm","data_as_of":"2017-05-12T17:13:02.000","analysis_neighborhood":"Pacific Heights","supervisor_district":"2","data_loaded_at":"2026-06-13T10:29:08.190",":id":"row-d8yi_h44g.uwmh",":version":"rv-gaqs~4ks6.ytun",":created_at":"2026-06-13T17:29:18.307Z",":updated_at":"2026-06-13T17:29:18.307Z"}},{"type":"Feature","geometry":{"type":"MultiLineString","coordinates":[[[-122.419669778,37.794289122],[-122.419530567,37.793563576]]]},"properties":{"objectid":"6037","agency":null,"regulation":"Time limited","days":"M-Sa","hours":"800-2100","hrs_begin":"800","hrs_end":"2100","regdetails":null,"modified":null,"editor":null,"rpparea1":"C","rpparea2":"G","rpparea3":null,"fid_100":"4966","length_ft":"267","conflict":"0","enacted":null,"created_us":null,"created_da":null,"last_edite":null,"last_edi_1":null,"hrlimit":"2","created_user":null,"created_date":null,"last_edited_user":"MTA","last_edited_date":"2017-05-12 17:17:39-07:00","rpp_sym":"black, 2.5 pt, no dash","mtab_date":null,"mtab_motion":null,"mtab_reso_text":null,"sym_rpp2":"black, 2.5 pt, no dash | 2, M-Sa, 800-2100","globalid":null,"exceptions":"Yes. RPP holders are exempt from time limits.","from_time":"8am","to_time":"9pm","data_as_of":"2017-05-12T17:17:39.000","analysis_neighborhood":"Russian Hill","supervisor_district":"3","data_loaded_at":"2026-06-13T10:29:08.190",":id":"row-8rjp_8gwq-bc6m",":version":"rv-miy2~xuk2_y6xe",":created_at":"2026-06-13T17:29:18.307Z",":updated_at":"2026-06-13T17:29:18.307Z"}},{"type":"Feature","geometry":{"type":"MultiLineString","coordinates":[[[-122.424220632,37.792038015],[-122.422921534,37.79220315]]]},"properties":{"objectid":"7367","agency":null,"regulation":"Time limited","days":"M-Sa","hours":"800-2300","hrs_begin":"800","hrs_end":"2300","regdetails":"MON - FRI: 8AM - 11PM; SAT: 5PM - 11PM","modified":"2015-01-08 16:00:00-08:00","editor":"Mark C. Dreger","rpparea1":"G","rpparea2":null,"rpparea3":null,"fid_100":"5682","length_ft":"380","conflict":"0","enacted":null,"created_us":null,"created_da":null,"last_edite":null,"last_edi_1":null,"hrlimit":"2","created_user":null,"created_date":null,"last_edited_user":"RAYNELLCOOPER","last_edited_date":"2024-04-29 17:21:10-07:00","rpp_sym":"leaf green, 2.5 pt, no dash","mtab_date":null,"mtab_motion":null,"mtab_reso_text":null,"sym_rpp2":"leaf green, 2.5 pt, no dash | 2, M-Sa, 800-2300","globalid":null,"exceptions":"Yes. RPP holders are exempt from time limits.","from_time":"8am","to_time":"11pm","data_as_of":"2024-04-29T17:21:10.000","analysis_neighborhood":"Pacific Heights","supervisor_district":"2","data_loaded_at":"2026-06-13T10:29:08.190",":id":"row-qwhd_ftds_kyzj",":version":"rv-p8bj-5v82.swth",":created_at":"2026-06-13T17:29:18.307Z",":updated_at":"2026-06-13T17:29:18.307Z"}},{"type":"Feature","geometry":{"type":"MultiLineString","coordinates":[[[-122.441207496,37.784056682],[-122.440126501,37.784194498]]]},"properties":{"objectid":"6666","agency":null,"regulation":"Time limited","days":"M-F","hours":"800-1800","hrs_begin":"800","hrs_end":"1800","regdetails":null,"modified":null,"editor":null,"rpparea1":"G","rpparea2":null,"rpparea3":null,"fid_100":"6045","length_ft":"316","conflict":"0","enacted":null,"created_us":null,"created_da":null,"last_edite":null,"last_edi_1":null,"hrlimit":"2","created_user":null,"created_date":null,"last_edited_user":"MTA","last_edited_date":"2017-05-12 17:13:39-07:00","rpp_sym":"lapis lazuli, 2.5 pt, no dash","mtab_date":null,"mtab_motion":null,"mtab_reso_text":null,"sym_rpp2":"lapis lazuli, 2.5 pt, no dash | 2, M-F, 800-1800","globalid":null,"exceptions":"Yes. RPP holders are exempt from time limits.","from_time":"8am","to_time":"6pm","data_as_of":"2017-05-12T17:13:39.000","analysis_neighborhood":"Japantown","supervisor_district":"2","data_loaded_at":"2026-06-13T10:29:08.190",":id":"row-tv4z_gbfj.fd8w",":version":"rv-caaa~inwu-ks9b",":created_at":"2026-06-13T17:29:18.307Z",":updated_at":"2026-06-13T17:29:18.307Z"}},{"type":"Feature","geometry":{"type":"MultiLineString","coordinates":[[[-122.444002715,37.789518594],[-122.44260395,37.789695498]]]},"properties":{"objectid":"1389","agency":null,"regulation":"Time limited","days":"M-F","hours":"800-1800","hrs_begin":"800","hrs_end":"1800","regdetails":null,"modified":null,"editor":null,"rpparea1":"G","rpparea2":null,"rpparea3":null,"fid_100":"5948","length_ft":"409","conflict":"0","enacted":null,"created_us":null,"created_da":null,"last_edite":null,"last_edi_1":null,"hrlimit":"2","created_user":null,"created_date":null,"last_edited_user":"MTA","last_edited_date":"2017-05-12 17:13:37-07:00","rpp_sym":"lapis lazuli, 2.5 pt, no dash","mtab_date":null,"mtab_motion":null,"mtab_reso_text":null,"sym_rpp2":"lapis lazuli, 2.5 pt, no dash | 2, M-F, 800-1800","globalid":null,"exceptions":"Yes. RPP holders are exempt from time limits.","from_time":"8am","to_time":"6pm","data_as_of":"2017-05-12T17:13:37.000","analysis_neighborhood":"Pacific Heights","supervisor_district":"2","data_loaded_at":"2026-06-13T10:29:08.190",":id":"row-qcuq.dwmj~4v68",":version":"rv-5cuy.fwsd-bz46",":created_at":"2026-06-13T17:29:18.307Z",":updated_at":"2026-06-13T17:29:18.307Z"}},{"type":"Feature","geometry":{"type":"MultiLineString","coordinates":[[[-122.42638504,37.794360074],[-122.425008217,37.794535937]]]},"properties":{"objectid":"4276","agency":null,"regulation":"Time limited","days":"M-F","hours":"800-1800","hrs_begin":"800","hrs_end":"1800","regdetails":null,"modified":null,"editor":null,"rpparea1":"G","rpparea2":null,"rpparea3":null,"fid_100":"5856","length_ft":"403","conflict":"0","enacted":null,"created_us":null,"created_da":null,"last_edite":null,"last_edi_1":null,"hrlimit":"2","created_user":null,"created_date":null,"last_edited_user":"MTA","last_edited_date":"2017-05-12 17:13:02-07:00","rpp_sym":"lapis lazuli, 2.5 pt, no dash","mtab_date":null,"mtab_motion":null,"mtab_reso_text":null,"sym_rpp2":"lapis lazuli, 2.5 pt, no dash | 2, M-F, 800-1800","globalid":null,"exceptions":"Yes. RPP holders are exempt from time limits.","from_time":"8am","to_time":"6pm","data_as_of":"2017-05-12T17:13:02.000","analysis_neighborhood":"Pacific Heights","supervisor_district":"2","data_loaded_at":"2026-06-13T10:29:08.190",":id":"row-ck5p.eggz~qeh8",":version":"rv-wx6z~yzgt.qy56",":created_at":"2026-06-13T17:29:18.307Z",":updated_at":"2026-06-13T17:29:18.307Z"}},{"type":"Feature","geometry":{"type":"MultiLineString","coordinates":[[[-122.436646445,37.785794853],[-122.436784275,37.786474494]]]},"properties":{"objectid":"16322","agency":null,"regulation":"Time limited","days":"M-F","hours":"800-1800","hrs_begin":"800","hrs_end":"1800","regdetails":null,"modified":null,"editor":null,"rpparea1":"G","rpparea2":null,"rpparea3":null,"fid_100":"5701","length_ft":"251","conflict":"0","enacted":null,"created_us":null,"created_da":null,"last_edite":null,"last_edi_1":null,"hrlimit":"2","created_user":"RAYNELLCOOPER","created_date":"2024-01-04 15:51:06-08:00","last_edited_user":"RAYNELLCOOPER","last_edited_date":"2024-01-04 15:51:19-08:00","rpp_sym":"lapis lazuli, 2.5 pt, no dash","mtab_date":null,"mtab_motion":null,"mtab_reso_text":null,"sym_rpp2":"lapis lazuli, 2.5 pt, no dash | 2, M-F, 800-1800","globalid":null,"exceptions":"Yes. RPP holders are exempt from time limits.","from_time":"8am","to_time":"6pm","data_as_of":"2024-01-04T15:51:19.000","analysis_neighborhood":"Pacific Heights","supervisor_district":"2","data_loaded_at":"2026-06-13T10:29:08.190",":id":"row-mtix-yu53_k9ki",":version":"rv-39cm_nen6~skjs",":created_at":"2026-06-13T17:29:18.307Z",":updated_at":"2026-06-13T17:29:18.307Z"}},{"type":"Feature","geometry":{"type":"MultiLineString","coordinates":[[[-122.424590945,37.793640833],[-122.424453855,37.792961114]]]},"properties":{"objectid":"6026","agency":null,"regulation":"Time limited","days":"M-Sa","hours":"800-2300","hrs_begin":"800","hrs_end":"2300","regdetails":"MON - FRI: 8AM - 11PM; SAT: 5PM - 11PM","modified":"2015-01-08 16:00:00-08:00","editor":"Mark C. Dreger","rpparea1":"C","rpparea2":"G","rpparea3":null,"fid_100":"5861","length_ft":"251","conflict":"0","enacted":null,"created_us":null,"created_da":null,"last_edite":null,"last_edi_1":null,"hrlimit":"2","created_user":null,"created_date":null,"last_edited_user":"MTA","last_edited_date":"2017-05-12 17:19:20-07:00","rpp_sym":"leaf green, 2.5 pt, no dash","mtab_date":null,"mtab_motion":null,"mtab_reso_text":null,"sym_rpp2":"leaf green, 2.5 pt, no dash | 2, M-Sa, 800-2300","globalid":null,"exceptions":"Yes. RPP holders are exempt from time limits.","from_time":"8am","to_time":"11pm","data_as_of":"2017-05-12T17:19:20.000","analysis_neighborhood":"Pacific Heights","supervisor_district":"2","data_loaded_at":"2026-06-13T10:29:08.190",":id":"row-gjvc.t2v9.zxke",":version":"rv-ektg-8ab7.kvv8",":created_at":"2026-06-13T17:29:18.307Z",":updated_at":"2026-06-13T17:29:18.307Z"}},{"type":"Feature","geometry":{"type":"MultiLineString","coordinates":[[[-122.425842927,37.79172043],[-122.424633408,37.791874195]]]},"properties":{"objectid":"2405","agency":null,"regulation":"Time limited","days":"M-Sa","hours":"800-2300","hrs_begin":"800","hrs_end":"2300","regdetails":"MON - FRI: 8AM - 11PM; SAT: 5PM - 11PM","modified":"2015-01-08 16:00:00-08:00","editor":"Mark C. Dreger","rpparea1":"G","rpparea2":null,"rpparea3":null,"fid_100":"5672","length_ft":"354","conflict":"0","enacted":null,"created_us":null,"created_da":null,"last_edite":null,"last_edi_1":null,"hrlimit":"2","created_user":null,"created_date":null,"last_edited_user":"MTA","last_edited_date":"2017-05-12 17:19:20-07:00","rpp_sym":"leaf green, 2.5 pt, no dash","mtab_date":null,"mtab_motion":null,"mtab_reso_text":null,"sym_rpp2":"leaf green, 2.5 pt, no dash | 2, M-Sa, 800-2300","globalid":null,"exceptions":"Yes. RPP holders are exempt from time limits.","from_time":"8am","to_time":"11pm","data_as_of":"2017-05-12T17:19:20.000","analysis_neighborhood":"Pacific Heights","supervisor_district":"2","data_loaded_at":"2026-06-13T10:29:08.190",":id":"row-uvkx.ud9h_wnmg",":version":"rv-y28p_iy49.yq29",":created_at":"2026-06-13T17:29:18.307Z",":updated_at":"2026-06-13T17:29:18.307Z"}},{"type":"Feature","geometry":{"type":"MultiLineString","coordinates":[[[-122.432255428,37.788965855],[-122.43211216,37.788257383]]]},"properties":{"objectid":"7440","agency":null,"regulation":"Time limited","days":"M-F","hours":"800-1800","hrs_begin":"800","hrs_end":"1800","regdetails":null,"modified":null,"editor":null,"rpparea1":"G","rpparea2":null,"rpparea3":null,"fid_100":"5601","length_ft":"261","conflict":"0","enacted":null,"created_us":null,"created_da":null,"last_edite":null,"last_edi_1":null,"hrlimit":"2","created_user":null,"created_date":null,"last_edited_user":"MTA","last_edited_date":"2017-05-12 17:13:46-07:00","rpp_sym":"lapis lazuli, 2.5 pt, no dash","mtab_date":null,"mtab_motion":null,"mtab_reso_text":null,"sym_rpp2":"lapis lazuli, 2.5 pt, no dash | 2, M-F, 800-1800","globalid":null,"exceptions":"Yes. RPP holders are exempt from time limits.","from_time":"8am","to_time":"6pm","data_as_of":"2017-05-12T17:13:46.000","analysis_neighborhood":"Pacific Heights","supervisor_district":"2","data_loaded_at":"2026-06-13T10:29:08.190",":id":"row-8za7.h5xm-vbyf",":version":"rv-tx6s~9gbd-rdab",":created_at":"2026-06-13T17:29:18.307Z",":updated_at":"2026-06-13T17:29:18.307Z"}},{"type":"Feature","geometry":{"type":"MultiLineString","coordinates":[[[-122.434991576,37.79517738],[-122.433587972,37.795356334]]]},"properties":{"objectid":"6856","agency":null,"regulation":"Time limited","days":"M-F","hours":"800-1800","hrs_begin":"800","hrs_end":"1800","regdetails":null,"modified":null,"editor":null,"rpparea1":"G","rpparea2":"K","rpparea3":null,"fid_100":"6078","length_ft":"411","conflict":"0","enacted":null,"created_us":null,"created_da":null,"last_edite":null,"last_edi_1":null,"hrlimit":"2","created_user":null,"created_date":null,"last_edited_user":"MTA","last_edited_date":"2017-05-12 17:13:37-07:00","rpp_sym":"lapis lazuli, 2.5 pt, no dash","mtab_date":null,"mtab_motion":null,"mtab_reso_text":null,"sym_rpp2":"lapis lazuli, 2.5 pt, no dash | 2, M-F, 800-1800","globalid":null,"exceptions":"Yes. RPP holders are exempt from time limits.","from_time":"8am","to_time":"6pm","data_as_of":"2017-05-12T17:13:37.000","analysis_neighborhood":"Pacific Heights","supervisor_district":"2","data_loaded_at":"2026-06-13T10:29:08.190",":id":"row-iyr4~fp5p-yuyc",":version":"rv-ct3x-h9x2~tvny",":created_at":"2026-06-13T17:29:18.307Z",":updated_at":"2026-06-13T17:29:18.307Z"}},{"type":"Feature","geometry":{"type":"MultiLineString","coordinates":[[[-122.430592765,37.790216305],[-122.429201162,37.790391836]]]},"properties":{"objectid":"5473","agency":null,"regulation":"Time limited","days":"M-F","hours":"800-1800","hrs_begin":"800","hrs_end":"1800","regdetails":null,"modified":null,"editor":null,"rpparea1":"G","rpparea2":null,"rpparea3":null,"fid_100":"5647","length_ft":"407","conflict":"0","enacted":null,"created_us":null,"created_da":null,"last_edite":null,"last_edi_1":null,"hrlimit":"2","created_user":null,"created_date":null,"last_edited_user":"MTA","last_edited_date":"2017-05-12 17:13:26-07:00","rpp_sym":"lapis lazuli, 2.5 pt, no dash","mtab_date":null,"mtab_motion":null,"mtab_reso_text":null,"sym_rpp2":"lapis lazuli, 2.5 pt, no dash | 2, M-F, 800-1800","globalid":null,"exceptions":"Yes. RPP holders are exempt from time limits.","from_time":"8am","to_time":"6pm","data_as_of":"2017-05-12T17:13:26.000","analysis_neighborhood":"Pacific Heights","supervisor_district":"2","data_loaded_at":"2026-06-13T10:29:08.190",":id":"row-eaxq-fkpc_2uaj",":version":"rv-pvnv.89v7~68ts",":created_at":"2026-06-13T17:29:18.307Z",":updated_at":"2026-06-13T17:29:18.307Z"}},{"type":"Feature","geometry":{"type":"MultiLineString","coordinates":[[[-122.442691687,37.791381297],[-122.441293,37.79155929]]]},"properties":{"objectid":"6237","agency":null,"regulation":"Time limited","days":"M-F","hours":"800-1800","hrs_begin":"800","hrs_end":"1800","regdetails":null,"modified":null,"editor":null,"rpparea1":"G","rpparea2":null,"rpparea3":null,"fid_100":"5922","length_ft":"409","conflict":"0","enacted":null,"created_us":null,"created_da":null,"last_edite":null,"last_edi_1":null,"hrlimit":"3","created_user":null,"created_date":null,"last_edited_user":"MTA","last_edited_date":"2017-05-12 17:13:38-07:00","rpp_sym":"lapis lazuli, 2.5 pt, dash 3:1, interval 2","mtab_date":null,"mtab_motion":null,"mtab_reso_text":null,"sym_rpp2":"lapis lazuli, 2.5 pt, dash 3:1, interval 2 | 3, M-F, 800-1800","globalid":null,"exceptions":"Yes. RPP holders are exempt from time limits.","from_time":"8am","to_time":"6pm","data_as_of":"2017-05-12T17:13:38.000","analysis_neighborhood":"Pacific Heights","supervisor_district":"2","data_loaded_at":"2026-06-13T10:29:08.190",":id":"row-jmva.6hem-3kis",":version":"rv-kjiz~hj62.c463",":created_at":"2026-06-13T17:29:18.307Z",":updated_at":"2026-06-13T17:29:18.307Z"}},{"type":"Feature","geometry":{"type":"MultiLineString","coordinates":[[[-122.431324587,37.793728869],[-122.42991574,37.793909019]]]},"properties":{"objectid":"6955","agency":null,"regulation":"Time limited","days":"M-F","hours":"800-1800","hrs_begin":"800","hrs_end":"1800","regdetails":null,"modified":null,"editor":null,"rpparea1":"G","rpparea2":null,"rpparea3":null,"fid_100":"5823","length_ft":"412","conflict":"0","enacted":null,"created_us":null,"created_da":null,"last_edite":null,"last_edi_1":null,"hrlimit":"2","created_user":null,"created_date":null,"last_edited_user":"MTA","last_edited_date":"2017-05-12 17:13:14-07:00","rpp_sym":"lapis lazuli, 2.5 pt, no dash","mtab_date":null,"mtab_motion":null,"mtab_reso_text":null,"sym_rpp2":"lapis lazuli, 2.5 pt, no dash | 2, M-F, 800-1800","globalid":null,"exceptions":"Yes. RPP holders are exempt from time limits.","from_time":"8am","to_time":"6pm","data_as_of":"2017-05-12T17:13:14.000","analysis_neighborhood":"Pacific Heights","supervisor_district":"2","data_loaded_at":"2026-06-13T10:29:08.190",":id":"row-v2va.ms29-z3aj",":version":"rv-daud~ry65_k9ye",":created_at":"2026-06-13T17:29:18.307Z",":updated_at":"2026-06-13T17:29:18.307Z"}},{"type":"Feature","geometry":{"type":"MultiLineString","coordinates":[[[-122.419297787,37.792647504],[-122.417880811,37.792829286]]]},"properties":{"objectid":"3238","agency":null,"regulation":"Time limited","days":"M-Sa","hours":"800-2100","hrs_begin":"800","hrs_end":"2100","regdetails":null,"modified":null,"editor":null,"rpparea1":"C","rpparea2":"G","rpparea3":null,"fid_100":"4907","length_ft":"415","conflict":"0","enacted":null,"created_us":null,"created_da":null,"last_edite":null,"last_edi_1":null,"hrlimit":"2","created_user":null,"created_date":null,"last_edited_user":"MTA","last_edited_date":"2017-05-12 17:17:40-07:00","rpp_sym":"black, 2.5 pt, no dash","mtab_date":null,"mtab_motion":null,"mtab_reso_text":null,"sym_rpp2":"black, 2.5 pt, no dash | 2, M-Sa, 800-2100","globalid":null,"exceptions":"Yes. RPP holders are exempt from time limits.","from_time":"8am","to_time":"9pm","data_as_of":"2017-05-12T17:17:40.000","analysis_neighborhood":"Russian Hill","supervisor_district":"3","data_loaded_at":"2026-06-13T10:29:08.190",":id":"row-5kp7_i5mi.d5f9",":version":"rv-9htx_fxjp_xc6v",":created_at":"2026-06-13T17:29:18.307Z",":updated_at":"2026-06-13T17:29:18.307Z"}},{"type":"Feature","geometry":{"type":"MultiLineString","coordinates":[[[-122.444879162,37.784517653],[-122.444729484,37.783777653]]]},"properties":{"objectid":"2784","agency":null,"regulation":"Time limited","days":"M-F","hours":"800-1800","hrs_begin":"800","hrs_end":"1800","regdetails":null,"modified":null,"editor":null,"rpparea1":"G","rpparea2":null,"rpparea3":null,"fid_100":"6041","length_ft":"273","conflict":"0","enacted":null,"created_us":null,"created_da":null,"last_edite":null,"last_edi_1":null,"hrlimit":"2","created_user":null,"created_date":null,"last_edited_user":"MTA","last_edited_date":"2017-05-12 17:13:01-07:00","rpp_sym":"lapis lazuli, 2.5 pt, no dash","mtab_date":null,"mtab_motion":null,"mtab_reso_text":null,"sym_rpp2":"lapis lazuli, 2.5 pt, no dash | 2, M-F, 800-1800","globalid":null,"exceptions":"Yes. RPP holders are exempt from time limits.","from_time":"8am","to_time":"6pm","data_as_of":"2017-05-12T17:13:01.000","analysis_neighborhood":"Presidio Heights","supervisor_district":"5","data_loaded_at":"2026-06-13T10:29:08.190",":id":"row-wpfg~epky~a3ea",":version":"rv-ukhc~5shp_pd2x",":created_at":"2026-06-13T17:29:18.307Z",":updated_at":"2026-06-13T17:29:18.307Z"}},{"type":"Feature","geometry":{"type":"MultiLineString","coordinates":[[[-122.418488684,37.796102305],[-122.41841401,37.795707942]]]},"properties":{"objectid":"2519","agency":null,"regulation":"Time limited","days":"M-F","hours":"800-1900","hrs_begin":"800","hrs_end":"1900","regdetails":null,"modified":null,"editor":null,"rpparea1":"A","rpparea2":"C","rpparea3":"G","fid_100":"4985","length_ft":"145","conflict":"0","enacted":null,"created_us":null,"created_da":null,"last_edite":null,"last_edi_1":null,"hrlimit":"2","created_user":null,"created_date":null,"last_edited_user":"MTA","last_edited_date":"2017-05-12 17:14:50-07:00","rpp_sym":"anemone violet, 2.5 pt, no dash","mtab_date":null,"mtab_motion":null,"mtab_reso_text":null,"sym_rpp2":"anemone violet, 2.5 pt, no dash | 2, M-F, 800-1900","globalid":null,"exceptions":"Yes. RPP holders are exempt from time limits.","from_time":"8am","to_time":"7pm","data_as_of":"2017-05-12T17:14:50.000","analysis_neighborhood":"Russian Hill","supervisor_district":"3","data_loaded_at":"2026-06-13T10:29:08.190",":id":"row-5wn4_hey4_7e8b",":version":"rv-ivgq-tx9j-n5vh",":created_at":"2026-06-13T17:29:18.307Z",":updated_at":"2026-06-13T17:29:18.307Z"}},{"type":"Feature","geometry":{"type":"MultiLineString","coordinates":[[[-122.426912235,37.788737771],[-122.425556506,37.788909902]]]},"properties":{"objectid":"2900","agency":null,"regulation":"Time limited","days":"M-F","hours":"800-1800","hrs_begin":"800","hrs_end":"1800","regdetails":null,"modified":null,"editor":null,"rpparea1":"G","rpparea2":null,"rpparea3":null,"fid_100":"5588","length_ft":"397","conflict":"0","enacted":null,"created_us":null,"created_da":null,"last_edite":null,"last_edi_1":null,"hrlimit":"2","created_user":null,"created_date":null,"last_edited_user":"MTA","last_edited_date":"2017-05-12 17:13:23-07:00","rpp_sym":"lapis lazuli, 2.5 pt, no dash","mtab_date":null,"mtab_motion":null,"mtab_reso_text":null,"sym_rpp2":"lapis lazuli, 2.5 pt, no dash | 2, M-F, 800-1800","globalid":null,"exceptions":"Yes. RPP holders are exempt from time limits.","from_time":"8am","to_time":"6pm","data_as_of":"2017-05-12T17:13:23.000","analysis_neighborhood":"Pacific Heights","supervisor_district":"5","data_loaded_at":"2026-06-13T10:29:08.190",":id":"row-4is8_vz6u~wfvu",":version":"rv-cd69.x9w7_2mxa",":created_at":"2026-06-13T17:29:18.307Z",":updated_at":"2026-06-13T17:29:18.307Z"}},{"type":"Feature","geometry":{"type":"MultiLineString","coordinates":[[[-122.42539231,37.7861973],[-122.424977126,37.786253536]]]},"properties":{"objectid":"2522","agency":null,"regulation":"Time limited","days":"M-F","hours":"800-1800","hrs_begin":"800","hrs_end":"1800","regdetails":null,"modified":null,"editor":null,"rpparea1":"G","rpparea2":null,"rpparea3":null,"fid_100":"5548","length_ft":"122","conflict":"0","enacted":null,"created_us":null,"created_da":null,"last_edite":null,"last_edi_1":null,"hrlimit":"2","created_user":null,"created_date":null,"last_edited_user":"MTA","last_edited_date":"2017-05-12 17:13:37-07:00","rpp_sym":"lapis lazuli, 2.5 pt, no dash","mtab_date":null,"mtab_motion":null,"mtab_reso_text":null,"sym_rpp2":"lapis lazuli, 2.5 pt, no dash | 2, M-F, 800-1800","globalid":null,"exceptions":"Yes. RPP holders are exempt from time limits.","from_time":"8am","to_time":"6pm","data_as_of":"2017-05-12T17:13:37.000","analysis_neighborhood":"Japantown","supervisor_district":"5","data_loaded_at":"2026-06-13T10:29:08.190",":id":"row-kcg5~jpxf_5x26",":version":"rv-f9nc_b6i2~nybk",":created_at":"2026-06-13T17:29:18.307Z",":updated_at":"2026-06-13T17:29:18.307Z"}},{"type":"Feature","geometry":{"type":"MultiLineString","coordinates":[[[-122.427448599,37.790720627],[-122.426160845,37.790883023]]]},"properties":{"objectid":"7137","agency":null,"regulation":"Time limited","days":"M-F","hours":"800-1800","hrs_begin":"800","hrs_end":"1800","regdetails":null,"modified":null,"editor":null,"rpparea1":"G","rpparea2":null,"rpparea3":null,"fid_100":"5658","length_ft":"377","conflict":"0","enacted":null,"created_us":null,"created_da":null,"last_edite":null,"last_edi_1":null,"hrlimit":"2","created_user":null,"created_date":null,"last_edited_user":"MTA","last_edited_date":"2017-05-12 17:13:13-07:00","rpp_sym":"lapis lazuli, 2.5 pt, no dash","mtab_date":null,"mtab_motion":null,"mtab_reso_text":null,"sym_rpp2":"lapis lazuli, 2.5 pt, no dash | 2, M-F, 800-1800","globalid":null,"exceptions":"Yes. RPP holders are exempt from time limits.","from_time":"8am","to_time":"6pm","data_as_of":"2017-05-12T17:13:13.000","analysis_neighborhood":"Pacific Heights","supervisor_district":"2","data_loaded_at":"2026-06-13T10:29:08.190",":id":"row-d3u2~6f2b-d248",":version":"rv-rf5f_mg4i~mnrf",":created_at":"2026-06-13T17:29:18.307Z",":updated_at":"2026-06-13T17:29:18.307Z"}},{"type":"Feature","geometry":{"type":"MultiLineString","coordinates":[[[-122.428198068,37.795046256],[-122.426813953,37.795223069]]]},"properties":{"objectid":"1687","agency":null,"regulation":"Time limited","days":"M-F","hours":"800-1800","hrs_begin":"800","hrs_end":"1800","regdetails":null,"modified":null,"editor":null,"rpparea1":"G","rpparea2":"K","rpparea3":null,"fid_100":"5828","length_ft":"405","conflict":"0","enacted":null,"created_us":null,"created_da":null,"last_edite":null,"last_edi_1":null,"hrlimit":"2","created_user":null,"created_date":null,"last_edited_user":"MTA","last_edited_date":"2017-05-12 17:13:25-07:00","rpp_sym":"lapis lazuli, 2.5 pt, no dash","mtab_date":null,"mtab_motion":null,"mtab_reso_text":null,"sym_rpp2":"lapis lazuli, 2.5 pt, no dash | 2, M-F, 800-1800","globalid":null,"exceptions":"Yes. RPP holders are exempt from time limits.","from_time":"8am","to_time":"6pm","data_as_of":"2017-05-12T17:13:25.000","analysis_neighborhood":"Pacific Heights","supervisor_district":"2","data_loaded_at":"2026-06-13T10:29:08.190",":id":"row-iq6u~7mi4-fg6j",":version":"rv-4cv4-rtjc_8q9h",":created_at":"2026-06-13T17:29:18.307Z",":updated_at":"2026-06-13T17:29:18.307Z"}},{"type":"Feature","geometry":{"type":"MultiLineString","coordinates":[[[-122.433347125,37.795386396],[-122.431943803,37.79556528]]]},"properties":{"objectid":"3166","agency":null,"regulation":"Time limited","days":"M-F","hours":"800-1800","hrs_begin":"800","hrs_end":"1800","regdetails":null,"modified":null,"editor":null,"rpparea1":"G","rpparea2":"K","rpparea3":null,"fid_100":"6079","length_ft":"411","conflict":"0","enacted":null,"created_us":null,"created_da":null,"last_edite":null,"last_edi_1":null,"hrlimit":"2","created_user":null,"created_date":null,"last_edited_user":"MTA","last_edited_date":"2017-05-12 17:13:27-07:00","rpp_sym":"lapis lazuli, 2.5 pt, no dash","mtab_date":null,"mtab_motion":null,"mtab_reso_text":null,"sym_rpp2":"lapis lazuli, 2.5 pt, no dash | 2, M-F, 800-1800","globalid":null,"exceptions":"Yes. RPP holders are exempt from time limits.","from_time":"8am","to_time":"6pm","data_as_of":"2017-05-12T17:13:27.000","analysis_neighborhood":"Pacific Heights","supervisor_district":"2","data_loaded_at":"2026-06-13T10:29:08.190",":id":"row-ff24-9par-avux",":version":"rv-vigv~uyiz~u74e",":created_at":"2026-06-13T17:29:18.307Z",":updated_at":"2026-06-13T17:29:18.307Z"}},{"type":"Feature","geometry":{"type":"MultiLineString","coordinates":[[[-122.435534731,37.78959281],[-122.434519107,37.789720962]]]},"properties":{"objectid":"5406","agency":null,"regulation":"Time limited","days":"M-F","hours":"800-1800","hrs_begin":"800","hrs_end":"1800","regdetails":null,"modified":null,"editor":null,"rpparea1":"G","rpparea2":null,"rpparea3":null,"fid_100":"5761","length_ft":"297","conflict":"0","enacted":null,"created_us":null,"created_da":null,"last_edite":null,"last_edi_1":null,"hrlimit":"2","created_user":null,"created_date":null,"last_edited_user":"MTA","last_edited_date":"2017-05-12 17:13:12-07:00","rpp_sym":"lapis lazuli, 2.5 pt, no dash","mtab_date":null,"mtab_motion":null,"mtab_reso_text":null,"sym_rpp2":"lapis lazuli, 2.5 pt, no dash | 2, M-F, 800-1800","globalid":null,"exceptions":"Yes. RPP holders are exempt from time limits.","from_time":"8am","to_time":"6pm","data_as_of":"2017-05-12T17:13:12.000","analysis_neighborhood":"Pacific Heights","supervisor_district":"2","data_loaded_at":"2026-06-13T10:29:08.190",":id":"row-v59f_py2a.mg2b",":version":"rv-x9kf.bh4c~4ma4",":created_at":"2026-06-13T17:29:18.307Z",":updated_at":"2026-06-13T17:29:18.307Z"}},{"type":"Feature","geometry":{"type":"MultiLineString","coordinates":[[[-122.447549103,37.790722325],[-122.447410691,37.790037101]]]},"properties":{"objectid":"4624","agency":null,"regulation":"Time limited","days":"M-F","hours":"800-1800","hrs_begin":"800","hrs_end":"1800","regdetails":null,"modified":null,"editor":null,"rpparea1":"F","rpparea2":"G","rpparea3":null,"fid_100":"5930","length_ft":"253","conflict":"0","enacted":null,"created_us":null,"created_da":null,"last_edite":null,"last_edi_1":null,"hrlimit":"2","created_user":null,"created_date":null,"last_edited_user":"MTA","last_edited_date":"2017-05-12 17:13:36-07:00","rpp_sym":"lapis lazuli, 2.5 pt, no dash","mtab_date":null,"mtab_motion":null,"mtab_reso_text":null,"sym_rpp2":"lapis lazuli, 2.5 pt, no dash | 2, M-F, 800-1800","globalid":null,"exceptions":"Yes. RPP holders are exempt from time limits.","from_time":"8am","to_time":"6pm","data_as_of":"2017-05-12T17:13:36.000","analysis_neighborhood":"Presidio Heights","supervisor_district":"2","data_loaded_at":"2026-06-13T10:29:08.190",":id":"row-rb8p~iv2q~nd4g",":version":"rv-8te9-wmzu_5vd4",":created_at":"2026-06-13T17:29:18.307Z",":updated_at":"2026-06-13T17:29:18.307Z"}},{"type":"Feature","geometry":{"type":"MultiLineString","coordinates":[[[-122.436092591,37.791374447],[-122.436250247,37.792157425]]]},"properties":{"objectid":"4975","agency":null,"regulation":"Time limited","days":"M-F","hours":"800-1800","hrs_begin":"800","hrs_end":"1800","regdetails":null,"modified":null,"editor":null,"rpparea1":"G","rpparea2":null,"rpparea3":null,"fid_100":"5767","length_ft":"289","conflict":"0","enacted":null,"created_us":null,"created_da":null,"last_edite":null,"last_edi_1":null,"hrlimit":"2","created_user":null,"created_date":null,"last_edited_user":"MTA","last_edited_date":"2017-05-12 17:13:01-07:00","rpp_sym":"lapis lazuli, 2.5 pt, no dash","mtab_date":null,"mtab_motion":null,"mtab_reso_text":null,"sym_rpp2":"lapis lazuli, 2.5 pt, no dash | 2, M-F, 800-1800","globalid":null,"exceptions":"Yes. RPP holders are exempt from time limits.","from_time":"8am","to_time":"6pm","data_as_of":"2017-05-12T17:13:01.000","analysis_neighborhood":"Pacific Heights","supervisor_district":"2","data_loaded_at":"2026-06-13T10:29:08.190",":id":"row-3cjp-i5gc_bsgk",":version":"rv-n6gq.2zvm~hvb7",":created_at":"2026-06-13T17:29:18.307Z",":updated_at":"2026-06-13T17:29:18.307Z"}},{"type":"Feature","geometry":{"type":"MultiLineString","coordinates":[[[-122.419452819,37.79250596],[-122.41930977,37.791803629]]]},"properties":{"objectid":"5495","agency":null,"regulation":"Time limited","days":"M-Sa","hours":"800-2100","hrs_begin":"800","hrs_end":"2100","regdetails":null,"modified":null,"editor":null,"rpparea1":"C","rpparea2":"G","rpparea3":null,"fid_100":"4901","length_ft":"259","conflict":"0","enacted":null,"created_us":null,"created_da":null,"last_edite":null,"last_edi_1":null,"hrlimit":"2","created_user":null,"created_date":null,"last_edited_user":"MTA","last_edited_date":"2017-05-12 17:17:39-07:00","rpp_sym":"black, 2.5 pt, no dash","mtab_date":null,"mtab_motion":null,"mtab_reso_text":null,"sym_rpp2":"black, 2.5 pt, no dash | 2, M-Sa, 800-2100","globalid":null,"exceptions":"Yes. RPP holders are exempt from time limits.","from_time":"8am","to_time":"9pm","data_as_of":"2017-05-12T17:17:39.000","analysis_neighborhood":"Nob Hill","supervisor_district":"3","data_loaded_at":"2026-06-13T10:29:08.190",":id":"row-dkms.9jfw.uxrt",":version":"rv-w8t7.2jzt-9q27",":created_at":"2026-06-13T17:29:18.307Z",":updated_at":"2026-06-13T17:29:18.307Z"}},{"type":"Feature","geometry":{"type":"MultiLineString","coordinates":[[[-122.434981628,37.786894143],[-122.433592344,37.787071513]]]},"properties":{"objectid":"1588","agency":null,"regulation":"Time limited","days":"M-F","hours":"800-1800","hrs_begin":"800","hrs_end":"1800","regdetails":null,"modified":null,"editor":null,"rpparea1":"G","rpparea2":null,"rpparea3":null,"fid_100":"5731","length_ft":"407","conflict":"0","enacted":null,"created_us":null,"created_da":null,"last_edite":null,"last_edi_1":null,"hrlimit":"2","created_user":null,"created_date":null,"last_edited_user":"MTA","last_edited_date":"2017-05-12 17:13:13-07:00","rpp_sym":"lapis lazuli, 2.5 pt, no dash","mtab_date":null,"mtab_motion":null,"mtab_reso_text":null,"sym_rpp2":"lapis lazuli, 2.5 pt, no dash | 2, M-F, 800-1800","globalid":null,"exceptions":"Yes. RPP holders are exempt from time limits.","from_time":"8am","to_time":"6pm","data_as_of":"2017-05-12T17:13:13.000","analysis_neighborhood":"Pacific Heights","supervisor_district":"5","data_loaded_at":"2026-06-13T10:29:08.190",":id":"row-jvmc_w292.imnw",":version":"rv-jbmc.uv6t~v7c4",":created_at":"2026-06-13T17:29:18.307Z",":updated_at":"2026-06-13T17:29:18.307Z"}},{"type":"Feature","geometry":{"type":"MultiLineString","coordinates":[[[-122.437354529,37.790256303],[-122.435955989,37.790434243]]]},"properties":{"objectid":"1735","agency":null,"regulation":"Time limited","days":"M-F","hours":"800-1800","hrs_begin":"800","hrs_end":"1800","regdetails":null,"modified":null,"editor":null,"rpparea1":"G","rpparea2":null,"rpparea3":null,"fid_100":"5756","length_ft":"409","conflict":"0","enacted":null,"created_us":null,"created_da":null,"last_edite":null,"last_edi_1":null,"hrlimit":"2","created_user":null,"created_date":null,"last_edited_user":"MTA","last_edited_date":"2017-05-12 17:13:28-07:00","rpp_sym":"lapis lazuli, 2.5 pt, no dash","mtab_date":null,"mtab_motion":null,"mtab_reso_text":null,"sym_rpp2":"lapis lazuli, 2.5 pt, no dash | 2, M-F, 800-1800","globalid":null,"exceptions":"Yes. RPP holders are exempt from time limits.","from_time":"8am","to_time":"6pm","data_as_of":"2017-05-12T17:13:28.000","analysis_neighborhood":"Pacific Heights","supervisor_district":"2","data_loaded_at":"2026-06-13T10:29:08.190",":id":"row-efi8-ngky.md7r",":version":"rv-z226~5be2~8hxa",":created_at":"2026-06-13T17:29:18.307Z",":updated_at":"2026-06-13T17:29:18.307Z"}},{"type":"Feature","geometry":{"type":"MultiLineString","coordinates":[[[-122.444747182,37.784536572],[-122.444597477,37.783796687]]]},"properties":{"objectid":"2077","agency":null,"regulation":"Time limited","days":"M-F","hours":"800-1800","hrs_begin":"800","hrs_end":"1800","regdetails":null,"modified":null,"editor":null,"rpparea1":"G","rpparea2":null,"rpparea3":null,"fid_100":"6040","length_ft":"273","conflict":"0","enacted":null,"created_us":null,"created_da":null,"last_edite":null,"last_edi_1":null,"hrlimit":"2","created_user":null,"created_date":null,"last_edited_user":"MTA","last_edited_date":"2017-05-12 17:13:39-07:00","rpp_sym":"lapis lazuli, 2.5 pt, no dash","mtab_date":null,"mtab_motion":null,"mtab_reso_text":null,"sym_rpp2":"lapis lazuli, 2.5 pt, no dash | 2, M-F, 800-1800","globalid":null,"exceptions":"Yes. RPP holders are exempt from time limits.","from_time":"8am","to_time":"6pm","data_as_of":"2017-05-12T17:13:39.000","analysis_neighborhood":"Presidio Heights","supervisor_district":"5","data_loaded_at":"2026-06-13T10:29:08.190",":id":"row-6pj4_87qm.3i7g",":version":"rv-sfg6.b2rm~2spe",":created_at":"2026-06-13T17:29:18.307Z",":updated_at":"2026-06-13T17:29:18.307Z"}},{"type":"Feature","geometry":{"type":"MultiLineString","coordinates":[[[-122.424913411,37.787209577],[-122.423549779,37.787382777]]]},"properties":{"objectid":"4963","agency":null,"regulation":"Time limited","days":"M-F","hours":"800-1800","hrs_begin":"800","hrs_end":"1800","regdetails":null,"modified":null,"editor":null,"rpparea1":"G","rpparea2":null,"rpparea3":null,"fid_100":"5552","length_ft":"399","conflict":"0","enacted":null,"created_us":null,"created_da":null,"last_edite":null,"last_edi_1":null,"hrlimit":"2","created_user":null,"created_date":null,"last_edited_user":"MTA","last_edited_date":"2017-05-12 17:13:38-07:00","rpp_sym":"lapis lazuli, 2.5 pt, no dash","mtab_date":null,"mtab_motion":null,"mtab_reso_text":null,"sym_rpp2":"lapis lazuli, 2.5 pt, no dash | 2, M-F, 800-1800","globalid":null,"exceptions":"Yes. RPP holders are exempt from time limits.","from_time":"8am","to_time":"6pm","data_as_of":"2017-05-12T17:13:38.000","analysis_neighborhood":"Western Addition","supervisor_district":"2","data_loaded_at":"2026-06-13T10:29:08.190",":id":"row-j9g6_2yxj_hfcn",":version":"rv-sabs-w9mp~qfgf",":created_at":"2026-06-13T17:29:18.307Z",":updated_at":"2026-06-13T17:29:18.307Z"}},{"type":"Feature","geometry":{"type":"MultiLineString","coordinates":[[[-122.431544937,37.794584653],[-122.43140155,37.793870593]]]},"properties":{"objectid":"1250","agency":null,"regulation":"Time limited","days":"M-F","hours":"800-1800","hrs_begin":"800","hrs_end":"1800","regdetails":null,"modified":null,"editor":null,"rpparea1":"G","rpparea2":"K","rpparea3":null,"fid_100":"5816","length_ft":"263","conflict":"0","enacted":null,"created_us":null,"created_da":null,"last_edite":null,"last_edi_1":null,"hrlimit":"2","created_user":null,"created_date":null,"last_edited_user":"MTA","last_edited_date":"2017-05-12 17:13:23-07:00","rpp_sym":"lapis lazuli, 2.5 pt, no dash","mtab_date":null,"mtab_motion":null,"mtab_reso_text":null,"sym_rpp2":"lapis lazuli, 2.5 pt, no dash | 2, M-F, 800-1800","globalid":null,"exceptions":"Yes. RPP holders are exempt from time limits.","from_time":"8am","to_time":"6pm","data_as_of":"2017-05-12T17:13:23.000","analysis_neighborhood":"Pacific Heights","supervisor_district":"2","data_loaded_at":"2026-06-13T10:29:08.190",":id":"row-vxs4.yz9m~yyny",":version":"rv-74ki-8w6f~ifvj",":created_at":"2026-06-13T17:29:18.307Z",":updated_at":"2026-06-13T17:29:18.307Z"}},{"type":"Feature","geometry":{"type":"MultiLineString","coordinates":[[[-122.424413755,37.792766017],[-122.424275051,37.792081194]]]},"properties":{"objectid":"3260","agency":null,"regulation":"Time limited","days":"M-Sa","hours":"800-2300","hrs_begin":"800","hrs_end":"2300","regdetails":"MON - FRI: 8AM - 11PM; SAT: 5PM - 11PM","modified":"2015-01-08 16:00:00-08:00","editor":"Mark C. Dreger","rpparea1":"C","rpparea2":"G","rpparea3":null,"fid_100":"5681","length_ft":"253","conflict":"0","enacted":null,"created_us":null,"created_da":null,"last_edite":null,"last_edi_1":null,"hrlimit":"2","created_user":null,"created_date":null,"last_edited_user":"MTA","last_edited_date":"2017-05-12 17:19:20-07:00","rpp_sym":"leaf green, 2.5 pt, no dash","mtab_date":null,"mtab_motion":null,"mtab_reso_text":null,"sym_rpp2":"leaf green, 2.5 pt, no dash | 2, M-Sa, 800-2300","globalid":null,"exceptions":"Yes. RPP holders are exempt from time limits.","from_time":"8am","to_time":"11pm","data_as_of":"2017-05-12T17:19:20.000","analysis_neighborhood":"Pacific Heights","supervisor_district":"2","data_loaded_at":"2026-06-13T10:29:08.190",":id":"row-8igc-s39w-92ur",":version":"rv-t5s3~xdpt_r6nd",":created_at":"2026-06-13T17:29:18.307Z",":updated_at":"2026-06-13T17:29:18.307Z"}},{"type":"Feature","geometry":{"type":"MultiLineString","coordinates":[[[-122.437735901,37.792121818],[-122.436333573,37.792299936]]]},"properties":{"objectid":"5656","agency":null,"regulation":"Time limited","days":"M-F","hours":"800-1800","hrs_begin":"800","hrs_end":"1800","regdetails":null,"modified":null,"editor":null,"rpparea1":"G","rpparea2":null,"rpparea3":null,"fid_100":"5773","length_ft":"410","conflict":"0","enacted":null,"created_us":null,"created_da":null,"last_edite":null,"last_edi_1":null,"hrlimit":"2","created_user":null,"created_date":null,"last_edited_user":"MTA","last_edited_date":"2017-05-12 17:13:03-07:00","rpp_sym":"lapis lazuli, 2.5 pt, no dash","mtab_date":null,"mtab_motion":null,"mtab_reso_text":null,"sym_rpp2":"lapis lazuli, 2.5 pt, no dash | 2, M-F, 800-1800","globalid":null,"exceptions":"Yes. RPP holders are exempt from time limits.","from_time":"8am","to_time":"6pm","data_as_of":"2017-05-12T17:13:03.000","analysis_neighborhood":"Pacific Heights","supervisor_district":"2","data_loaded_at":"2026-06-13T10:29:08.190",":id":"row-he5p-vpvn~kh5k",":version":"rv-cjvq.vnzb.trax",":created_at":"2026-06-13T17:29:18.307Z",":updated_at":"2026-06-13T17:29:18.307Z"}},{"type":"Feature","geometry":{"type":"MultiLineString","coordinates":[[[-122.441565631,37.794350361],[-122.440158795,37.794529369]]]},"properties":{"objectid":"6839","agency":null,"regulation":"Time limited","days":"M-F","hours":"800-1800","hrs_begin":"800","hrs_end":"1800","regdetails":null,"modified":null,"editor":null,"rpparea1":"G","rpparea2":"K","rpparea3":null,"fid_100":"6060","length_ft":"412","conflict":"0","enacted":null,"created_us":null,"created_da":null,"last_edite":null,"last_edi_1":null,"hrlimit":"2","created_user":null,"created_date":null,"last_edited_user":"MTA","last_edited_date":"2017-05-12 17:12:59-07:00","rpp_sym":"lapis lazuli, 2.5 pt, no dash","mtab_date":null,"mtab_motion":null,"mtab_reso_text":null,"sym_rpp2":"lapis lazuli, 2.5 pt, no dash | 2, M-F, 800-1800","globalid":null,"exceptions":"Yes. RPP holders are exempt from time limits.","from_time":"8am","to_time":"6pm","data_as_of":"2017-05-12T17:12:59.000","analysis_neighborhood":"Pacific Heights","supervisor_district":"2","data_loaded_at":"2026-06-13T10:29:08.190",":id":"row-9wq8_vwuq-5v83",":version":"rv-v384-c8ix.kjv7",":created_at":"2026-06-13T17:29:18.307Z",":updated_at":"2026-06-13T17:29:18.307Z"}},{"type":"Feature","geometry":{"type":"MultiLineString","coordinates":[[[-122.419648977,37.794411264],[-122.418246843,37.794584302]]]},"properties":{"objectid":"964","agency":null,"regulation":"Time limited","days":"M-Sa","hours":"800-2100","hrs_begin":"800","hrs_end":"2100","regdetails":null,"modified":null,"editor":null,"rpparea1":"A","rpparea2":"C","rpparea3":"G","fid_100":"4739","length_ft":"410","conflict":"0","enacted":null,"created_us":null,"created_da":null,"last_edite":null,"last_edi_1":null,"hrlimit":"2","created_user":null,"created_date":null,"last_edited_user":"MTA","last_edited_date":"2017-05-12 17:17:39-07:00","rpp_sym":"black, 2.5 pt, no dash","mtab_date":null,"mtab_motion":null,"mtab_reso_text":null,"sym_rpp2":"black, 2.5 pt, no dash | 2, M-Sa, 800-2100","globalid":null,"exceptions":"Yes. RPP holders are exempt from time limits.","from_time":"8am","to_time":"9pm","data_as_of":"2017-05-12T17:17:39.000","analysis_neighborhood":"Russian Hill","supervisor_district":"3","data_loaded_at":"2026-06-13T10:29:08.190",":id":"row-shb2_z8df-fmzj",":version":"rv-i4rp_r4g8.vjv9",":created_at":"2026-06-13T17:29:18.307Z",":updated_at":"2026-06-13T17:29:18.307Z"}},{"type":"Feature","geometry":{"type":"MultiLineString","coordinates":[[[-122.427861916,37.793267411],[-122.426453651,37.793446578]]]},"properties":{"objectid":"4922","agency":null,"regulation":"Time limited","days":"M-F","hours":"800-1800","hrs_begin":"800","hrs_end":"1800","regdetails":null,"modified":null,"editor":null,"rpparea1":"G","rpparea2":null,"rpparea3":null,"fid_100":"5843","length_ft":"412","conflict":"0","enacted":null,"created_us":null,"created_da":null,"last_edite":null,"last_edi_1":null,"hrlimit":"2","created_user":null,"created_date":null,"last_edited_user":"MTA","last_edited_date":"2017-05-12 17:13:12-07:00","rpp_sym":"lapis lazuli, 2.5 pt, no dash","mtab_date":null,"mtab_motion":null,"mtab_reso_text":null,"sym_rpp2":"lapis lazuli, 2.5 pt, no dash | 2, M-F, 800-1800","globalid":null,"exceptions":"Yes. RPP holders are exempt from time limits.","from_time":"8am","to_time":"6pm","data_as_of":"2017-05-12T17:13:12.000","analysis_neighborhood":"Pacific Heights","supervisor_district":"2","data_loaded_at":"2026-06-13T10:29:08.190",":id":"row-kcqs.pcv2~d9hv",":version":"rv-yvpq-gr2n-hirh",":created_at":"2026-06-13T17:29:18.307Z",":updated_at":"2026-06-13T17:29:18.307Z"}},{"type":"Feature","geometry":{"type":"MultiLineString","coordinates":[[[-122.446296757,37.785454076],[-122.445139277,37.78560231]]]},"properties":{"objectid":"915","agency":null,"regulation":"Time limited","days":"M-F","hours":"800-1800","hrs_begin":"800","hrs_end":"1800","regdetails":null,"modified":null,"editor":null,"rpparea1":"G","rpparea2":null,"rpparea3":null,"fid_100":"6008","length_ft":"339","conflict":"0","enacted":null,"created_us":null,"created_da":null,"last_edite":null,"last_edi_1":null,"hrlimit":"2","created_user":null,"created_date":null,"last_edited_user":"MTA","last_edited_date":"2017-05-12 17:12:59-07:00","rpp_sym":"lapis lazuli, 2.5 pt, no dash","mtab_date":null,"mtab_motion":null,"mtab_reso_text":null,"sym_rpp2":"lapis lazuli, 2.5 pt, no dash | 2, M-F, 800-1800","globalid":null,"exceptions":"Yes. RPP holders are exempt from time limits.","from_time":"8am","to_time":"6pm","data_as_of":"2017-05-12T17:12:59.000","analysis_neighborhood":"Presidio Heights","supervisor_district":"2","data_loaded_at":"2026-06-13T10:29:08.190",":id":"row-yayj-bwat.zrmb",":version":"rv-ubfe.5vfz.v62i",":created_at":"2026-06-13T17:29:18.307Z",":updated_at":"2026-06-13T17:29:18.307Z"}},{"type":"Feature","geometry":{"type":"MultiLineString","coordinates":[[[-122.446366195,37.792711292],[-122.446253512,37.791977622]]]},"properties":{"objectid":"2920","agency":null,"regulation":"Time limited","days":"M-F","hours":"800-1800","hrs_begin":"800","hrs_end":"1800","regdetails":null,"modified":null,"editor":null,"rpparea1":"G","rpparea2":"K","rpparea3":null,"fid_100":"5913","length_ft":"269","conflict":"0","enacted":null,"created_us":null,"created_da":null,"last_edite":null,"last_edi_1":null,"hrlimit":"3","created_user":null,"created_date":null,"last_edited_user":"MTA","last_edited_date":"2017-05-12 17:13:11-07:00","rpp_sym":"lapis lazuli, 2.5 pt, dash 3:1, interval 2","mtab_date":null,"mtab_motion":null,"mtab_reso_text":null,"sym_rpp2":"lapis lazuli, 2.5 pt, dash 3:1, interval 2 | 3, M-F, 800-1800","globalid":null,"exceptions":"Yes. RPP holders are exempt from time limits.","from_time":"8am","to_time":"6pm","data_as_of":"2017-05-12T17:13:11.000","analysis_neighborhood":"Pacific Heights","supervisor_district":"2","data_loaded_at":"2026-06-13T10:29:08.190",":id":"row-i49k.yu5a_tvck",":version":"rv-tet4_6mks-6te8",":created_at":"2026-06-13T17:29:18.307Z",":updated_at":"2026-06-13T17:29:18.307Z"}},{"type":"Feature","geometry":{"type":"MultiLineString","coordinates":[[[-122.446014006,37.791066866],[-122.444609291,37.79124502]]]},"properties":{"objectid":"6450","agency":null,"regulation":"Time limited","days":"M-F","hours":"800-1800","hrs_begin":"800","hrs_end":"1800","regdetails":null,"modified":null,"editor":null,"rpparea1":"G","rpparea2":null,"rpparea3":null,"fid_100":"5940","length_ft":"411","conflict":"0","enacted":null,"created_us":null,"created_da":null,"last_edite":null,"last_edi_1":null,"hrlimit":"3","created_user":null,"created_date":null,"last_edited_user":"MTA","last_edited_date":"2017-05-12 17:13:24-07:00","rpp_sym":"lapis lazuli, 2.5 pt, dash 3:1, interval 2","mtab_date":null,"mtab_motion":null,"mtab_reso_text":null,"sym_rpp2":"lapis lazuli, 2.5 pt, dash 3:1, interval 2 | 3, M-F, 800-1800","globalid":null,"exceptions":"Yes. RPP holders are exempt from time limits.","from_time":"8am","to_time":"6pm","data_as_of":"2017-05-12T17:13:24.000","analysis_neighborhood":"Pacific Heights","supervisor_district":"2","data_loaded_at":"2026-06-13T10:29:08.190",":id":"row-5x8s_zqva-2amq",":version":"rv-yjti-ghdp~zbym",":created_at":"2026-06-13T17:29:18.307Z",":updated_at":"2026-06-13T17:29:18.307Z"}},{"type":"Feature","geometry":{"type":"MultiLineString","coordinates":[[[-122.426605112,37.795418261],[-122.425224294,37.79559441]]]},"properties":{"objectid":"7156","agency":null,"regulation":"Time limited","days":"M-F","hours":"800-1800","hrs_begin":"800","hrs_end":"1800","regdetails":null,"modified":null,"editor":null,"rpparea1":"G","rpparea2":"K","rpparea3":null,"fid_100":"6097","length_ft":"404","conflict":"0","enacted":null,"created_us":null,"created_da":null,"last_edite":null,"last_edi_1":null,"hrlimit":"2","created_user":null,"created_date":null,"last_edited_user":"MTA","last_edited_date":"2017-05-12 17:13:10-07:00","rpp_sym":"lapis lazuli, 2.5 pt, no dash","mtab_date":null,"mtab_motion":null,"mtab_reso_text":null,"sym_rpp2":"lapis lazuli, 2.5 pt, no dash | 2, M-F, 800-1800","globalid":null,"exceptions":"Yes. RPP holders are exempt from time limits.","from_time":"8am","to_time":"6pm","data_as_of":"2017-05-12T17:13:10.000","analysis_neighborhood":"Pacific Heights","supervisor_district":"2","data_loaded_at":"2026-06-13T10:29:08.190",":id":"row-i7ih.ma46_p8qx",":version":"rv-ef6z~wvfy_2zfu",":created_at":"2026-06-13T17:29:18.307Z",":updated_at":"2026-06-13T17:29:18.307Z"}},{"type":"Feature","geometry":{"type":"MultiLineString","coordinates":[[[-122.434107297,37.792582673],[-122.433359769,37.7926776]]]},"properties":{"objectid":"1189","agency":null,"regulation":"Time limited","days":"M-F","hours":"800-1800","hrs_begin":"800","hrs_end":"1800","regdetails":null,"modified":null,"editor":null,"rpparea1":"G","rpparea2":null,"rpparea3":null,"fid_100":"5904","length_ft":"219","conflict":"0","enacted":null,"created_us":null,"created_da":null,"last_edite":null,"last_edi_1":null,"hrlimit":"2","created_user":null,"created_date":null,"last_edited_user":"MTA","last_edited_date":"2017-05-12 17:13:15-07:00","rpp_sym":"lapis lazuli, 2.5 pt, no dash","mtab_date":null,"mtab_motion":null,"mtab_reso_text":null,"sym_rpp2":"lapis lazuli, 2.5 pt, no dash | 2, M-F, 800-1800","globalid":null,"exceptions":"Yes. RPP holders are exempt from time limits.","from_time":"8am","to_time":"6pm","data_as_of":"2017-05-12T17:13:15.000","analysis_neighborhood":"Pacific Heights","supervisor_district":"2","data_loaded_at":"2026-06-13T10:29:08.190",":id":"row-6gmm-zpjn~rbs4",":version":"rv-ttbg.b4dq~8grn",":created_at":"2026-06-13T17:29:18.307Z",":updated_at":"2026-06-13T17:29:18.307Z"}},{"type":"Feature","geometry":{"type":"MultiLineString","coordinates":[[[-122.434042454,37.791688333],[-122.432880283,37.791836156]]]},"properties":{"objectid":"1177","agency":null,"regulation":"Time limited","days":"M-F","hours":"800-1800","hrs_begin":"800","hrs_end":"1800","regdetails":null,"modified":null,"editor":null,"rpparea1":"G","rpparea2":null,"rpparea3":null,"fid_100":"5878","length_ft":"340","conflict":"0","enacted":null,"created_us":null,"created_da":null,"last_edite":null,"last_edi_1":null,"hrlimit":"2","created_user":null,"created_date":null,"last_edited_user":"MTA","last_edited_date":"2017-05-12 17:13:12-07:00","rpp_sym":"lapis lazuli, 2.5 pt, no dash","mtab_date":null,"mtab_motion":null,"mtab_reso_text":null,"sym_rpp2":"lapis lazuli, 2.5 pt, no dash | 2, M-F, 800-1800","globalid":null,"exceptions":"Yes. RPP holders are exempt from time limits.","from_time":"8am","to_time":"6pm","data_as_of":"2017-05-12T17:13:12.000","analysis_neighborhood":"Pacific Heights","supervisor_district":"2","data_loaded_at":"2026-06-13T10:29:08.190",":id":"row-499b-hbev~fvs3",":version":"rv-b75i-dsdj_8s4g",":created_at":"2026-06-13T17:29:18.307Z",":updated_at":"2026-06-13T17:29:18.307Z"}},{"type":"Feature","geometry":{"type":"MultiLineString","coordinates":[[[-122.431493913,37.794625158],[-122.430102557,37.794802938]]]},"properties":{"objectid":"3729","agency":null,"regulation":"Time limited","days":"M-F","hours":"800-1800","hrs_begin":"800","hrs_end":"1800","regdetails":null,"modified":null,"editor":null,"rpparea1":"G","rpparea2":"K","rpparea3":null,"fid_100":"5814","length_ft":"407","conflict":"0","enacted":null,"created_us":null,"created_da":null,"last_edite":null,"last_edi_1":null,"hrlimit":"2","created_user":null,"created_date":null,"last_edited_user":"MTA","last_edited_date":"2017-05-12 17:13:39-07:00","rpp_sym":"lapis lazuli, 2.5 pt, no dash","mtab_date":null,"mtab_motion":null,"mtab_reso_text":null,"sym_rpp2":"lapis lazuli, 2.5 pt, no dash | 2, M-F, 800-1800","globalid":null,"exceptions":"Yes. RPP holders are exempt from time limits.","from_time":"8am","to_time":"6pm","data_as_of":"2017-05-12T17:13:39.000","analysis_neighborhood":"Pacific Heights","supervisor_district":"2","data_loaded_at":"2026-06-13T10:29:08.190",":id":"row-d24r-gmbw_fczt",":version":"rv-i3dq-g4cb~gyur",":created_at":"2026-06-13T17:29:18.307Z",":updated_at":"2026-06-13T17:29:18.307Z"}},{"type":"Feature","geometry":{"type":"MultiLineString","coordinates":[[[-122.426429235,37.794314161],[-122.4262885,37.793617337]]]},"properties":{"objectid":"4940","agency":null,"regulation":"Time limited","days":"M-F","hours":"800-1800","hrs_begin":"800","hrs_end":"1800","regdetails":null,"modified":null,"editor":null,"rpparea1":"G","rpparea2":null,"rpparea3":null,"fid_100":"5839","length_ft":"257","conflict":"0","enacted":null,"created_us":null,"created_da":null,"last_edite":null,"last_edi_1":null,"hrlimit":"2","created_user":null,"created_date":null,"last_edited_user":"MTA","last_edited_date":"2017-05-12 17:13:24-07:00","rpp_sym":"lapis lazuli, 2.5 pt, no dash","mtab_date":null,"mtab_motion":null,"mtab_reso_text":null,"sym_rpp2":"lapis lazuli, 2.5 pt, no dash | 2, M-F, 800-1800","globalid":null,"exceptions":"Yes. RPP holders are exempt from time limits.","from_time":"8am","to_time":"6pm","data_as_of":"2017-05-12T17:13:24.000","analysis_neighborhood":"Pacific Heights","supervisor_district":"2","data_loaded_at":"2026-06-13T10:29:08.190",":id":"row-49jr_kvyj-3bup",":version":"rv-46fj~z42h.zaq6",":created_at":"2026-06-13T17:29:18.307Z",":updated_at":"2026-06-13T17:29:18.307Z"}},{"type":"Feature","geometry":{"type":"MultiLineString","coordinates":[[[-122.42457291,37.793795559],[-122.42326878,37.793960967]]]},"properties":{"objectid":"6027","agency":null,"regulation":"Time limited","days":"M-Sa","hours":"800-2300","hrs_begin":"800","hrs_end":"2300","regdetails":"MON - FRI: 8AM - 11PM; SAT: 5PM - 11PM","modified":"2015-01-08 16:00:00-08:00","editor":"Mark C. Dreger","rpparea1":"G","rpparea2":null,"rpparea3":null,"fid_100":"5851","length_ft":"382","conflict":"0","enacted":null,"created_us":null,"created_da":null,"last_edite":null,"last_edi_1":null,"hrlimit":"2","created_user":null,"created_date":null,"last_edited_user":"MTA","last_edited_date":"2017-05-12 17:19:20-07:00","rpp_sym":"leaf green, 2.5 pt, no dash","mtab_date":null,"mtab_motion":null,"mtab_reso_text":null,"sym_rpp2":"leaf green, 2.5 pt, no dash | 2, M-Sa, 800-2300","globalid":null,"exceptions":"Yes. RPP holders are exempt from time limits.","from_time":"8am","to_time":"11pm","data_as_of":"2017-05-12T17:19:20.000","analysis_neighborhood":"Pacific Heights","supervisor_district":"2","data_loaded_at":"2026-06-13T10:29:08.190",":id":"row-p4yr~mjg5_kehr",":version":"rv-4v9y-fumu~gdpx",":created_at":"2026-06-13T17:29:18.307Z",":updated_at":"2026-06-13T17:29:18.307Z"}},{"type":"Feature","geometry":{"type":"MultiLineString","coordinates":[[[-122.424585068,37.79273355],[-122.424449128,37.79206238]]]},"properties":{"objectid":"6376","agency":null,"regulation":"Time limited","days":"M-Sa","hours":"800-2300","hrs_begin":"800","hrs_end":"2300","regdetails":"MON - FRI: 8AM - 11PM; SAT: 5PM - 11PM","modified":"2015-01-08 16:00:00-08:00","editor":"Mark C. Dreger","rpparea1":"C","rpparea2":"G","rpparea3":null,"fid_100":"5680","length_ft":"248","conflict":"0","enacted":null,"created_us":null,"created_da":null,"last_edite":null,"last_edi_1":null,"hrlimit":"2","created_user":null,"created_date":null,"last_edited_user":"MTA","last_edited_date":"2017-05-12 17:19:20-07:00","rpp_sym":"leaf green, 2.5 pt, no dash","mtab_date":null,"mtab_motion":null,"mtab_reso_text":null,"sym_rpp2":"leaf green, 2.5 pt, no dash | 2, M-Sa, 800-2300","globalid":null,"exceptions":"Yes. RPP holders are exempt from time limits.","from_time":"8am","to_time":"11pm","data_as_of":"2017-05-12T17:19:20.000","analysis_neighborhood":"Pacific Heights","supervisor_district":"2","data_loaded_at":"2026-06-13T10:29:08.190",":id":"row-pe67_z5wd.c2c3",":version":"rv-b8qm.37vh.cpyw",":created_at":"2026-06-13T17:29:18.307Z",":updated_at":"2026-06-13T17:29:18.307Z"}},{"type":"Feature","geometry":{"type":"MultiLineString","coordinates":[[[-122.438238197,37.786346638],[-122.436856974,37.786522149]]]},"properties":{"objectid":"16324","agency":null,"regulation":"Time limited","days":"M-F","hours":"800-1800","hrs_begin":"800","hrs_end":"1800","regdetails":null,"modified":null,"editor":null,"rpparea1":"G","rpparea2":null,"rpparea3":null,"fid_100":"5734","length_ft":"404","conflict":"0","enacted":null,"created_us":null,"created_da":null,"last_edite":null,"last_edi_1":null,"hrlimit":"2","created_user":"RAYNELLCOOPER","created_date":"2024-01-04 15:51:06-08:00","last_edited_user":"RAYNELLCOOPER","last_edited_date":"2024-01-04 15:51:19-08:00","rpp_sym":"lapis lazuli, 2.5 pt, no dash","mtab_date":null,"mtab_motion":null,"mtab_reso_text":null,"sym_rpp2":"lapis lazuli, 2.5 pt, no dash | 2, M-F, 800-1800","globalid":null,"exceptions":"Yes. RPP holders are exempt from time limits.","from_time":"8am","to_time":"6pm","data_as_of":"2024-01-04T15:51:19.000","analysis_neighborhood":"Pacific Heights","supervisor_district":"2","data_loaded_at":"2026-06-13T10:29:08.190",":id":"row-zqw8~5555_xwyp",":version":"rv-vc56-9q8f-if5h",":created_at":"2026-06-13T17:29:18.307Z",":updated_at":"2026-06-13T17:29:18.307Z"}},{"type":"Feature","geometry":{"type":"MultiLineString","coordinates":[[[-122.44452529,37.791104087],[-122.444387452,37.79042148]]]},"properties":{"objectid":"1445","agency":null,"regulation":"Time limited","days":"M-F","hours":"800-1800","hrs_begin":"800","hrs_end":"1800","regdetails":null,"modified":null,"editor":null,"rpparea1":"G","rpparea2":null,"rpparea3":null,"fid_100":"5938","length_ft":"252","conflict":"0","enacted":null,"created_us":null,"created_da":null,"last_edite":null,"last_edi_1":null,"hrlimit":"2","created_user":null,"created_date":null,"last_edited_user":"MTA","last_edited_date":"2017-05-12 17:13:38-07:00","rpp_sym":"lapis lazuli, 2.5 pt, no dash","mtab_date":null,"mtab_motion":null,"mtab_reso_text":null,"sym_rpp2":"lapis lazuli, 2.5 pt, no dash | 2, M-F, 800-1800","globalid":null,"exceptions":"Yes. RPP holders are exempt from time limits.","from_time":"8am","to_time":"6pm","data_as_of":"2017-05-12T17:13:38.000","analysis_neighborhood":"Pacific Heights","supervisor_district":"2","data_loaded_at":"2026-06-13T10:29:08.190",":id":"row-8bh6-7ekw~s4z7",":version":"rv-qkkr-q8jf-qhih",":created_at":"2026-06-13T17:29:18.307Z",":updated_at":"2026-06-13T17:29:18.307Z"}},{"type":"Feature","geometry":{"type":"MultiLineString","coordinates":[[[-122.440480244,37.789068713],[-122.439088908,37.789245785]]]},"properties":{"objectid":"328","agency":null,"regulation":"Time limited","days":"M-F","hours":"800-1800","hrs_begin":"800","hrs_end":"1800","regdetails":null,"modified":null,"editor":null,"rpparea1":"G","rpparea2":null,"rpparea3":null,"fid_100":"5746","length_ft":"407","conflict":"0","enacted":null,"created_us":null,"created_da":null,"last_edite":null,"last_edi_1":null,"hrlimit":"2","created_user":null,"created_date":null,"last_edited_user":"MTA","last_edited_date":"2017-05-12 17:13:37-07:00","rpp_sym":"lapis lazuli, 2.5 pt, no dash","mtab_date":null,"mtab_motion":null,"mtab_reso_text":null,"sym_rpp2":"lapis lazuli, 2.5 pt, no dash | 2, M-F, 800-1800","globalid":null,"exceptions":"Yes. RPP holders are exempt from time limits.","from_time":"8am","to_time":"6pm","data_as_of":"2017-05-12T17:13:37.000","analysis_neighborhood":"Pacific Heights","supervisor_district":"2","data_loaded_at":"2026-06-13T10:29:08.190",":id":"row-pb7j_xhbn~ud5g",":version":"rv-sif2-8kuw.8pne",":created_at":"2026-06-13T17:29:18.307Z",":updated_at":"2026-06-13T17:29:18.307Z"}},{"type":"Feature","geometry":{"type":"MultiLineString","coordinates":[[[-122.448567002,37.787878028],[-122.448426855,37.787180546]]]},"properties":{"objectid":"6597","agency":null,"regulation":"Time limited","days":"M-F","hours":"900-1600","hrs_begin":"900","hrs_end":"1600","regdetails":null,"modified":"2015-01-07 16:00:00-08:00","editor":"Mark C. Dreger","rpparea1":"F","rpparea2":"G","rpparea3":null,"fid_100":"6102","length_ft":"257","conflict":"0","enacted":null,"created_us":null,"created_da":null,"last_edite":null,"last_edi_1":null,"hrlimit":"2","created_user":null,"created_date":null,"last_edited_user":"MTA","last_edited_date":"2017-05-12 17:10:56-07:00","rpp_sym":"seville orange, 2.5 pt, no dash","mtab_date":null,"mtab_motion":null,"mtab_reso_text":null,"sym_rpp2":"seville orange, 2.5 pt, no dash | 2, M-F, 900-1600","globalid":null,"exceptions":"Yes. RPP holders are exempt from time limits.","from_time":"9am","to_time":"4pm","data_as_of":"2017-05-12T17:10:56.000","analysis_neighborhood":"Presidio Heights","supervisor_district":"2","data_loaded_at":"2026-06-13T10:29:08.190",":id":"row-jibb.k5kc~9mjh",":version":"rv-pbmw~b7px-r76v",":created_at":"2026-06-13T17:29:18.307Z",":updated_at":"2026-06-13T17:29:18.307Z"}},{"type":"Feature","geometry":{"type":"MultiLineString","coordinates":[[[-122.440468269,37.788961824],[-122.439075756,37.789139679]]]},"properties":{"objectid":"5682","agency":null,"regulation":"Time limited","days":"M-F","hours":"800-1800","hrs_begin":"800","hrs_end":"1800","regdetails":null,"modified":null,"editor":null,"rpparea1":"G","rpparea2":null,"rpparea3":null,"fid_100":"5747","length_ft":"408","conflict":"0","enacted":null,"created_us":null,"created_da":null,"last_edite":null,"last_edi_1":null,"hrlimit":"2","created_user":null,"created_date":null,"last_edited_user":"MTA","last_edited_date":"2017-05-12 17:13:28-07:00","rpp_sym":"lapis lazuli, 2.5 pt, no dash","mtab_date":null,"mtab_motion":null,"mtab_reso_text":null,"sym_rpp2":"lapis lazuli, 2.5 pt, no dash | 2, M-F, 800-1800","globalid":null,"exceptions":"Yes. RPP holders are exempt from time limits.","from_time":"8am","to_time":"6pm","data_as_of":"2017-05-12T17:13:28.000","analysis_neighborhood":"Pacific Heights","supervisor_district":"2","data_loaded_at":"2026-06-13T10:29:08.190",":id":"row-5sfq~ykzg~fb6z",":version":"rv-2ahb_tchv~duu2",":created_at":"2026-06-13T17:29:18.307Z",":updated_at":"2026-06-13T17:29:18.307Z"}},{"type":"Feature","geometry":{"type":"MultiLineString","coordinates":[[[-122.439899089,37.793533913],[-122.439754361,37.792816799]]]},"properties":{"objectid":"4842","agency":null,"regulation":"Time limited","days":"M-F","hours":"800-1800","hrs_begin":"800","hrs_end":"1800","regdetails":null,"modified":null,"editor":null,"rpparea1":"G","rpparea2":"K","rpparea3":null,"fid_100":"5887","length_ft":"264","conflict":"0","enacted":null,"created_us":null,"created_da":null,"last_edite":null,"last_edi_1":null,"hrlimit":"2","created_user":null,"created_date":null,"last_edited_user":"MTA","last_edited_date":"2017-05-12 17:13:28-07:00","rpp_sym":"lapis lazuli, 2.5 pt, no dash","mtab_date":null,"mtab_motion":null,"mtab_reso_text":null,"sym_rpp2":"lapis lazuli, 2.5 pt, no dash | 2, M-F, 800-1800","globalid":null,"exceptions":"Yes. RPP holders are exempt from time limits.","from_time":"8am","to_time":"6pm","data_as_of":"2017-05-12T17:13:28.000","analysis_neighborhood":"Pacific Heights","supervisor_district":"2","data_loaded_at":"2026-06-13T10:29:08.190",":id":"row-9xat_j68s_6v7v",":version":"rv-9ikf-vrnc.ct9b",":created_at":"2026-06-13T17:29:18.307Z",":updated_at":"2026-06-13T17:29:18.307Z"}},{"type":"Feature","geometry":{"type":"MultiLineString","coordinates":[[[-122.43793251,37.792147421],[-122.438072507,37.79283367]]]},"properties":{"objectid":"4148","agency":null,"regulation":"Time limited","days":"M-F","hours":"800-1800","hrs_begin":"800","hrs_end":"1800","regdetails":null,"modified":null,"editor":null,"rpparea1":"G","rpparea2":null,"rpparea3":null,"fid_100":"5789","length_ft":"253","conflict":"0","enacted":null,"created_us":null,"created_da":null,"last_edite":null,"last_edi_1":null,"hrlimit":"2","created_user":null,"created_date":null,"last_edited_user":"MTA","last_edited_date":"2017-05-12 17:13:36-07:00","rpp_sym":"lapis lazuli, 2.5 pt, no dash","mtab_date":null,"mtab_motion":null,"mtab_reso_text":null,"sym_rpp2":"lapis lazuli, 2.5 pt, no dash | 2, M-F, 800-1800","globalid":null,"exceptions":"Yes. RPP holders are exempt from time limits.","from_time":"8am","to_time":"6pm","data_as_of":"2017-05-12T17:13:36.000","analysis_neighborhood":"Pacific Heights","supervisor_district":"2","data_loaded_at":"2026-06-13T10:29:08.190",":id":"row-svp3_jfkm~6ema",":version":"rv-6eed.m89m.8cx7",":created_at":"2026-06-13T17:29:18.307Z",":updated_at":"2026-06-13T17:29:18.307Z"}},{"type":"Feature","geometry":{"type":"MultiLineString","coordinates":[[[-122.427882588,37.793373509],[-122.426473931,37.793551776]]]},"properties":{"objectid":"2689","agency":null,"regulation":"Time limited","days":"M-F","hours":"800-1800","hrs_begin":"800","hrs_end":"1800","regdetails":null,"modified":null,"editor":null,"rpparea1":"G","rpparea2":null,"rpparea3":null,"fid_100":"5842","length_ft":"412","conflict":"0","enacted":null,"created_us":null,"created_da":null,"last_edite":null,"last_edi_1":null,"hrlimit":"2","created_user":null,"created_date":null,"last_edited_user":"MTA","last_edited_date":"2017-05-12 17:13:27-07:00","rpp_sym":"lapis lazuli, 2.5 pt, no dash","mtab_date":null,"mtab_motion":null,"mtab_reso_text":null,"sym_rpp2":"lapis lazuli, 2.5 pt, no dash | 2, M-F, 800-1800","globalid":null,"exceptions":"Yes. RPP holders are exempt from time limits.","from_time":"8am","to_time":"6pm","data_as_of":"2017-05-12T17:13:27.000","analysis_neighborhood":"Pacific Heights","supervisor_district":"2","data_loaded_at":"2026-06-13T10:29:08.190",":id":"row-a3tx.biga~rezk",":version":"rv-k5n6~waeu-ffnb",":created_at":"2026-06-13T17:29:18.307Z",":updated_at":"2026-06-13T17:29:18.307Z"}},{"type":"Feature","geometry":{"type":"MultiLineString","coordinates":[[[-122.42476453,37.794515868],[-122.424627438,37.793836149]]]},"properties":{"objectid":"3407","agency":null,"regulation":"Time limited","days":"M-F","hours":"800-1800","hrs_begin":"800","hrs_end":"1800","regdetails":null,"modified":null,"editor":null,"rpparea1":"C","rpparea2":"G","rpparea3":null,"fid_100":"5854","length_ft":"251","conflict":"0","enacted":null,"created_us":null,"created_da":null,"last_edite":null,"last_edi_1":null,"hrlimit":"2","created_user":null,"created_date":null,"last_edited_user":"MTA","last_edited_date":"2017-05-12 17:13:03-07:00","rpp_sym":"lapis lazuli, 2.5 pt, no dash","mtab_date":null,"mtab_motion":null,"mtab_reso_text":null,"sym_rpp2":"lapis lazuli, 2.5 pt, no dash | 2, M-F, 800-1800","globalid":null,"exceptions":"Yes. RPP holders are exempt from time limits.","from_time":"8am","to_time":"6pm","data_as_of":"2017-05-12T17:13:03.000","analysis_neighborhood":"Pacific Heights","supervisor_district":"2","data_loaded_at":"2026-06-13T10:29:08.190",":id":"row-mznp_b52w~9ura",":version":"rv-6f2n.5ue8~jgxp",":created_at":"2026-06-13T17:29:18.307Z",":updated_at":"2026-06-13T17:29:18.307Z"}},{"type":"Feature","geometry":{"type":"MultiLineString","coordinates":[[[-122.442522366,37.789554645],[-122.442383236,37.788869282]]]},"properties":{"objectid":"1615","agency":null,"regulation":"Time limited","days":"M-F","hours":"800-1800","hrs_begin":"800","hrs_end":"1800","regdetails":null,"modified":null,"editor":null,"rpparea1":"G","rpparea2":null,"rpparea3":null,"fid_100":"5958","length_ft":"253","conflict":"0","enacted":null,"created_us":null,"created_da":null,"last_edite":null,"last_edi_1":null,"hrlimit":"2","created_user":null,"created_date":null,"last_edited_user":"MTA","last_edited_date":"2017-05-12 17:12:59-07:00","rpp_sym":"lapis lazuli, 2.5 pt, no dash","mtab_date":null,"mtab_motion":null,"mtab_reso_text":null,"sym_rpp2":"lapis lazuli, 2.5 pt, no dash | 2, M-F, 800-1800","globalid":null,"exceptions":"Yes. RPP holders are exempt from time limits.","from_time":"8am","to_time":"6pm","data_as_of":"2017-05-12T17:12:59.000","analysis_neighborhood":"Pacific Heights","supervisor_district":"2","data_loaded_at":"2026-06-13T10:29:08.190",":id":"row-mqxx~ytmt-h3r9",":version":"rv-9ik5.rcbu-ikxf",":created_at":"2026-06-13T17:29:18.307Z",":updated_at":"2026-06-13T17:29:18.307Z"}},{"type":"Feature","geometry":{"type":"MultiLineString","coordinates":[[[-122.441180859,37.792476047],[-122.439793095,37.792652629]]]},"properties":{"objectid":"641","agency":null,"regulation":"Time limited","days":"M-F","hours":"800-1800","hrs_begin":"800","hrs_end":"1800","regdetails":null,"modified":null,"editor":null,"rpparea1":"G","rpparea2":null,"rpparea3":null,"fid_100":"5884","length_ft":"406","conflict":"0","enacted":null,"created_us":null,"created_da":null,"last_edite":null,"last_edi_1":null,"hrlimit":"2","created_user":null,"created_date":null,"last_edited_user":"MTA","last_edited_date":"2017-05-12 17:13:12-07:00","rpp_sym":"lapis lazuli, 2.5 pt, no dash","mtab_date":null,"mtab_motion":null,"mtab_reso_text":null,"sym_rpp2":"lapis lazuli, 2.5 pt, no dash | 2, M-F, 800-1800","globalid":null,"exceptions":"Yes. RPP holders are exempt from time limits.","from_time":"8am","to_time":"6pm","data_as_of":"2017-05-12T17:13:12.000","analysis_neighborhood":"Pacific Heights","supervisor_district":"2","data_loaded_at":"2026-06-13T10:29:08.190",":id":"row-ny54~zump~bcme",":version":"rv-asnk~sgbn.h2vd",":created_at":"2026-06-13T17:29:18.307Z",":updated_at":"2026-06-13T17:29:18.307Z"}},{"type":"Feature","geometry":{"type":"MultiLineString","coordinates":[[[-122.427041978,37.788330415],[-122.427111179,37.788671747]]]},"properties":{"objectid":"5726","agency":null,"regulation":"Time limited","days":"M-F","hours":"800-1800","hrs_begin":"800","hrs_end":"1800","regdetails":null,"modified":null,"editor":null,"rpparea1":"G","rpparea2":null,"rpparea3":null,"fid_100":"5623","length_ft":"126","conflict":"0","enacted":null,"created_us":null,"created_da":null,"last_edite":null,"last_edi_1":null,"hrlimit":"2","created_user":null,"created_date":null,"last_edited_user":"MTA","last_edited_date":"2017-05-12 17:13:38-07:00","rpp_sym":"lapis lazuli, 2.5 pt, no dash","mtab_date":null,"mtab_motion":null,"mtab_reso_text":null,"sym_rpp2":"lapis lazuli, 2.5 pt, no dash | 2, M-F, 800-1800","globalid":null,"exceptions":"Yes. RPP holders are exempt from time limits.","from_time":"8am","to_time":"6pm","data_as_of":"2017-05-12T17:13:38.000","analysis_neighborhood":"Pacific Heights","supervisor_district":"5","data_loaded_at":"2026-06-13T10:29:08.190",":id":"row-5ikx~bwmh~5rng",":version":"rv-x777.gt6r_7x93",":created_at":"2026-06-13T17:29:18.307Z",":updated_at":"2026-06-13T17:29:18.307Z"}},{"type":"Feature","geometry":{"type":"MultiLineString","coordinates":[[[-122.42534277,37.788173428],[-122.42540431,37.788467737]]]},"properties":{"objectid":"4390","agency":null,"regulation":"Time limited","days":"M-F","hours":"800-1800","hrs_begin":"800","hrs_end":"1800","regdetails":null,"modified":null,"editor":null,"rpparea1":"G","rpparea2":null,"rpparea3":null,"fid_100":"5627","length_ft":"109","conflict":"0","enacted":null,"created_us":null,"created_da":null,"last_edite":null,"last_edi_1":null,"hrlimit":"2","created_user":null,"created_date":null,"last_edited_user":"MTA","last_edited_date":"2017-05-12 17:13:25-07:00","rpp_sym":"lapis lazuli, 2.5 pt, no dash","mtab_date":null,"mtab_motion":null,"mtab_reso_text":null,"sym_rpp2":"lapis lazuli, 2.5 pt, no dash | 2, M-F, 800-1800","globalid":null,"exceptions":"Yes. RPP holders are exempt from time limits.","from_time":"8am","to_time":"6pm","data_as_of":"2017-05-12T17:13:25.000","analysis_neighborhood":"Pacific Heights","supervisor_district":"5","data_loaded_at":"2026-06-13T10:29:08.190",":id":"row-28bc~ep4j.wiat",":version":"rv-ctgc.f6gb~7kgy",":created_at":"2026-06-13T17:29:18.307Z",":updated_at":"2026-06-13T17:29:18.307Z"}},{"type":"Feature","geometry":{"type":"MultiLineString","coordinates":[[[-122.430652254,37.790170465],[-122.430508808,37.789460174]]]},"properties":{"objectid":"5448","agency":null,"regulation":"Time limited","days":"M-F","hours":"800-1800","hrs_begin":"800","hrs_end":"1800","regdetails":null,"modified":null,"editor":null,"rpparea1":"G","rpparea2":null,"rpparea3":null,"fid_100":"5646","length_ft":"262","conflict":"0","enacted":null,"created_us":null,"created_da":null,"last_edite":null,"last_edi_1":null,"hrlimit":"2","created_user":null,"created_date":null,"last_edited_user":"MTA","last_edited_date":"2017-05-12 17:13:25-07:00","rpp_sym":"lapis lazuli, 2.5 pt, no dash","mtab_date":null,"mtab_motion":null,"mtab_reso_text":null,"sym_rpp2":"lapis lazuli, 2.5 pt, no dash | 2, M-F, 800-1800","globalid":null,"exceptions":"Yes. RPP holders are exempt from time limits.","from_time":"8am","to_time":"6pm","data_as_of":"2017-05-12T17:13:25.000","analysis_neighborhood":"Pacific Heights","supervisor_district":"2","data_loaded_at":"2026-06-13T10:29:08.190",":id":"row-fc8b_sgx9_7n6h",":version":"rv-496r_8auk-p2jr",":created_at":"2026-06-13T17:29:18.307Z",":updated_at":"2026-06-13T17:29:18.307Z"}},{"type":"Feature","geometry":{"type":"MultiLineString","coordinates":[[[-122.446519565,37.792870333],[-122.444970853,37.793060156]]]},"properties":{"objectid":"2817","agency":null,"regulation":"Time limited","days":"M-F","hours":"800-1800","hrs_begin":"800","hrs_end":"1800","regdetails":null,"modified":null,"editor":null,"rpparea1":"G","rpparea2":"K","rpparea3":null,"fid_100":"6054","length_ft":"453","conflict":"0","enacted":null,"created_us":null,"created_da":null,"last_edite":null,"last_edi_1":null,"hrlimit":"3","created_user":null,"created_date":null,"last_edited_user":"MTA","last_edited_date":"2017-05-12 17:13:11-07:00","rpp_sym":"lapis lazuli, 2.5 pt, dash 3:1, interval 2","mtab_date":null,"mtab_motion":null,"mtab_reso_text":null,"sym_rpp2":"lapis lazuli, 2.5 pt, dash 3:1, interval 2 | 3, M-F, 800-1800","globalid":null,"exceptions":"Yes. RPP holders are exempt from time limits.","from_time":"8am","to_time":"6pm","data_as_of":"2017-05-12T17:13:11.000","analysis_neighborhood":"Pacific Heights, Presidio","supervisor_district":"2","data_loaded_at":"2026-06-13T10:29:08.190",":id":"row-khk6~jz9w~7au9",":version":"rv-3q5v_at7v-vm64",":created_at":"2026-06-13T17:29:18.307Z",":updated_at":"2026-06-13T17:29:18.307Z"}},{"type":"Feature","geometry":{"type":"MultiLineString","coordinates":[[[-122.44221109,37.788690365],[-122.442067808,37.787984653]]]},"properties":{"objectid":"625","agency":null,"regulation":"Time limited","days":"M-F","hours":"800-1800","hrs_begin":"800","hrs_end":"1800","regdetails":null,"modified":null,"editor":null,"rpparea1":"G","rpparea2":null,"rpparea3":null,"fid_100":"5961","length_ft":"260","conflict":"0","enacted":null,"created_us":null,"created_da":null,"last_edite":null,"last_edi_1":null,"hrlimit":"2","created_user":null,"created_date":null,"last_edited_user":"MTA","last_edited_date":"2017-05-12 17:13:28-07:00","rpp_sym":"lapis lazuli, 2.5 pt, no dash","mtab_date":null,"mtab_motion":null,"mtab_reso_text":null,"sym_rpp2":"lapis lazuli, 2.5 pt, no dash | 2, M-F, 800-1800","globalid":null,"exceptions":"Yes. RPP holders are exempt from time limits.","from_time":"8am","to_time":"6pm","data_as_of":"2017-05-12T17:13:28.000","analysis_neighborhood":"Pacific Heights","supervisor_district":"2","data_loaded_at":"2026-06-13T10:29:08.190",":id":"row-28xc.dnzx.jxex",":version":"rv-5g9f_ahkn_pwye",":created_at":"2026-06-13T17:29:18.307Z",":updated_at":"2026-06-13T17:29:18.307Z"}},{"type":"Feature","geometry":{"type":"MultiLineString","coordinates":[[[-122.429320059,37.792179073],[-122.427798353,37.792371888]]]},"properties":{"objectid":"941","agency":null,"regulation":"Time limited","days":"M-F","hours":"800-1800","hrs_begin":"800","hrs_end":"1800","regdetails":null,"modified":null,"editor":null,"rpparea1":"G","rpparea2":null,"rpparea3":null,"fid_100":"5865","length_ft":"445","conflict":"0","enacted":null,"created_us":null,"created_da":null,"last_edite":null,"last_edi_1":null,"hrlimit":"2","created_user":null,"created_date":null,"last_edited_user":"MTA","last_edited_date":"2017-05-12 17:13:00-07:00","rpp_sym":"lapis lazuli, 2.5 pt, no dash","mtab_date":null,"mtab_motion":null,"mtab_reso_text":null,"sym_rpp2":"lapis lazuli, 2.5 pt, no dash | 2, M-F, 800-1800","globalid":null,"exceptions":"Yes. RPP holders are exempt from time limits.","from_time":"8am","to_time":"6pm","data_as_of":"2017-05-12T17:13:00.000","analysis_neighborhood":"Pacific Heights","supervisor_district":"2","data_loaded_at":"2026-06-13T10:29:08.190",":id":"row-4jqr_gn5m-awd4",":version":"rv-gxur_r953~ict5",":created_at":"2026-06-13T17:29:18.307Z",":updated_at":"2026-06-13T17:29:18.307Z"}},{"type":"Feature","geometry":{"type":"MultiLineString","coordinates":[[[-122.424368292,37.792806437],[-122.423703145,37.792890691]]]},"properties":{"objectid":"4967","agency":null,"regulation":"Time limited","days":"M-Sa","hours":"800-2300","hrs_begin":"800","hrs_end":"2300","regdetails":"MON - FRI: 8AM - 11PM; SAT: 5PM - 11PM","modified":"2015-01-08 16:00:00-08:00","editor":"Mark C. Dreger","rpparea1":"G","rpparea2":null,"rpparea3":null,"fid_100":"5862","length_ft":"195","conflict":"0","enacted":null,"created_us":null,"created_da":null,"last_edite":null,"last_edi_1":null,"hrlimit":"2","created_user":null,"created_date":null,"last_edited_user":"MTA","last_edited_date":"2017-05-12 17:19:20-07:00","rpp_sym":"leaf green, 2.5 pt, no dash","mtab_date":null,"mtab_motion":null,"mtab_reso_text":null,"sym_rpp2":"leaf green, 2.5 pt, no dash | 2, M-Sa, 800-2300","globalid":null,"exceptions":"Yes. RPP holders are exempt from time limits.","from_time":"8am","to_time":"11pm","data_as_of":"2017-05-12T17:19:20.000","analysis_neighborhood":"Pacific Heights","supervisor_district":"2","data_loaded_at":"2026-06-13T10:29:08.190",":id":"row-jrgy~4p3e.qywq",":version":"rv-s8wj.y35k-3nfx",":created_at":"2026-06-13T17:29:18.307Z",":updated_at":"2026-06-13T17:29:18.307Z"}},{"type":"Feature","geometry":{"type":"MultiLineString","coordinates":[[[-122.442172453,37.788745488],[-122.441034964,37.788893341]]]},"properties":{"objectid":"1150","agency":null,"regulation":"Time limited","days":"M-F","hours":"800-1800","hrs_begin":"800","hrs_end":"1800","regdetails":null,"modified":null,"editor":null,"rpparea1":"G","rpparea2":null,"rpparea3":null,"fid_100":"5963","length_ft":"411","conflict":"0","enacted":null,"created_us":null,"created_da":null,"last_edite":null,"last_edi_1":null,"hrlimit":"2","created_user":null,"created_date":null,"last_edited_user":"RAYNELLCOOPER","last_edited_date":"2022-04-04 14:06:54-07:00","rpp_sym":"lapis lazuli, 2.5 pt, no dash","mtab_date":null,"mtab_motion":null,"mtab_reso_text":null,"sym_rpp2":"lapis lazuli, 2.5 pt, no dash | 2, M-F, 800-1800","globalid":null,"exceptions":"Yes. RPP holders are exempt from time limits.","from_time":"8am","to_time":"6pm","data_as_of":"2022-04-04T14:06:54.000","analysis_neighborhood":"Pacific Heights","supervisor_district":"2","data_loaded_at":"2026-06-13T10:29:08.190",":id":"row-b2d7-7g7k_zmct",":version":"rv-xcj7-nqud_e93k",":created_at":"2026-06-13T17:29:18.307Z",":updated_at":"2026-06-13T17:29:18.307Z"}},{"type":"Feature","geometry":{"type":"MultiLineString","coordinates":[[[-122.433340934,37.78710361],[-122.431977408,37.78727767]]]},"properties":{"objectid":"2709","agency":null,"regulation":"Time limited","days":"M-F","hours":"800-1800","hrs_begin":"800","hrs_end":"1800","regdetails":null,"modified":null,"editor":null,"rpparea1":"G","rpparea2":null,"rpparea3":null,"fid_100":"5599","length_ft":"399","conflict":"0","enacted":null,"created_us":null,"created_da":null,"last_edite":null,"last_edi_1":null,"hrlimit":"2","created_user":null,"created_date":null,"last_edited_user":"MTA","last_edited_date":"2017-05-12 17:13:15-07:00","rpp_sym":"lapis lazuli, 2.5 pt, no dash","mtab_date":null,"mtab_motion":null,"mtab_reso_text":null,"sym_rpp2":"lapis lazuli, 2.5 pt, no dash | 2, M-F, 800-1800","globalid":null,"exceptions":"Yes. RPP holders are exempt from time limits.","from_time":"8am","to_time":"6pm","data_as_of":"2017-05-12T17:13:15.000","analysis_neighborhood":"Pacific Heights","supervisor_district":"5","data_loaded_at":"2026-06-13T10:29:08.190",":id":"row-mvnc-rk8x_eggm",":version":"rv-2twg-g4bc.xcn7",":created_at":"2026-06-13T17:29:18.307Z",":updated_at":"2026-06-13T17:29:18.307Z"}},{"type":"Feature","geometry":{"type":"MultiLineString","coordinates":[[[-122.436246988,37.793099908],[-122.434855643,37.793277748]]]},"properties":{"objectid":"1728","agency":null,"regulation":"Time limited","days":"M-F","hours":"800-1800","hrs_begin":"800","hrs_end":"1800","regdetails":null,"modified":null,"editor":null,"rpparea1":"G","rpparea2":null,"rpparea3":null,"fid_100":"5794","length_ft":"407","conflict":"0","enacted":null,"created_us":null,"created_da":null,"last_edite":null,"last_edi_1":null,"hrlimit":"2","created_user":null,"created_date":null,"last_edited_user":"MTA","last_edited_date":"2017-05-12 17:13:12-07:00","rpp_sym":"lapis lazuli, 2.5 pt, no dash","mtab_date":null,"mtab_motion":null,"mtab_reso_text":null,"sym_rpp2":"lapis lazuli, 2.5 pt, no dash | 2, M-F, 800-1800","globalid":null,"exceptions":"Yes. RPP holders are exempt from time limits.","from_time":"8am","to_time":"6pm","data_as_of":"2017-05-12T17:13:12.000","analysis_neighborhood":"Pacific Heights","supervisor_district":"2","data_loaded_at":"2026-06-13T10:29:08.190",":id":"row-32tp.ji6z~e6ek",":version":"rv-5jug_y8m7~7ufy",":created_at":"2026-06-13T17:29:18.307Z",":updated_at":"2026-06-13T17:29:18.307Z"}},{"type":"Feature","geometry":{"type":"MultiLineString","coordinates":[[[-122.428013812,37.785869035],[-122.425421645,37.786193628]]]},"properties":{"objectid":"698","agency":null,"regulation":"Time limited","days":"M-Su","hours":"800-2100","hrs_begin":"800","hrs_end":"2100","regdetails":null,"modified":"2015-01-08 16:00:00-08:00","editor":"Mark C. Dreger","rpparea1":"G","rpparea2":null,"rpparea3":null,"fid_100":"621","length_ft":"758","conflict":"0","enacted":null,"created_us":null,"created_da":null,"last_edite":null,"last_edi_1":null,"hrlimit":"2","created_user":null,"created_date":null,"last_edited_user":"MTA","last_edited_date":"2017-05-12 17:17:28-07:00","rpp_sym":"malachite green, 2.5 pt, no dash","mtab_date":null,"mtab_motion":null,"mtab_reso_text":null,"sym_rpp2":"malachite green, 2.5 pt, no dash | 2, M-Su, 800-2100","globalid":null,"exceptions":"Yes. RPP holders are exempt from time limits.","from_time":"8am","to_time":"9pm","data_as_of":"2017-05-12T17:17:28.000","analysis_neighborhood":"Japantown","supervisor_district":"5","data_loaded_at":"2026-06-13T10:29:08.190",":id":"row-2s8r~bmgh-ew5z",":version":"rv-ggtr-vhkd-6cu7",":created_at":"2026-06-13T17:29:18.307Z",":updated_at":"2026-06-13T17:29:18.307Z"}},{"type":"Feature","geometry":{"type":"MultiLineString","coordinates":[[[-122.42696628,37.787957037],[-122.427039387,37.788317639]]]},"properties":{"objectid":"5271","agency":null,"regulation":"Time limited","days":"M-F","hours":"800-1800","hrs_begin":"800","hrs_end":"1800","regdetails":null,"modified":null,"editor":null,"rpparea1":"G","rpparea2":null,"rpparea3":null,"fid_100":"5622","length_ft":"133","conflict":"0","enacted":null,"created_us":null,"created_da":null,"last_edite":null,"last_edi_1":null,"hrlimit":"2","created_user":null,"created_date":null,"last_edited_user":"MTA","last_edited_date":"2017-05-12 17:13:35-07:00","rpp_sym":"lapis lazuli, 2.5 pt, no dash","mtab_date":null,"mtab_motion":null,"mtab_reso_text":null,"sym_rpp2":"lapis lazuli, 2.5 pt, no dash | 2, M-F, 800-1800","globalid":null,"exceptions":"Yes. RPP holders are exempt from time limits.","from_time":"8am","to_time":"6pm","data_as_of":"2017-05-12T17:13:35.000","analysis_neighborhood":"Pacific Heights","supervisor_district":"5","data_loaded_at":"2026-06-13T10:29:08.190",":id":"row-a9sr.5s85-my5y",":version":"rv-tdwt-m67j~ut86",":created_at":"2026-06-13T17:29:18.307Z",":updated_at":"2026-06-13T17:29:18.307Z"}},{"type":"Feature","geometry":{"type":"MultiLineString","coordinates":[[[-122.432544879,37.791312108],[-122.432625338,37.791732447]]]},"properties":{"objectid":"8001","agency":null,"regulation":"Time limited","days":"M-F","hours":"800-1800","hrs_begin":"800","hrs_end":"1800","regdetails":null,"modified":null,"editor":null,"rpparea1":"G","rpparea2":null,"rpparea3":null,"fid_100":"5880","length_ft":"183","conflict":"0","enacted":null,"created_us":null,"created_da":null,"last_edite":null,"last_edi_1":null,"hrlimit":"2","created_user":"RAYNELLCOOPER","created_date":"2020-07-09 10:34:30-07:00","last_edited_user":"RAYNELLCOOPER","last_edited_date":"2023-04-27 13:41:43-07:00","rpp_sym":"lapis lazuli, 2.5 pt, no dash","mtab_date":null,"mtab_motion":null,"mtab_reso_text":null,"sym_rpp2":"lapis lazuli, 2.5 pt, no dash | 2, M-F, 800-1800","globalid":null,"exceptions":"Yes. RPP holders are exempt from time limits.","from_time":"8am","to_time":"6pm","data_as_of":"2023-04-27T13:41:43.000","analysis_neighborhood":"Pacific Heights","supervisor_district":"2","data_loaded_at":"2026-06-13T10:29:08.190",":id":"row-wa2n_vebq~far2",":version":"rv-4sdm~cjij~99ux",":created_at":"2026-06-13T17:29:18.307Z",":updated_at":"2026-06-13T17:29:18.307Z"}},{"type":"Feature","geometry":{"type":"MultiLineString","coordinates":[[[-122.430808069,37.791196855],[-122.429402314,37.791375626]]]},"properties":{"objectid":"1428","agency":null,"regulation":"Time limited","days":"M-F","hours":"800-1800","hrs_begin":"800","hrs_end":"1800","regdetails":null,"modified":null,"editor":null,"rpparea1":"G","rpparea2":null,"rpparea3":null,"fid_100":"5652","length_ft":"411","conflict":"0","enacted":null,"created_us":null,"created_da":null,"last_edite":null,"last_edi_1":null,"hrlimit":"2","created_user":null,"created_date":null,"last_edited_user":"MTA","last_edited_date":"2017-05-12 17:13:26-07:00","rpp_sym":"lapis lazuli, 2.5 pt, no dash","mtab_date":null,"mtab_motion":null,"mtab_reso_text":null,"sym_rpp2":"lapis lazuli, 2.5 pt, no dash | 2, M-F, 800-1800","globalid":null,"exceptions":"Yes. RPP holders are exempt from time limits.","from_time":"8am","to_time":"6pm","data_as_of":"2017-05-12T17:13:26.000","analysis_neighborhood":"Pacific Heights","supervisor_district":"2","data_loaded_at":"2026-06-13T10:29:08.190",":id":"row-uze8-khbk.d2g6",":version":"rv-zps2~rfgn~x5a3",":created_at":"2026-06-13T17:29:18.307Z",":updated_at":"2026-06-13T17:29:18.307Z"}},{"type":"Feature","geometry":{"type":"MultiLineString","coordinates":[[[-122.434094286,37.792480121],[-122.433046169,37.792613217]]]},"properties":{"objectid":"2535","agency":null,"regulation":"Time limited","days":"M-F","hours":"800-1800","hrs_begin":"800","hrs_end":"1800","regdetails":null,"modified":null,"editor":null,"rpparea1":"G","rpparea2":null,"rpparea3":null,"fid_100":"5905","length_ft":"307","conflict":"0","enacted":null,"created_us":null,"created_da":null,"last_edite":null,"last_edi_1":null,"hrlimit":"2","created_user":null,"created_date":null,"last_edited_user":"RAYNELLCOOPER","last_edited_date":"2024-04-29 17:21:10-07:00","rpp_sym":"lapis lazuli, 2.5 pt, no dash","mtab_date":null,"mtab_motion":null,"mtab_reso_text":null,"sym_rpp2":"lapis lazuli, 2.5 pt, no dash | 2, M-F, 800-1800","globalid":null,"exceptions":"Yes. RPP holders are exempt from time limits.","from_time":"8am","to_time":"6pm","data_as_of":"2024-04-29T17:21:10.000","analysis_neighborhood":"Pacific Heights","supervisor_district":"2","data_loaded_at":"2026-06-13T10:29:08.190",":id":"row-6ekh.xe47~tfr7",":version":"rv-8mqt-gr73.esrz",":created_at":"2026-06-13T17:29:18.307Z",":updated_at":"2026-06-13T17:29:18.307Z"}},{"type":"Feature","geometry":{"type":"MultiLineString","coordinates":[[[-122.447728341,37.791607059],[-122.447587347,37.790911767]]]},"properties":{"objectid":"5691","agency":null,"regulation":"Time limited","days":"M-F","hours":"900-1600","hrs_begin":"900","hrs_end":"1600","regdetails":null,"modified":"2015-01-07 16:00:00-08:00","editor":"Mark C. Dreger","rpparea1":"F","rpparea2":"G","rpparea3":null,"fid_100":"5929","length_ft":"256","conflict":"0","enacted":null,"created_us":null,"created_da":null,"last_edite":null,"last_edi_1":null,"hrlimit":"3","created_user":null,"created_date":null,"last_edited_user":"MTA","last_edited_date":"2017-05-12 17:10:56-07:00","rpp_sym":"seville orange, 2.5 pt, dash 3:1, interval 2","mtab_date":null,"mtab_motion":null,"mtab_reso_text":null,"sym_rpp2":"seville orange, 2.5 pt, dash 3:1, interval 2 | 3, M-F, 900-1600","globalid":null,"exceptions":"Yes. RPP holders are exempt from time limits.","from_time":"9am","to_time":"4pm","data_as_of":"2017-05-12T17:10:56.000","analysis_neighborhood":"Presidio Heights","supervisor_district":"2","data_loaded_at":"2026-06-13T10:29:08.190",":id":"row-4u3v_bf3m-3be9",":version":"rv-edrj-2ags~4wvx",":created_at":"2026-06-13T17:29:18.307Z",":updated_at":"2026-06-13T17:29:18.307Z"}},{"type":"Feature","geometry":{"type":"MultiLineString","coordinates":[[[-122.439006076,37.79004615],[-122.437599971,37.790225041]]]},"properties":{"objectid":"6589","agency":null,"regulation":"Time limited","days":"M-F","hours":"800-1800","hrs_begin":"800","hrs_end":"1800","regdetails":null,"modified":null,"editor":null,"rpparea1":"G","rpparea2":null,"rpparea3":null,"fid_100":"5750","length_ft":"411","conflict":"0","enacted":null,"created_us":null,"created_da":null,"last_edite":null,"last_edi_1":null,"hrlimit":"2","created_user":null,"created_date":null,"last_edited_user":"MTA","last_edited_date":"2017-05-12 17:13:37-07:00","rpp_sym":"lapis lazuli, 2.5 pt, no dash","mtab_date":null,"mtab_motion":null,"mtab_reso_text":null,"sym_rpp2":"lapis lazuli, 2.5 pt, no dash | 2, M-F, 800-1800","globalid":null,"exceptions":"Yes. RPP holders are exempt from time limits.","from_time":"8am","to_time":"6pm","data_as_of":"2017-05-12T17:13:37.000","analysis_neighborhood":"Pacific Heights","supervisor_district":"2","data_loaded_at":"2026-06-13T10:29:08.190",":id":"row-3q3g_ab82-b597",":version":"rv-97nf.ja34-avnt",":created_at":"2026-06-13T17:29:18.307Z",":updated_at":"2026-06-13T17:29:18.307Z"}},{"type":"Feature","geometry":{"type":"MultiLineString","coordinates":[[[-122.418274508,37.795695182],[-122.418245799,37.795544633]]]},"properties":{"objectid":"5723","agency":null,"regulation":"Time limited","days":"M-F","hours":"800-1900","hrs_begin":"800","hrs_end":"1900","regdetails":null,"modified":null,"editor":null,"rpparea1":"A","rpparea2":"C","rpparea3":"G","fid_100":"4696","length_ft":"55","conflict":"0","enacted":null,"created_us":null,"created_da":null,"last_edite":null,"last_edi_1":null,"hrlimit":"2","created_user":null,"created_date":null,"last_edited_user":"MTA","last_edited_date":"2017-05-12 17:14:50-07:00","rpp_sym":"anemone violet, 2.5 pt, no dash","mtab_date":null,"mtab_motion":null,"mtab_reso_text":null,"sym_rpp2":"anemone violet, 2.5 pt, no dash | 2, M-F, 800-1900","globalid":null,"exceptions":"Yes. RPP holders are exempt from time limits.","from_time":"8am","to_time":"7pm","data_as_of":"2017-05-12T17:14:50.000","analysis_neighborhood":"Russian Hill","supervisor_district":"3","data_loaded_at":"2026-06-13T10:29:08.190",":id":"row-6h6j_iyn9-8srj",":version":"rv-h4wu-piir~t4se",":created_at":"2026-06-13T17:29:18.307Z",":updated_at":"2026-06-13T17:29:18.307Z"}},{"type":"Feature","geometry":{"type":"MultiLineString","coordinates":[[[-122.447044951,37.788982609],[-122.44690537,37.788290644]]]},"properties":{"objectid":"4948","agency":null,"regulation":"Time limited","days":"M-F","hours":"800-1800","hrs_begin":"800","hrs_end":"1800","regdetails":null,"modified":null,"editor":null,"rpparea1":"F","rpparea2":"G","rpparea3":null,"fid_100":"5975","length_ft":"255","conflict":"0","enacted":null,"created_us":null,"created_da":null,"last_edite":null,"last_edi_1":null,"hrlimit":"2","created_user":null,"created_date":null,"last_edited_user":"MTA","last_edited_date":"2017-05-12 17:13:35-07:00","rpp_sym":"lapis lazuli, 2.5 pt, no dash","mtab_date":null,"mtab_motion":null,"mtab_reso_text":null,"sym_rpp2":"lapis lazuli, 2.5 pt, no dash | 2, M-F, 800-1800","globalid":null,"exceptions":"Yes. RPP holders are exempt from time limits.","from_time":"8am","to_time":"6pm","data_as_of":"2017-05-12T17:13:35.000","analysis_neighborhood":"Presidio Heights","supervisor_district":"2","data_loaded_at":"2026-06-13T10:29:08.190",":id":"row-3xwf~9qx9~ngq3",":version":"rv-uiu6_kbcb-7qex",":created_at":"2026-06-13T17:29:18.307Z",":updated_at":"2026-06-13T17:29:18.307Z"}},{"type":"Feature","geometry":{"type":"MultiLineString","coordinates":[[[-122.440091275,37.79448615],[-122.439940902,37.793741088]]]},"properties":{"objectid":"3736","agency":null,"regulation":"Time limited","days":"M-F","hours":"800-1800","hrs_begin":"800","hrs_end":"1800","regdetails":null,"modified":null,"editor":null,"rpparea1":"G","rpparea2":"K","rpparea3":null,"fid_100":"6063","length_ft":"275","conflict":"0","enacted":null,"created_us":null,"created_da":null,"last_edite":null,"last_edi_1":null,"hrlimit":"2","created_user":null,"created_date":null,"last_edited_user":"MTA","last_edited_date":"2017-05-12 17:12:58-07:00","rpp_sym":"lapis lazuli, 2.5 pt, no dash","mtab_date":null,"mtab_motion":null,"mtab_reso_text":null,"sym_rpp2":"lapis lazuli, 2.5 pt, no dash | 2, M-F, 800-1800","globalid":null,"exceptions":"Yes. RPP holders are exempt from time limits.","from_time":"8am","to_time":"6pm","data_as_of":"2017-05-12T17:12:58.000","analysis_neighborhood":"Pacific Heights","supervisor_district":"2","data_loaded_at":"2026-06-13T10:29:08.190",":id":"row-hg6n~pyyj.nwak",":version":"rv-gu83-v3pj~smxi",":created_at":"2026-06-13T17:29:18.307Z",":updated_at":"2026-06-13T17:29:18.307Z"}},{"type":"Feature","geometry":{"type":"MultiLineString","coordinates":[[[-122.430444649,37.7894228],[-122.429040729,37.789601304]]]},"properties":{"objectid":"426","agency":null,"regulation":"Time limited","days":"M-F","hours":"800-1800","hrs_begin":"800","hrs_end":"1800","regdetails":null,"modified":null,"editor":null,"rpparea1":"G","rpparea2":null,"rpparea3":null,"fid_100":"5568","length_ft":"411","conflict":"0","enacted":null,"created_us":null,"created_da":null,"last_edite":null,"last_edi_1":null,"hrlimit":"2","created_user":null,"created_date":null,"last_edited_user":"MTA","last_edited_date":"2017-05-12 17:13:01-07:00","rpp_sym":"lapis lazuli, 2.5 pt, no dash","mtab_date":null,"mtab_motion":null,"mtab_reso_text":null,"sym_rpp2":"lapis lazuli, 2.5 pt, no dash | 2, M-F, 800-1800","globalid":null,"exceptions":"Yes. RPP holders are exempt from time limits.","from_time":"8am","to_time":"6pm","data_as_of":"2017-05-12T17:13:01.000","analysis_neighborhood":"Pacific Heights","supervisor_district":"2","data_loaded_at":"2026-06-13T10:29:08.190",":id":"row-apye~k9rk~7kxf",":version":"rv-dc6f.nxpi-8z2x",":created_at":"2026-06-13T17:29:18.307Z",":updated_at":"2026-06-13T17:29:18.307Z"}},{"type":"Feature","geometry":{"type":"MultiLineString","coordinates":[[[-122.44596529,37.783624903],[-122.446061571,37.78407108]]]},"properties":{"objectid":"7340","agency":null,"regulation":"Time limited","days":"M-F","hours":"800-1800","hrs_begin":"800","hrs_end":"1800","regdetails":null,"modified":"2015-01-08 16:00:00-08:00","editor":"Mark C. Dreger","rpparea1":"G","rpparea2":null,"rpparea3":null,"fid_100":"9748","length_ft":"165","conflict":"0","enacted":null,"created_us":null,"created_da":null,"last_edite":null,"last_edi_1":null,"hrlimit":"2","created_user":null,"created_date":null,"last_edited_user":"MTA","last_edited_date":"2017-05-12 17:13:39-07:00","rpp_sym":"lapis lazuli, 2.5 pt, no dash","mtab_date":null,"mtab_motion":null,"mtab_reso_text":null,"sym_rpp2":"lapis lazuli, 2.5 pt, no dash | 2, M-F, 800-1800","globalid":null,"exceptions":"Yes. RPP holders are exempt from time limits.","from_time":"8am","to_time":"6pm","data_as_of":"2017-05-12T17:13:39.000","analysis_neighborhood":"Presidio Heights","supervisor_district":"5","data_loaded_at":"2026-06-13T10:29:08.190",":id":"row-vurb-r7dx-j9nd",":version":"rv-av72~exhx.uvra",":created_at":"2026-06-13T17:29:18.307Z",":updated_at":"2026-06-13T17:29:18.307Z"}},{"type":"Feature","geometry":{"type":"MultiLineString","coordinates":[[[-122.436706657,37.786739088],[-122.436846484,37.78742859]]]},"properties":{"objectid":"5587","agency":null,"regulation":"Time limited","days":"M-F","hours":"800-1800","hrs_begin":"800","hrs_end":"1800","regdetails":null,"modified":null,"editor":null,"rpparea1":"G","rpparea2":null,"rpparea3":null,"fid_100":"5702","length_ft":"254","conflict":"0","enacted":null,"created_us":null,"created_da":null,"last_edite":null,"last_edi_1":null,"hrlimit":"2","created_user":null,"created_date":null,"last_edited_user":"MTA","last_edited_date":"2017-05-12 17:13:35-07:00","rpp_sym":"lapis lazuli, 2.5 pt, no dash","mtab_date":null,"mtab_motion":null,"mtab_reso_text":null,"sym_rpp2":"lapis lazuli, 2.5 pt, no dash | 2, M-F, 800-1800","globalid":null,"exceptions":"Yes. RPP holders are exempt from time limits.","from_time":"8am","to_time":"6pm","data_as_of":"2017-05-12T17:13:35.000","analysis_neighborhood":"Pacific Heights","supervisor_district":"5","data_loaded_at":"2026-06-13T10:29:08.190",":id":"row-6hqv~9n8x~ecvm",":version":"rv-n82r_uzyb.i9zt",":created_at":"2026-06-13T17:29:18.307Z",":updated_at":"2026-06-13T17:29:18.307Z"}},{"type":"Feature","geometry":{"type":"MultiLineString","coordinates":[[[-122.435726855,37.790571173],[-122.434342653,37.790747267]]]},"properties":{"objectid":"940","agency":null,"regulation":"Time limited","days":"M-F","hours":"800-1800","hrs_begin":"800","hrs_end":"1800","regdetails":null,"modified":null,"editor":null,"rpparea1":"G","rpparea2":null,"rpparea3":null,"fid_100":"5757","length_ft":"405","conflict":"0","enacted":null,"created_us":null,"created_da":null,"last_edite":null,"last_edi_1":null,"hrlimit":"2","created_user":null,"created_date":null,"last_edited_user":"MTA","last_edited_date":"2017-05-12 17:13:23-07:00","rpp_sym":"lapis lazuli, 2.5 pt, no dash","mtab_date":null,"mtab_motion":null,"mtab_reso_text":null,"sym_rpp2":"lapis lazuli, 2.5 pt, no dash | 2, M-F, 800-1800","globalid":null,"exceptions":"Yes. RPP holders are exempt from time limits.","from_time":"8am","to_time":"6pm","data_as_of":"2017-05-12T17:13:23.000","analysis_neighborhood":"Pacific Heights","supervisor_district":"2","data_loaded_at":"2026-06-13T10:29:08.190",":id":"row-w8vt_si2v.m275",":version":"rv-jfaf-hzva-dag8",":created_at":"2026-06-13T17:29:18.307Z",":updated_at":"2026-06-13T17:29:18.307Z"}},{"type":"Feature","geometry":{"type":"MultiLineString","coordinates":[[[-122.435626801,37.789735566],[-122.435764186,37.790417989]]]},"properties":{"objectid":"2970","agency":null,"regulation":"Time limited","days":"M-F","hours":"800-1800","hrs_begin":"800","hrs_end":"1800","regdetails":null,"modified":null,"editor":null,"rpparea1":"G","rpparea2":null,"rpparea3":null,"fid_100":"5764","length_ft":"252","conflict":"0","enacted":null,"created_us":null,"created_da":null,"last_edite":null,"last_edi_1":null,"hrlimit":"2","created_user":null,"created_date":null,"last_edited_user":"MTA","last_edited_date":"2017-05-12 17:13:12-07:00","rpp_sym":"lapis lazuli, 2.5 pt, no dash","mtab_date":null,"mtab_motion":null,"mtab_reso_text":null,"sym_rpp2":"lapis lazuli, 2.5 pt, no dash | 2, M-F, 800-1800","globalid":null,"exceptions":"Yes. RPP holders are exempt from time limits.","from_time":"8am","to_time":"6pm","data_as_of":"2017-05-12T17:13:12.000","analysis_neighborhood":"Pacific Heights","supervisor_district":"2","data_loaded_at":"2026-06-13T10:29:08.190",":id":"row-jefk~wen3.4wmr",":version":"rv-ugdm~bdei~p4fd",":created_at":"2026-06-13T17:29:18.307Z",":updated_at":"2026-06-13T17:29:18.307Z"}},{"type":"Feature","geometry":{"type":"MultiLineString","coordinates":[[[-122.439405745,37.791757285],[-122.439247252,37.790974419]]]},"properties":{"objectid":"1696","agency":null,"regulation":"Time limited","days":"M-F","hours":"800-1800","hrs_begin":"800","hrs_end":"1800","regdetails":null,"modified":null,"editor":null,"rpparea1":"G","rpparea2":null,"rpparea3":null,"fid_100":"5782","length_ft":"289","conflict":"0","enacted":null,"created_us":null,"created_da":null,"last_edite":null,"last_edi_1":null,"hrlimit":"2","created_user":null,"created_date":null,"last_edited_user":"MTA","last_edited_date":"2017-05-12 17:13:26-07:00","rpp_sym":"lapis lazuli, 2.5 pt, no dash","mtab_date":null,"mtab_motion":null,"mtab_reso_text":null,"sym_rpp2":"lapis lazuli, 2.5 pt, no dash | 2, M-F, 800-1800","globalid":null,"exceptions":"Yes. RPP holders are exempt from time limits.","from_time":"8am","to_time":"6pm","data_as_of":"2017-05-12T17:13:26.000","analysis_neighborhood":"Pacific Heights","supervisor_district":"2","data_loaded_at":"2026-06-13T10:29:08.190",":id":"row-9q68~f95j_e33z",":version":"rv-2czf_ghyn~83zs",":created_at":"2026-06-13T17:29:18.307Z",":updated_at":"2026-06-13T17:29:18.307Z"}},{"type":"Feature","geometry":{"type":"MultiLineString","coordinates":[[[-122.43078805,37.79109159],[-122.429387783,37.791269696]]]},"properties":{"objectid":"4700","agency":null,"regulation":"Time limited","days":"M-F","hours":"800-1800","hrs_begin":"800","hrs_end":"1800","regdetails":null,"modified":null,"editor":null,"rpparea1":"G","rpparea2":null,"rpparea3":null,"fid_100":"5653","length_ft":"410","conflict":"0","enacted":null,"created_us":null,"created_da":null,"last_edite":null,"last_edi_1":null,"hrlimit":"2","created_user":null,"created_date":null,"last_edited_user":"MTA","last_edited_date":"2017-05-12 17:13:03-07:00","rpp_sym":"lapis lazuli, 2.5 pt, no dash","mtab_date":null,"mtab_motion":null,"mtab_reso_text":null,"sym_rpp2":"lapis lazuli, 2.5 pt, no dash | 2, M-F, 800-1800","globalid":null,"exceptions":"Yes. RPP holders are exempt from time limits.","from_time":"8am","to_time":"6pm","data_as_of":"2017-05-12T17:13:03.000","analysis_neighborhood":"Pacific Heights","supervisor_district":"2","data_loaded_at":"2026-06-13T10:29:08.190",":id":"row-dkp9~d96f.ks2g",":version":"rv-e9mu.6s95_dbt7",":created_at":"2026-06-13T17:29:18.307Z",":updated_at":"2026-06-13T17:29:18.307Z"}},{"type":"Feature","geometry":{"type":"MultiLineString","coordinates":[[[-122.432918769,37.793159366],[-122.432981807,37.793470328]]]},"properties":{"objectid":"1136","agency":null,"regulation":"Time limited","days":"M-F","hours":"800-1800","hrs_begin":"800","hrs_end":"1800","regdetails":null,"modified":null,"editor":null,"rpparea1":"G","rpparea2":null,"rpparea3":null,"fid_100":"5805","length_ft":"115","conflict":"0","enacted":null,"created_us":null,"created_da":null,"last_edite":null,"last_edi_1":null,"hrlimit":"2","created_user":null,"created_date":null,"last_edited_user":"MTA","last_edited_date":"2017-05-12 17:12:59-07:00","rpp_sym":"lapis lazuli, 2.5 pt, no dash","mtab_date":null,"mtab_motion":null,"mtab_reso_text":null,"sym_rpp2":"lapis lazuli, 2.5 pt, no dash | 2, M-F, 800-1800","globalid":null,"exceptions":"Yes. RPP holders are exempt from time limits.","from_time":"8am","to_time":"6pm","data_as_of":"2017-05-12T17:12:59.000","analysis_neighborhood":"Pacific Heights","supervisor_district":"2","data_loaded_at":"2026-06-13T10:29:08.190",":id":"row-syyi-4m4i~uytp",":version":"rv-6tru~6m5g.h99t",":created_at":"2026-06-13T17:29:18.307Z",":updated_at":"2026-06-13T17:29:18.307Z"}},{"type":"Feature","geometry":{"type":"MultiLineString","coordinates":[[[-122.443237326,37.793111357],[-122.443091091,37.79238868]]]},"properties":{"objectid":"340","agency":null,"regulation":"Time limited","days":"M-F","hours":"800-1800","hrs_begin":"800","hrs_end":"1800","regdetails":null,"modified":null,"editor":null,"rpparea1":"G","rpparea2":"K","rpparea3":null,"fid_100":"5909","length_ft":"267","conflict":"0","enacted":null,"created_us":null,"created_da":null,"last_edite":null,"last_edi_1":null,"hrlimit":"3","created_user":null,"created_date":null,"last_edited_user":"MTA","last_edited_date":"2017-05-12 17:12:59-07:00","rpp_sym":"lapis lazuli, 2.5 pt, dash 3:1, interval 2","mtab_date":null,"mtab_motion":null,"mtab_reso_text":null,"sym_rpp2":"lapis lazuli, 2.5 pt, dash 3:1, interval 2 | 3, M-F, 800-1800","globalid":null,"exceptions":"Yes. RPP holders are exempt from time limits.","from_time":"8am","to_time":"6pm","data_as_of":"2017-05-12T17:12:59.000","analysis_neighborhood":"Pacific Heights","supervisor_district":"2","data_loaded_at":"2026-06-13T10:29:08.190",":id":"row-xqci_ypdg_22tf",":version":"rv-vkef.655p~h3dc",":created_at":"2026-06-13T17:29:18.307Z",":updated_at":"2026-06-13T17:29:18.307Z"}},{"type":"Feature","geometry":{"type":"MultiLineString","coordinates":[[[-122.418805978,37.789315294],[-122.418741945,37.78899067]]]},"properties":{"objectid":"541","agency":null,"regulation":"Time limited","days":"M-Sa","hours":"800-2100","hrs_begin":"800","hrs_end":"2100","regdetails":null,"modified":null,"editor":null,"rpparea1":"C","rpparea2":"G","rpparea3":null,"fid_100":"4812","length_ft":"120","conflict":"0","enacted":null,"created_us":null,"created_da":null,"last_edite":null,"last_edi_1":null,"hrlimit":"2","created_user":null,"created_date":null,"last_edited_user":"MTA","last_edited_date":"2017-05-12 17:17:40-07:00","rpp_sym":"black, 2.5 pt, no dash","mtab_date":null,"mtab_motion":null,"mtab_reso_text":null,"sym_rpp2":"black, 2.5 pt, no dash | 2, M-Sa, 800-2100","globalid":null,"exceptions":"Yes. RPP holders are exempt from time limits.","from_time":"8am","to_time":"9pm","data_as_of":"2017-05-12T17:17:40.000","analysis_neighborhood":"Nob Hill","supervisor_district":"3","data_loaded_at":"2026-06-13T10:29:08.190",":id":"row-du4a-abh5_5u6t",":version":"rv-zmct_yvhb_ctiy",":created_at":"2026-06-13T17:29:18.307Z",":updated_at":"2026-06-13T17:29:18.307Z"}},{"type":"Feature","geometry":{"type":"MultiLineString","coordinates":[[[-122.444528108,37.783768872],[-122.443126154,37.783947647]]]},"properties":{"objectid":"2361","agency":null,"regulation":"Time limited","days":"M-F","hours":"800-1800","hrs_begin":"800","hrs_end":"1800","regdetails":null,"modified":null,"editor":null,"rpparea1":"G","rpparea2":null,"rpparea3":null,"fid_100":"6038","length_ft":"410","conflict":"0","enacted":null,"created_us":null,"created_da":null,"last_edite":null,"last_edi_1":null,"hrlimit":"2","created_user":null,"created_date":null,"last_edited_user":"MTA","last_edited_date":"2017-05-12 17:13:26-07:00","rpp_sym":"lapis lazuli, 2.5 pt, no dash","mtab_date":null,"mtab_motion":null,"mtab_reso_text":null,"sym_rpp2":"lapis lazuli, 2.5 pt, no dash | 2, M-F, 800-1800","globalid":null,"exceptions":"Yes. RPP holders are exempt from time limits.","from_time":"8am","to_time":"6pm","data_as_of":"2017-05-12T17:13:26.000","analysis_neighborhood":"Presidio Heights","supervisor_district":"5","data_loaded_at":"2026-06-13T10:29:08.190",":id":"row-f3u9-3ek7-bn2r",":version":"rv-kujy.k6ky-har7",":created_at":"2026-06-13T17:29:18.307Z",":updated_at":"2026-06-13T17:29:18.307Z"}},{"type":"Feature","geometry":{"type":"MultiLineString","coordinates":[[[-122.428757283,37.789467678],[-122.427353861,37.789645692]]]},"properties":{"objectid":"3317","agency":null,"regulation":"Time limited","days":"M-F","hours":"800-1800","hrs_begin":"800","hrs_end":"1800","regdetails":null,"modified":null,"editor":null,"rpparea1":"G","rpparea2":null,"rpparea3":null,"fid_100":"5567","length_ft":"411","conflict":"0","enacted":null,"created_us":null,"created_da":null,"last_edite":null,"last_edi_1":null,"hrlimit":"2","created_user":null,"created_date":null,"last_edited_user":"MTA","last_edited_date":"2017-05-12 17:13:35-07:00","rpp_sym":"lapis lazuli, 2.5 pt, no dash","mtab_date":null,"mtab_motion":null,"mtab_reso_text":null,"sym_rpp2":"lapis lazuli, 2.5 pt, no dash | 2, M-F, 800-1800","globalid":null,"exceptions":"Yes. RPP holders are exempt from time limits.","from_time":"8am","to_time":"6pm","data_as_of":"2017-05-12T17:13:35.000","analysis_neighborhood":"Pacific Heights","supervisor_district":"5","data_loaded_at":"2026-06-13T10:29:08.190",":id":"row-nwvc.wu56.7z4s",":version":"rv-kmwp-xy9b.zb97",":created_at":"2026-06-13T17:29:18.307Z",":updated_at":"2026-06-13T17:29:18.307Z"}},{"type":"Feature","geometry":{"type":"MultiLineString","coordinates":[[[-122.43245159,37.789935867],[-122.432308898,37.78923026]]]},"properties":{"objectid":"2302","agency":null,"regulation":"Time limited","days":"M-F","hours":"800-1800","hrs_begin":"800","hrs_end":"1800","regdetails":null,"modified":null,"editor":null,"rpparea1":"G","rpparea2":null,"rpparea3":null,"fid_100":"5643","length_ft":"260","conflict":"0","enacted":null,"created_us":null,"created_da":null,"last_edite":null,"last_edi_1":null,"hrlimit":"2","created_user":null,"created_date":null,"last_edited_user":"MTA","last_edited_date":"2017-05-12 17:13:00-07:00","rpp_sym":"lapis lazuli, 2.5 pt, no dash","mtab_date":null,"mtab_motion":null,"mtab_reso_text":null,"sym_rpp2":"lapis lazuli, 2.5 pt, no dash | 2, M-F, 800-1800","globalid":null,"exceptions":"Yes. RPP holders are exempt from time limits.","from_time":"8am","to_time":"6pm","data_as_of":"2017-05-12T17:13:00.000","analysis_neighborhood":"Pacific Heights","supervisor_district":"2","data_loaded_at":"2026-06-13T10:29:08.190",":id":"row-67rm~szjx_basw",":version":"rv-wxza-m4q5~bd5p",":created_at":"2026-06-13T17:29:18.307Z",":updated_at":"2026-06-13T17:29:18.307Z"}},{"type":"Feature","geometry":{"type":"MultiLineString","coordinates":[[[-122.428425843,37.786823129],[-122.428571419,37.787543989]]]},"properties":{"objectid":"863","agency":null,"regulation":"Time limited","days":"M-F","hours":"800-1800","hrs_begin":"800","hrs_end":"1800","regdetails":null,"modified":null,"editor":null,"rpparea1":"G","rpparea2":null,"rpparea3":null,"fid_100":"5618","length_ft":"266","conflict":"0","enacted":null,"created_us":null,"created_da":null,"last_edite":null,"last_edi_1":null,"hrlimit":"2","created_user":null,"created_date":null,"last_edited_user":"MTA","last_edited_date":"2017-05-12 17:13:37-07:00","rpp_sym":"lapis lazuli, 2.5 pt, no dash","mtab_date":null,"mtab_motion":null,"mtab_reso_text":null,"sym_rpp2":"lapis lazuli, 2.5 pt, no dash | 2, M-F, 800-1800","globalid":null,"exceptions":"Yes. RPP holders are exempt from time limits.","from_time":"8am","to_time":"6pm","data_as_of":"2017-05-12T17:13:37.000","analysis_neighborhood":"Pacific Heights","supervisor_district":"5","data_loaded_at":"2026-06-13T10:29:08.190",":id":"row-sju4-5m9q-5z86",":version":"rv-ubey-bi3s-7zbj",":created_at":"2026-06-13T17:29:18.307Z",":updated_at":"2026-06-13T17:29:18.307Z"}},{"type":"Feature","geometry":{"type":"MultiLineString","coordinates":[[[-122.428671837,37.788713794],[-122.428813596,37.789415756]]]},"properties":{"objectid":"6381","agency":null,"regulation":"Time limited","days":"M-F","hours":"800-1800","hrs_begin":"800","hrs_end":"1800","regdetails":null,"modified":null,"editor":null,"rpparea1":"G","rpparea2":null,"rpparea3":null,"fid_100":"5615","length_ft":"259","conflict":"0","enacted":null,"created_us":null,"created_da":null,"last_edite":null,"last_edi_1":null,"hrlimit":"2","created_user":null,"created_date":null,"last_edited_user":"MTA","last_edited_date":"2017-05-12 17:13:10-07:00","rpp_sym":"lapis lazuli, 2.5 pt, no dash","mtab_date":null,"mtab_motion":null,"mtab_reso_text":null,"sym_rpp2":"lapis lazuli, 2.5 pt, no dash | 2, M-F, 800-1800","globalid":null,"exceptions":"Yes. RPP holders are exempt from time limits.","from_time":"8am","to_time":"6pm","data_as_of":"2017-05-12T17:13:10.000","analysis_neighborhood":"Pacific Heights","supervisor_district":"5","data_loaded_at":"2026-06-13T10:29:08.190",":id":"row-x3bj~tskw~68e7",":version":"rv-ngsh~hxqt.36aa",":created_at":"2026-06-13T17:29:18.307Z",":updated_at":"2026-06-13T17:29:18.307Z"}},{"type":"Feature","geometry":{"type":"MultiLineString","coordinates":[[[-122.429361462,37.792128558],[-122.429203906,37.791348425]]]},"properties":{"objectid":"7032","agency":null,"regulation":"Time limited","days":"M-F","hours":"800-1800","hrs_begin":"800","hrs_end":"1800","regdetails":null,"modified":null,"editor":null,"rpparea1":"G","rpparea2":null,"rpparea3":null,"fid_100":"5875","length_ft":"288","conflict":"0","enacted":null,"created_us":null,"created_da":null,"last_edite":null,"last_edi_1":null,"hrlimit":"2","created_user":null,"created_date":null,"last_edited_user":"MTA","last_edited_date":"2017-05-12 17:13:38-07:00","rpp_sym":"lapis lazuli, 2.5 pt, no dash","mtab_date":null,"mtab_motion":null,"mtab_reso_text":null,"sym_rpp2":"lapis lazuli, 2.5 pt, no dash | 2, M-F, 800-1800","globalid":null,"exceptions":"Yes. RPP holders are exempt from time limits.","from_time":"8am","to_time":"6pm","data_as_of":"2017-05-12T17:13:38.000","analysis_neighborhood":"Pacific Heights","supervisor_district":"2","data_loaded_at":"2026-06-13T10:29:08.190",":id":"row-pvqx_9cxp_rsmk",":version":"rv-wh74.serp~v44y",":created_at":"2026-06-13T17:29:18.307Z",":updated_at":"2026-06-13T17:29:18.307Z"}},{"type":"Feature","geometry":{"type":"MultiLineString","coordinates":[[[-122.437887564,37.79289019],[-122.436503512,37.793067118]]]},"properties":{"objectid":"6807","agency":null,"regulation":"Time limited","days":"M-F","hours":"800-1800","hrs_begin":"800","hrs_end":"1800","regdetails":null,"modified":null,"editor":null,"rpparea1":"G","rpparea2":null,"rpparea3":null,"fid_100":"5791","length_ft":"405","conflict":"0","enacted":null,"created_us":null,"created_da":null,"last_edite":null,"last_edi_1":null,"hrlimit":"2","created_user":null,"created_date":null,"last_edited_user":"MTA","last_edited_date":"2017-05-12 17:13:37-07:00","rpp_sym":"lapis lazuli, 2.5 pt, no dash","mtab_date":null,"mtab_motion":null,"mtab_reso_text":null,"sym_rpp2":"lapis lazuli, 2.5 pt, no dash | 2, M-F, 800-1800","globalid":null,"exceptions":"Yes. RPP holders are exempt from time limits.","from_time":"8am","to_time":"6pm","data_as_of":"2017-05-12T17:13:37.000","analysis_neighborhood":"Pacific Heights","supervisor_district":"2","data_loaded_at":"2026-06-13T10:29:08.190",":id":"row-c9cp.49xm.cw5a",":version":"rv-gmmx.mcvb.pz4h",":created_at":"2026-06-13T17:29:18.307Z",":updated_at":"2026-06-13T17:29:18.307Z"}},{"type":"Feature","geometry":{"type":"MultiLineString","coordinates":[[[-122.430052826,37.795805306],[-122.428654793,37.795982262]]]},"properties":{"objectid":"5982","agency":null,"regulation":"Time limited","days":"M-F","hours":"800-1800","hrs_begin":"800","hrs_end":"1800","regdetails":null,"modified":null,"editor":null,"rpparea1":"G","rpparea2":"K","rpparea3":null,"fid_100":"6085","length_ft":"409","conflict":"0","enacted":null,"created_us":null,"created_da":null,"last_edite":null,"last_edi_1":null,"hrlimit":"2","created_user":null,"created_date":null,"last_edited_user":"MTA","last_edited_date":"2017-05-12 17:13:00-07:00","rpp_sym":"lapis lazuli, 2.5 pt, no dash","mtab_date":null,"mtab_motion":null,"mtab_reso_text":null,"sym_rpp2":"lapis lazuli, 2.5 pt, no dash | 2, M-F, 800-1800","globalid":null,"exceptions":"Yes. RPP holders are exempt from time limits.","from_time":"8am","to_time":"6pm","data_as_of":"2017-05-12T17:13:00.000","analysis_neighborhood":"Pacific Heights","supervisor_district":"2","data_loaded_at":"2026-06-13T10:29:08.190",":id":"row-zzjg.8g5g-z4mr",":version":"rv-yhym.3n8b_aiyz",":created_at":"2026-06-13T17:29:18.307Z",":updated_at":"2026-06-13T17:29:18.307Z"}},{"type":"Feature","geometry":{"type":"MultiLineString","coordinates":[[[-122.425169891,37.78858593],[-122.423814626,37.788758837]]]},"properties":{"objectid":"7047","agency":null,"regulation":"Time limited","days":"M-F","hours":"800-1800","hrs_begin":"800","hrs_end":"1800","regdetails":null,"modified":null,"editor":null,"rpparea1":"G","rpparea2":null,"rpparea3":null,"fid_100":"5559","length_ft":"397","conflict":"0","enacted":null,"created_us":null,"created_da":null,"last_edite":null,"last_edi_1":null,"hrlimit":"2","created_user":null,"created_date":null,"last_edited_user":"MTA","last_edited_date":"2017-05-12 17:13:15-07:00","rpp_sym":"lapis lazuli, 2.5 pt, no dash","mtab_date":null,"mtab_motion":null,"mtab_reso_text":null,"sym_rpp2":"lapis lazuli, 2.5 pt, no dash | 2, M-F, 800-1800","globalid":null,"exceptions":"Yes. RPP holders are exempt from time limits.","from_time":"8am","to_time":"6pm","data_as_of":"2017-05-12T17:13:15.000","analysis_neighborhood":"Western Addition","supervisor_district":"2","data_loaded_at":"2026-06-13T10:29:08.190",":id":"row-ng8y~4wf7_5ggs",":version":"rv-eang_yjb8-mqmk",":created_at":"2026-06-13T17:29:18.307Z",":updated_at":"2026-06-13T17:29:18.307Z"}},{"type":"Feature","geometry":{"type":"MultiLineString","coordinates":[[[-122.441210894,37.791523705],[-122.441074347,37.790849778]]]},"properties":{"objectid":"5607","agency":null,"regulation":"Time limited","days":"M-F","hours":"800-1800","hrs_begin":"800","hrs_end":"1800","regdetails":null,"modified":null,"editor":null,"rpparea1":"G","rpparea2":null,"rpparea3":null,"fid_100":"5785","length_ft":"249","conflict":"0","enacted":null,"created_us":null,"created_da":null,"last_edite":null,"last_edi_1":null,"hrlimit":"2","created_user":null,"created_date":null,"last_edited_user":"MTA","last_edited_date":"2017-05-12 17:13:13-07:00","rpp_sym":"lapis lazuli, 2.5 pt, no dash","mtab_date":null,"mtab_motion":null,"mtab_reso_text":null,"sym_rpp2":"lapis lazuli, 2.5 pt, no dash | 2, M-F, 800-1800","globalid":null,"exceptions":"Yes. RPP holders are exempt from time limits.","from_time":"8am","to_time":"6pm","data_as_of":"2017-05-12T17:13:13.000","analysis_neighborhood":"Pacific Heights","supervisor_district":"2","data_loaded_at":"2026-06-13T10:29:08.190",":id":"row-fht7_v8dq-va63",":version":"rv-zj3p-88z2-h5b5",":created_at":"2026-06-13T17:29:18.307Z",":updated_at":"2026-06-13T17:29:18.307Z"}},{"type":"Feature","geometry":{"type":"MultiLineString","coordinates":[[[-122.444407739,37.782858932],[-122.444465773,37.783145766]]]},"properties":{"objectid":"7485","agency":null,"regulation":"Time limited","days":"M-F","hours":"800-1800","hrs_begin":"800","hrs_end":"1800","regdetails":null,"modified":null,"editor":null,"rpparea1":"G","rpparea2":null,"rpparea3":null,"fid_100":"6035","length_ft":"106","conflict":"0","enacted":null,"created_us":null,"created_da":null,"last_edite":null,"last_edi_1":null,"hrlimit":"2","created_user":null,"created_date":null,"last_edited_user":"MTA","last_edited_date":"2017-05-12 17:13:26-07:00","rpp_sym":"lapis lazuli, 2.5 pt, no dash","mtab_date":null,"mtab_motion":null,"mtab_reso_text":null,"sym_rpp2":"lapis lazuli, 2.5 pt, no dash | 2, M-F, 800-1800","globalid":null,"exceptions":"Yes. RPP holders are exempt from time limits.","from_time":"8am","to_time":"6pm","data_as_of":"2017-05-12T17:13:26.000","analysis_neighborhood":"Presidio Heights","supervisor_district":"2","data_loaded_at":"2026-06-13T10:29:08.190",":id":"row-65k5-zsbz_rdn9",":version":"rv-ax46_cimh~nj8u",":created_at":"2026-06-13T17:29:18.307Z",":updated_at":"2026-06-13T17:29:18.307Z"}},{"type":"Feature","geometry":{"type":"MultiLineString","coordinates":[[[-122.419101917,37.791687859],[-122.417703762,37.791865223]]]},"properties":{"objectid":"2891","agency":null,"regulation":"Time limited","days":"M-Sa","hours":"800-2100","hrs_begin":"800","hrs_end":"2100","regdetails":null,"modified":null,"editor":null,"rpparea1":"C","rpparea2":"G","rpparea3":null,"fid_100":"4896","length_ft":"409","conflict":"0","enacted":null,"created_us":null,"created_da":null,"last_edite":null,"last_edi_1":null,"hrlimit":"2","created_user":null,"created_date":null,"last_edited_user":"MTA","last_edited_date":"2017-05-12 17:17:27-07:00","rpp_sym":"black, 2.5 pt, no dash","mtab_date":null,"mtab_motion":null,"mtab_reso_text":null,"sym_rpp2":"black, 2.5 pt, no dash | 2, M-Sa, 800-2100","globalid":null,"exceptions":"Yes. RPP holders are exempt from time limits.","from_time":"8am","to_time":"9pm","data_as_of":"2017-05-12T17:17:27.000","analysis_neighborhood":"Nob Hill","supervisor_district":"3","data_loaded_at":"2026-06-13T10:29:08.190",":id":"row-tkbn_wsid.zw9h",":version":"rv-kak7~5kmx_erub",":created_at":"2026-06-13T17:29:18.307Z",":updated_at":"2026-06-13T17:29:18.307Z"}},{"type":"Feature","geometry":{"type":"MultiLineString","coordinates":[[[-122.418020575,37.794501785],[-122.417885139,37.793832903]]]},"properties":{"objectid":"4589","agency":null,"regulation":"Time limited","days":"M-Sa","hours":"800-2100","hrs_begin":"800","hrs_end":"2100","regdetails":null,"modified":null,"editor":null,"rpparea1":"C","rpparea2":"G","rpparea3":null,"fid_100":"4983","length_ft":"247","conflict":"0","enacted":null,"created_us":null,"created_da":null,"last_edite":null,"last_edi_1":null,"hrlimit":"2","created_user":null,"created_date":null,"last_edited_user":"MTA","last_edited_date":"2017-05-12 17:17:30-07:00","rpp_sym":"black, 2.5 pt, no dash","mtab_date":null,"mtab_motion":null,"mtab_reso_text":null,"sym_rpp2":"black, 2.5 pt, no dash | 2, M-Sa, 800-2100","globalid":null,"exceptions":"Yes. RPP holders are exempt from time limits.","from_time":"8am","to_time":"9pm","data_as_of":"2017-05-12T17:17:30.000","analysis_neighborhood":"Russian Hill","supervisor_district":"3","data_loaded_at":"2026-06-13T10:29:08.190",":id":"row-ikne~wj3h~5d3p",":version":"rv-seyq-u8g4_25yj",":created_at":"2026-06-13T17:29:18.307Z",":updated_at":"2026-06-13T17:29:18.307Z"}},{"type":"Feature","geometry":{"type":"MultiLineString","coordinates":[[[-122.427318652,37.790629259],[-122.425915501,37.790806205]]]},"properties":{"objectid":"3605","agency":null,"regulation":"Time limited","days":"M-F","hours":"800-1800","hrs_begin":"800","hrs_end":"1800","regdetails":null,"modified":null,"editor":null,"rpparea1":"G","rpparea2":null,"rpparea3":null,"fid_100":"5659","length_ft":"411","conflict":"0","enacted":null,"created_us":null,"created_da":null,"last_edite":null,"last_edi_1":null,"hrlimit":"2","created_user":null,"created_date":null,"last_edited_user":"MTA","last_edited_date":"2017-05-12 17:13:27-07:00","rpp_sym":"lapis lazuli, 2.5 pt, no dash","mtab_date":null,"mtab_motion":null,"mtab_reso_text":null,"sym_rpp2":"lapis lazuli, 2.5 pt, no dash | 2, M-F, 800-1800","globalid":null,"exceptions":"Yes. RPP holders are exempt from time limits.","from_time":"8am","to_time":"6pm","data_as_of":"2017-05-12T17:13:27.000","analysis_neighborhood":"Pacific Heights","supervisor_district":"2","data_loaded_at":"2026-06-13T10:29:08.190",":id":"row-783g_ucz4_4jhg",":version":"rv-ymew~bpqc_att8",":created_at":"2026-06-13T17:29:18.307Z",":updated_at":"2026-06-13T17:29:18.307Z"}},{"type":"Feature","geometry":{"type":"MultiLineString","coordinates":[[[-122.435894434,37.791345793],[-122.434495667,37.791523114]]]},"properties":{"objectid":"69","agency":null,"regulation":"Time limited","days":"M-F","hours":"800-1800","hrs_begin":"800","hrs_end":"1800","regdetails":null,"modified":null,"editor":null,"rpparea1":"G","rpparea2":null,"rpparea3":null,"fid_100":"5770","length_ft":"409","conflict":"0","enacted":null,"created_us":null,"created_da":null,"last_edite":null,"last_edi_1":null,"hrlimit":"2","created_user":null,"created_date":null,"last_edited_user":"MTA","last_edited_date":"2017-05-12 17:13:11-07:00","rpp_sym":"lapis lazuli, 2.5 pt, no dash","mtab_date":null,"mtab_motion":null,"mtab_reso_text":null,"sym_rpp2":"lapis lazuli, 2.5 pt, no dash | 2, M-F, 800-1800","globalid":null,"exceptions":"Yes. RPP holders are exempt from time limits.","from_time":"8am","to_time":"6pm","data_as_of":"2017-05-12T17:13:11.000","analysis_neighborhood":"Pacific Heights","supervisor_district":"2","data_loaded_at":"2026-06-13T10:29:08.190",":id":"row-szjc_fsp8.qg2j",":version":"rv-yq29-r3zp-96xz",":created_at":"2026-06-13T17:29:18.307Z",":updated_at":"2026-06-13T17:29:18.307Z"}},{"type":"Feature","geometry":{"type":"MultiLineString","coordinates":[[[-122.426381419,37.793409312],[-122.4262437,37.792726625]]]},"properties":{"objectid":"5575","agency":null,"regulation":"Time limited","days":"M-F","hours":"800-1800","hrs_begin":"800","hrs_end":"1800","regdetails":null,"modified":null,"editor":null,"rpparea1":"G","rpparea2":null,"rpparea3":null,"fid_100":"5859","length_ft":"252","conflict":"0","enacted":null,"created_us":null,"created_da":null,"last_edite":null,"last_edi_1":null,"hrlimit":"2","created_user":null,"created_date":null,"last_edited_user":"MTA","last_edited_date":"2017-05-12 17:13:11-07:00","rpp_sym":"lapis lazuli, 2.5 pt, no dash","mtab_date":null,"mtab_motion":null,"mtab_reso_text":null,"sym_rpp2":"lapis lazuli, 2.5 pt, no dash | 2, M-F, 800-1800","globalid":null,"exceptions":"Yes. RPP holders are exempt from time limits.","from_time":"8am","to_time":"6pm","data_as_of":"2017-05-12T17:13:11.000","analysis_neighborhood":"Pacific Heights","supervisor_district":"2","data_loaded_at":"2026-06-13T10:29:08.190",":id":"row-jehx-ncb7-qvjz",":version":"rv-sysu~v44k-jzz3",":created_at":"2026-06-13T17:29:18.307Z",":updated_at":"2026-06-13T17:29:18.307Z"}},{"type":"Feature","geometry":{"type":"MultiLineString","coordinates":[[[-122.423947774,37.789306748],[-122.424093894,37.790028227]]]},"properties":{"objectid":"12","agency":null,"regulation":"Time limited","days":"M-F","hours":"800-1800","hrs_begin":"800","hrs_end":"1800","regdetails":null,"modified":null,"editor":null,"rpparea1":"G","rpparea2":null,"rpparea3":null,"fid_100":"5634","length_ft":"266","conflict":"0","enacted":null,"created_us":null,"created_da":null,"last_edite":null,"last_edi_1":null,"hrlimit":"2","created_user":null,"created_date":null,"last_edited_user":"TMINICUCCI","last_edited_date":"2017-06-05 15:14:06-07:00","rpp_sym":"lapis lazuli, 2.5 pt, no dash","mtab_date":null,"mtab_motion":null,"mtab_reso_text":null,"sym_rpp2":"lapis lazuli, 2.5 pt, no dash | 2, M-F, 800-1800","globalid":null,"exceptions":"Yes. RPP holders are exempt from time limits.","from_time":"8am","to_time":"6pm","data_as_of":"2017-06-05T15:14:06.000","analysis_neighborhood":"Western Addition","supervisor_district":"2","data_loaded_at":"2026-06-13T10:29:08.190",":id":"row-mxaz~wgyf_9ahc",":version":"rv-6t4f-87bx-y3z7",":created_at":"2026-06-13T17:29:18.307Z",":updated_at":"2026-06-13T17:29:18.307Z"}},{"type":"Feature","geometry":{"type":"MultiLineString","coordinates":[[[-122.441574052,37.793315988],[-122.441429358,37.792601893]]]},"properties":{"objectid":"3484","agency":null,"regulation":"Time limited","days":"M-F","hours":"800-1800","hrs_begin":"800","hrs_end":"1800","regdetails":null,"modified":null,"editor":null,"rpparea1":"G","rpparea2":"K","rpparea3":null,"fid_100":"5886","length_ft":"263","conflict":"0","enacted":null,"created_us":null,"created_da":null,"last_edite":null,"last_edi_1":null,"hrlimit":"3","created_user":null,"created_date":null,"last_edited_user":"MTA","last_edited_date":"2017-05-12 17:13:37-07:00","rpp_sym":"lapis lazuli, 2.5 pt, dash 3:1, interval 2","mtab_date":null,"mtab_motion":null,"mtab_reso_text":null,"sym_rpp2":"lapis lazuli, 2.5 pt, dash 3:1, interval 2 | 3, M-F, 800-1800","globalid":null,"exceptions":"Yes. RPP holders are exempt from time limits.","from_time":"8am","to_time":"6pm","data_as_of":"2017-05-12T17:13:37.000","analysis_neighborhood":"Pacific Heights","supervisor_district":"2","data_loaded_at":"2026-06-13T10:29:08.190",":id":"row-6ak3.gse8_drpk",":version":"rv-db4b_srvc_jq3c",":created_at":"2026-06-13T17:29:18.307Z",":updated_at":"2026-06-13T17:29:18.307Z"}},{"type":"Feature","geometry":{"type":"MultiLineString","coordinates":[[[-122.439581882,37.79263749],[-122.439444108,37.791952446]]]},"properties":{"objectid":"2036","agency":null,"regulation":"Time limited","days":"M-F","hours":"800-1800","hrs_begin":"800","hrs_end":"1800","regdetails":null,"modified":null,"editor":null,"rpparea1":"G","rpparea2":null,"rpparea3":null,"fid_100":"5894","length_ft":"253","conflict":"0","enacted":null,"created_us":null,"created_da":null,"last_edite":null,"last_edi_1":null,"hrlimit":"2","created_user":null,"created_date":null,"last_edited_user":"MTA","last_edited_date":"2017-05-12 17:13:24-07:00","rpp_sym":"lapis lazuli, 2.5 pt, no dash","mtab_date":null,"mtab_motion":null,"mtab_reso_text":null,"sym_rpp2":"lapis lazuli, 2.5 pt, no dash | 2, M-F, 800-1800","globalid":null,"exceptions":"Yes. RPP holders are exempt from time limits.","from_time":"8am","to_time":"6pm","data_as_of":"2017-05-12T17:13:24.000","analysis_neighborhood":"Pacific Heights","supervisor_district":"2","data_loaded_at":"2026-06-13T10:29:08.190",":id":"row-pikg-8xiz~qgqp",":version":"rv-c2un~grq9_iwbu",":created_at":"2026-06-13T17:29:18.307Z",":updated_at":"2026-06-13T17:29:18.307Z"}},{"type":"Feature","geometry":{"type":"MultiLineString","coordinates":[[[-122.428551915,37.788529566],[-122.427179843,37.788703793]]]},"properties":{"objectid":"740","agency":null,"regulation":"Time limited","days":"M-F","hours":"800-1800","hrs_begin":"800","hrs_end":"1800","regdetails":null,"modified":null,"editor":null,"rpparea1":"G","rpparea2":null,"rpparea3":null,"fid_100":"5586","length_ft":"402","conflict":"0","enacted":null,"created_us":null,"created_da":null,"last_edite":null,"last_edi_1":null,"hrlimit":"2","created_user":null,"created_date":null,"last_edited_user":"MTA","last_edited_date":"2017-05-12 17:13:37-07:00","rpp_sym":"lapis lazuli, 2.5 pt, no dash","mtab_date":null,"mtab_motion":null,"mtab_reso_text":null,"sym_rpp2":"lapis lazuli, 2.5 pt, no dash | 2, M-F, 800-1800","globalid":null,"exceptions":"Yes. RPP holders are exempt from time limits.","from_time":"8am","to_time":"6pm","data_as_of":"2017-05-12T17:13:37.000","analysis_neighborhood":"Pacific Heights","supervisor_district":"5","data_loaded_at":"2026-06-13T10:29:08.190",":id":"row-7gvc~m4ew.ys22",":version":"rv-fqfs~7muu_4cid",":created_at":"2026-06-13T17:29:18.307Z",":updated_at":"2026-06-13T17:29:18.307Z"}},{"type":"Feature","geometry":{"type":"MultiLineString","coordinates":[[[-122.445849345,37.790038375],[-122.445711282,37.789353057]]]},"properties":{"objectid":"2984","agency":null,"regulation":"Time limited","days":"M-F","hours":"800-1800","hrs_begin":"800","hrs_end":"1800","regdetails":null,"modified":null,"editor":null,"rpparea1":"G","rpparea2":null,"rpparea3":null,"fid_100":"5983","length_ft":"253","conflict":"0","enacted":null,"created_us":null,"created_da":null,"last_edite":null,"last_edi_1":null,"hrlimit":"2","created_user":null,"created_date":null,"last_edited_user":"MTA","last_edited_date":"2017-05-12 17:13:01-07:00","rpp_sym":"lapis lazuli, 2.5 pt, no dash","mtab_date":null,"mtab_motion":null,"mtab_reso_text":null,"sym_rpp2":"lapis lazuli, 2.5 pt, no dash | 2, M-F, 800-1800","globalid":null,"exceptions":"Yes. RPP holders are exempt from time limits.","from_time":"8am","to_time":"6pm","data_as_of":"2017-05-12T17:13:01.000","analysis_neighborhood":"Pacific Heights","supervisor_district":"2","data_loaded_at":"2026-06-13T10:29:08.190",":id":"row-ssva_atms_idi5",":version":"rv-ybwa_d3q2~wgi4",":created_at":"2026-06-13T17:29:18.307Z",":updated_at":"2026-06-13T17:29:18.307Z"}},{"type":"Feature","geometry":{"type":"MultiLineString","coordinates":[[[-122.44075561,37.789084414],[-122.440893944,37.789766419]]]},"properties":{"objectid":"6368","agency":null,"regulation":"Time limited","days":"M-F","hours":"800-1800","hrs_begin":"800","hrs_end":"1800","regdetails":null,"modified":null,"editor":null,"rpparea1":"G","rpparea2":null,"rpparea3":null,"fid_100":"5742","length_ft":"252","conflict":"0","enacted":null,"created_us":null,"created_da":null,"last_edite":null,"last_edi_1":null,"hrlimit":"2","created_user":null,"created_date":null,"last_edited_user":"MTA","last_edited_date":"2017-05-12 17:13:27-07:00","rpp_sym":"lapis lazuli, 2.5 pt, no dash","mtab_date":null,"mtab_motion":null,"mtab_reso_text":null,"sym_rpp2":"lapis lazuli, 2.5 pt, no dash | 2, M-F, 800-1800","globalid":null,"exceptions":"Yes. RPP holders are exempt from time limits.","from_time":"8am","to_time":"6pm","data_as_of":"2017-05-12T17:13:27.000","analysis_neighborhood":"Pacific Heights","supervisor_district":"2","data_loaded_at":"2026-06-13T10:29:08.190",":id":"row-zhg8_7j7z-kczv",":version":"rv-eqah.rvz4_pysv",":created_at":"2026-06-13T17:29:18.307Z",":updated_at":"2026-06-13T17:29:18.307Z"}},{"type":"Feature","geometry":{"type":"MultiLineString","coordinates":[[[-122.435261889,37.787248644],[-122.435195474,37.78691876]]]},"properties":{"objectid":"5663","agency":null,"regulation":"Time limited","days":"M-F","hours":"800-1800","hrs_begin":"800","hrs_end":"1800","regdetails":null,"modified":null,"editor":null,"rpparea1":"G","rpparea2":null,"rpparea3":null,"fid_100":"5726","length_ft":"122","conflict":"0","enacted":null,"created_us":null,"created_da":null,"last_edite":null,"last_edi_1":null,"hrlimit":"2","created_user":null,"created_date":null,"last_edited_user":"MTA","last_edited_date":"2017-05-12 17:13:13-07:00","rpp_sym":"lapis lazuli, 2.5 pt, no dash","mtab_date":null,"mtab_motion":null,"mtab_reso_text":null,"sym_rpp2":"lapis lazuli, 2.5 pt, no dash | 2, M-F, 800-1800","globalid":null,"exceptions":"Yes. RPP holders are exempt from time limits.","from_time":"8am","to_time":"6pm","data_as_of":"2017-05-12T17:13:13.000","analysis_neighborhood":"Pacific Heights","supervisor_district":"5","data_loaded_at":"2026-06-13T10:29:08.190",":id":"row-abvc_f6mt_vrqu",":version":"rv-dvjw_txpt.9xsf",":created_at":"2026-06-13T17:29:18.307Z",":updated_at":"2026-06-13T17:29:18.307Z"}},{"type":"Feature","geometry":{"type":"MultiLineString","coordinates":[[[-122.423667306,37.795793265],[-122.424937747,37.795631016]]]},"properties":{"objectid":"6838","agency":null,"regulation":"Time limited","days":"M-F","hours":"800-1800","hrs_begin":"800","hrs_end":"1800","regdetails":null,"modified":null,"editor":null,"rpparea1":"A","rpparea2":"G","rpparea3":"K","fid_100":"4522","length_ft":"372","conflict":"0","enacted":null,"created_us":null,"created_da":null,"last_edite":null,"last_edi_1":null,"hrlimit":"2","created_user":null,"created_date":null,"last_edited_user":"MTA","last_edited_date":"2017-05-12 17:13:00-07:00","rpp_sym":"lapis lazuli, 2.5 pt, no dash","mtab_date":null,"mtab_motion":null,"mtab_reso_text":null,"sym_rpp2":"lapis lazuli, 2.5 pt, no dash | 2, M-F, 800-1800","globalid":null,"exceptions":"Yes. RPP holders are exempt from time limits.","from_time":"8am","to_time":"6pm","data_as_of":"2017-05-12T17:13:00.000","analysis_neighborhood":"Pacific Heights","supervisor_district":"2","data_loaded_at":"2026-06-13T10:29:08.190",":id":"row-u8n9~jvra.x5vw",":version":"rv-hiz7~u6hs-qdw3",":created_at":"2026-06-13T17:29:18.307Z",":updated_at":"2026-06-13T17:29:18.307Z"}},{"type":"Feature","geometry":{"type":"MultiLineString","coordinates":[[[-122.435934925,37.79059141],[-122.436092009,37.791371559]]]},"properties":{"objectid":"2013","agency":null,"regulation":"Time limited","days":"M-F","hours":"800-1800","hrs_begin":"800","hrs_end":"1800","regdetails":null,"modified":null,"editor":null,"rpparea1":"G","rpparea2":null,"rpparea3":null,"fid_100":"5765","length_ft":"288","conflict":"0","enacted":null,"created_us":null,"created_da":null,"last_edite":null,"last_edi_1":null,"hrlimit":"2","created_user":null,"created_date":null,"last_edited_user":"MTA","last_edited_date":"2017-05-12 17:13:24-07:00","rpp_sym":"lapis lazuli, 2.5 pt, no dash","mtab_date":null,"mtab_motion":null,"mtab_reso_text":null,"sym_rpp2":"lapis lazuli, 2.5 pt, no dash | 2, M-F, 800-1800","globalid":null,"exceptions":"Yes. RPP holders are exempt from time limits.","from_time":"8am","to_time":"6pm","data_as_of":"2017-05-12T17:13:24.000","analysis_neighborhood":"Pacific Heights","supervisor_district":"2","data_loaded_at":"2026-06-13T10:29:08.190",":id":"row-un8j.xwaq_z6qn",":version":"rv-k3jh_9s67.rp3x",":created_at":"2026-06-13T17:29:18.307Z",":updated_at":"2026-06-13T17:29:18.307Z"}},{"type":"Feature","geometry":{"type":"MultiLineString","coordinates":[[[-122.447016415,37.78903271],[-122.44587147,37.789179848]]]},"properties":{"objectid":"5503","agency":null,"regulation":"Time limited","days":"M-F","hours":"800-1800","hrs_begin":"800","hrs_end":"1800","regdetails":null,"modified":null,"editor":null,"rpparea1":"F","rpparea2":"G","rpparea3":null,"fid_100":"5977","length_ft":"335","conflict":"0","enacted":null,"created_us":null,"created_da":null,"last_edite":null,"last_edi_1":null,"hrlimit":"2","created_user":null,"created_date":null,"last_edited_user":"MTA","last_edited_date":"2017-05-12 17:13:26-07:00","rpp_sym":"lapis lazuli, 2.5 pt, no dash","mtab_date":null,"mtab_motion":null,"mtab_reso_text":null,"sym_rpp2":"lapis lazuli, 2.5 pt, no dash | 2, M-F, 800-1800","globalid":null,"exceptions":"Yes. RPP holders are exempt from time limits.","from_time":"8am","to_time":"6pm","data_as_of":"2017-05-12T17:13:26.000","analysis_neighborhood":"Presidio Heights","supervisor_district":"2","data_loaded_at":"2026-06-13T10:29:08.190",":id":"row-vgd2_hn72~fg62",":version":"rv-mfjg-iqpa~w2fy",":created_at":"2026-06-13T17:29:18.307Z",":updated_at":"2026-06-13T17:29:18.307Z"}},{"type":"Feature","geometry":{"type":"MultiLineString","coordinates":[[[-122.437177977,37.789493202],[-122.435795903,37.789667855]]]},"properties":{"objectid":"1951","agency":null,"regulation":"Time limited","days":"M-F","hours":"800-1800","hrs_begin":"800","hrs_end":"1800","regdetails":null,"modified":null,"editor":null,"rpparea1":"G","rpparea2":null,"rpparea3":null,"fid_100":"5759","length_ft":"404","conflict":"0","enacted":null,"created_us":null,"created_da":null,"last_edite":null,"last_edi_1":null,"hrlimit":"2","created_user":null,"created_date":null,"last_edited_user":"MTA","last_edited_date":"2017-05-12 17:13:27-07:00","rpp_sym":"lapis lazuli, 2.5 pt, no dash","mtab_date":null,"mtab_motion":null,"mtab_reso_text":null,"sym_rpp2":"lapis lazuli, 2.5 pt, no dash | 2, M-F, 800-1800","globalid":null,"exceptions":"Yes. RPP holders are exempt from time limits.","from_time":"8am","to_time":"6pm","data_as_of":"2017-05-12T17:13:27.000","analysis_neighborhood":"Pacific Heights","supervisor_district":"2","data_loaded_at":"2026-06-13T10:29:08.190",":id":"row-n3tc-vk8d.rfzj",":version":"rv-rbik~3zuj~dk6r",":created_at":"2026-06-13T17:29:18.307Z",":updated_at":"2026-06-13T17:29:18.307Z"}},{"type":"Feature","geometry":{"type":"MultiLineString","coordinates":[[[-122.426741456,37.795187203],[-122.426599511,37.794484569]]]},"properties":{"objectid":"1438","agency":null,"regulation":"Time limited","days":"M-F","hours":"800-1800","hrs_begin":"800","hrs_end":"1800","regdetails":null,"modified":null,"editor":null,"rpparea1":"G","rpparea2":"K","rpparea3":null,"fid_100":"5834","length_ft":"259","conflict":"0","enacted":null,"created_us":null,"created_da":null,"last_edite":null,"last_edi_1":null,"hrlimit":"2","created_user":null,"created_date":null,"last_edited_user":"MTA","last_edited_date":"2017-05-12 17:12:59-07:00","rpp_sym":"lapis lazuli, 2.5 pt, no dash","mtab_date":null,"mtab_motion":null,"mtab_reso_text":null,"sym_rpp2":"lapis lazuli, 2.5 pt, no dash | 2, M-F, 800-1800","globalid":null,"exceptions":"Yes. RPP holders are exempt from time limits.","from_time":"8am","to_time":"6pm","data_as_of":"2017-05-12T17:12:59.000","analysis_neighborhood":"Pacific Heights","supervisor_district":"2","data_loaded_at":"2026-06-13T10:29:08.190",":id":"row-8der~pvhv_nxq2",":version":"rv-trwf.38vv-fnfz",":created_at":"2026-06-13T17:29:18.307Z",":updated_at":"2026-06-13T17:29:18.307Z"}},{"type":"Feature","geometry":{"type":"MultiLineString","coordinates":[[[-122.429900183,37.794796195],[-122.42975713,37.794081433]]]},"properties":{"objectid":"7359","agency":null,"regulation":"Time limited","days":"M-F","hours":"800-1800","hrs_begin":"800","hrs_end":"1800","regdetails":null,"modified":null,"editor":null,"rpparea1":"G","rpparea2":"K","rpparea3":null,"fid_100":"5818","length_ft":"264","conflict":"0","enacted":null,"created_us":null,"created_da":null,"last_edite":null,"last_edi_1":null,"hrlimit":"2","created_user":null,"created_date":null,"last_edited_user":"MTA","last_edited_date":"2017-05-12 17:13:38-07:00","rpp_sym":"lapis lazuli, 2.5 pt, no dash","mtab_date":null,"mtab_motion":null,"mtab_reso_text":null,"sym_rpp2":"lapis lazuli, 2.5 pt, no dash | 2, M-F, 800-1800","globalid":null,"exceptions":"Yes. RPP holders are exempt from time limits.","from_time":"8am","to_time":"6pm","data_as_of":"2017-05-12T17:13:38.000","analysis_neighborhood":"Pacific Heights","supervisor_district":"2","data_loaded_at":"2026-06-13T10:29:08.190",":id":"row-q65p.g356_9hpq",":version":"rv-4zjv-5j6r.tzzs",":created_at":"2026-06-13T17:29:18.307Z",":updated_at":"2026-06-13T17:29:18.307Z"}},{"type":"Feature","geometry":{"type":"MultiLineString","coordinates":[[[-122.43501751,37.786709312],[-122.434873415,37.785993583]]]},"properties":{"objectid":"6890","agency":null,"regulation":"Time limited","days":"M-F","hours":"800-1800","hrs_begin":"800","hrs_end":"1800","regdetails":null,"modified":null,"editor":null,"rpparea1":"G","rpparea2":null,"rpparea3":null,"fid_100":"5692","length_ft":"264","conflict":"0","enacted":null,"created_us":null,"created_da":null,"last_edite":null,"last_edi_1":null,"hrlimit":"2","created_user":null,"created_date":null,"last_edited_user":"MTA","last_edited_date":"2017-05-12 17:13:00-07:00","rpp_sym":"lapis lazuli, 2.5 pt, no dash","mtab_date":null,"mtab_motion":null,"mtab_reso_text":null,"sym_rpp2":"lapis lazuli, 2.5 pt, no dash | 2, M-F, 800-1800","globalid":null,"exceptions":"Yes. RPP holders are exempt from time limits.","from_time":"8am","to_time":"6pm","data_as_of":"2017-05-12T17:13:00.000","analysis_neighborhood":"Pacific Heights","supervisor_district":"5","data_loaded_at":"2026-06-13T10:29:08.190",":id":"row-4msu_sq3m-i2bz",":version":"rv-2zm2.mec9~xnfg",":created_at":"2026-06-13T17:29:18.307Z",":updated_at":"2026-06-13T17:29:18.307Z"}},{"type":"Feature","geometry":{"type":"MultiLineString","coordinates":[[[-122.448708723,37.788818747],[-122.447260144,37.789003137]]]},"properties":{"objectid":"6255","agency":null,"regulation":"Time limited","days":"M-F","hours":"900-1600","hrs_begin":"900","hrs_end":"1600","regdetails":null,"modified":"2015-01-07 16:00:00-08:00","editor":"Mark C. Dreger","rpparea1":"F","rpparea2":"G","rpparea3":null,"fid_100":"6051","length_ft":"424","conflict":"0","enacted":null,"created_us":null,"created_da":null,"last_edite":null,"last_edi_1":null,"hrlimit":"2","created_user":null,"created_date":null,"last_edited_user":"MTA","last_edited_date":"2017-05-12 17:10:57-07:00","rpp_sym":"seville orange, 2.5 pt, no dash","mtab_date":null,"mtab_motion":null,"mtab_reso_text":null,"sym_rpp2":"seville orange, 2.5 pt, no dash | 2, M-F, 900-1600","globalid":null,"exceptions":"Yes. RPP holders are exempt from time limits.","from_time":"9am","to_time":"4pm","data_as_of":"2017-05-12T17:10:57.000","analysis_neighborhood":"Presidio Heights","supervisor_district":"2","data_loaded_at":"2026-06-13T10:29:08.190",":id":"row-a2r2-v4va-k6vx",":version":"rv-v26x-9hm6_qe8e",":created_at":"2026-06-13T17:29:18.307Z",":updated_at":"2026-06-13T17:29:18.307Z"}},{"type":"Feature","geometry":{"type":"MultiLineString","coordinates":[[[-122.431090144,37.791568605],[-122.431158538,37.791907812]]]},"properties":{"objectid":"8002","agency":null,"regulation":"Time limited","days":"M-F","hours":"800-1800","hrs_begin":"800","hrs_end":"1800","regdetails":null,"modified":null,"editor":null,"rpparea1":"G","rpparea2":null,"rpparea3":null,"fid_100":"5868","length_ft":"254","conflict":"0","enacted":null,"created_us":null,"created_da":null,"last_edite":null,"last_edi_1":null,"hrlimit":"2","created_user":"RAYNELLCOOPER","created_date":"2020-07-09 10:35:02-07:00","last_edited_user":"RAYNELLCOOPER","last_edited_date":"2020-07-09 10:35:57-07:00","rpp_sym":"lapis lazuli, 2.5 pt, no dash","mtab_date":null,"mtab_motion":null,"mtab_reso_text":null,"sym_rpp2":"lapis lazuli, 2.5 pt, no dash | 2, M-F, 800-1800","globalid":null,"exceptions":"Yes. RPP holders are exempt from time limits.","from_time":"8am","to_time":"6pm","data_as_of":"2020-07-09T10:35:57.000","analysis_neighborhood":"Pacific Heights","supervisor_district":"2","data_loaded_at":"2026-06-13T10:29:08.190",":id":"row-ss6n_5me8.zppe",":version":"rv-88q6~yvni-wz4m",":created_at":"2026-06-13T17:29:18.307Z",":updated_at":"2026-06-13T17:29:18.307Z"}},{"type":"Feature","geometry":{"type":"MultiLineString","coordinates":[[[-122.436839181,37.786722843],[-122.436977011,37.787402484]]]},"properties":{"objectid":"7453","agency":null,"regulation":"Time limited","days":"M-F","hours":"800-1800","hrs_begin":"800","hrs_end":"1800","regdetails":null,"modified":null,"editor":null,"rpparea1":"G","rpparea2":null,"rpparea3":null,"fid_100":"5701","length_ft":"251","conflict":"0","enacted":null,"created_us":null,"created_da":null,"last_edite":null,"last_edi_1":null,"hrlimit":"2","created_user":null,"created_date":null,"last_edited_user":"MTA","last_edited_date":"2017-05-12 17:13:02-07:00","rpp_sym":"lapis lazuli, 2.5 pt, no dash","mtab_date":null,"mtab_motion":null,"mtab_reso_text":null,"sym_rpp2":"lapis lazuli, 2.5 pt, no dash | 2, M-F, 800-1800","globalid":null,"exceptions":"Yes. RPP holders are exempt from time limits.","from_time":"8am","to_time":"6pm","data_as_of":"2017-05-12T17:13:02.000","analysis_neighborhood":"Pacific Heights","supervisor_district":"5","data_loaded_at":"2026-06-13T10:29:08.190",":id":"row-mub2-4bb6-54tx",":version":"rv-za8a.hzxb-vrbp",":created_at":"2026-06-13T17:29:18.307Z",":updated_at":"2026-06-13T17:29:18.307Z"}},{"type":"Feature","geometry":{"type":"MultiLineString","coordinates":[[[-122.433511148,37.787899701],[-122.432804554,37.787989458]]]},"properties":{"objectid":"4690","agency":null,"regulation":"Time limited","days":"M-F","hours":"800-1800","hrs_begin":"800","hrs_end":"1800","regdetails":null,"modified":null,"editor":null,"rpparea1":"G","rpparea2":null,"rpparea3":null,"fid_100":"5578","length_ft":"207","conflict":"0","enacted":null,"created_us":null,"created_da":null,"last_edite":null,"last_edi_1":null,"hrlimit":"2","created_user":null,"created_date":null,"last_edited_user":"MTA","last_edited_date":"2017-05-12 17:13:14-07:00","rpp_sym":"lapis lazuli, 2.5 pt, no dash","mtab_date":null,"mtab_motion":null,"mtab_reso_text":null,"sym_rpp2":"lapis lazuli, 2.5 pt, no dash | 2, M-F, 800-1800","globalid":null,"exceptions":"Yes. RPP holders are exempt from time limits.","from_time":"8am","to_time":"6pm","data_as_of":"2017-05-12T17:13:14.000","analysis_neighborhood":"Pacific Heights","supervisor_district":"5","data_loaded_at":"2026-06-13T10:29:08.190",":id":"row-vwsu.nsuv-d8p4",":version":"rv-55n2-g65e.r483",":created_at":"2026-06-13T17:29:18.307Z",":updated_at":"2026-06-13T17:29:18.307Z"}},{"type":"Feature","geometry":{"type":"MultiLineString","coordinates":[[[-122.434780616,37.793243478],[-122.434644455,37.792569678]]]},"properties":{"objectid":"1483","agency":null,"regulation":"Time limited","days":"M-F","hours":"800-1800","hrs_begin":"800","hrs_end":"1800","regdetails":null,"modified":null,"editor":null,"rpparea1":"G","rpparea2":null,"rpparea3":null,"fid_100":"5796","length_ft":"248","conflict":"0","enacted":null,"created_us":null,"created_da":null,"last_edite":null,"last_edi_1":null,"hrlimit":"2","created_user":null,"created_date":null,"last_edited_user":"MTA","last_edited_date":"2017-05-12 17:13:36-07:00","rpp_sym":"lapis lazuli, 2.5 pt, no dash","mtab_date":null,"mtab_motion":null,"mtab_reso_text":null,"sym_rpp2":"lapis lazuli, 2.5 pt, no dash | 2, M-F, 800-1800","globalid":null,"exceptions":"Yes. RPP holders are exempt from time limits.","from_time":"8am","to_time":"6pm","data_as_of":"2017-05-12T17:13:36.000","analysis_neighborhood":"Pacific Heights","supervisor_district":"2","data_loaded_at":"2026-06-13T10:29:08.190",":id":"row-n6g8_ywat_3ktq",":version":"rv-vq2g_hcsh_rphc",":created_at":"2026-06-13T17:29:18.307Z",":updated_at":"2026-06-13T17:29:18.307Z"}},{"type":"Feature","geometry":{"type":"MultiLineString","coordinates":[[[-122.425120957,37.788152935],[-122.423740209,37.788328839]]]},"properties":{"objectid":"4166","agency":null,"regulation":"Time limited","days":"M-F","hours":"800-1800","hrs_begin":"800","hrs_end":"1800","regdetails":null,"modified":null,"editor":null,"rpparea1":"G","rpparea2":null,"rpparea3":null,"fid_100":"5589","length_ft":"404","conflict":"0","enacted":null,"created_us":null,"created_da":null,"last_edite":null,"last_edi_1":null,"hrlimit":"2","created_user":null,"created_date":null,"last_edited_user":"MTA","last_edited_date":"2017-05-12 17:13:03-07:00","rpp_sym":"lapis lazuli, 2.5 pt, no dash","mtab_date":null,"mtab_motion":null,"mtab_reso_text":null,"sym_rpp2":"lapis lazuli, 2.5 pt, no dash | 2, M-F, 800-1800","globalid":null,"exceptions":"Yes. RPP holders are exempt from time limits.","from_time":"8am","to_time":"6pm","data_as_of":"2017-05-12T17:13:03.000","analysis_neighborhood":"Western Addition","supervisor_district":"2","data_loaded_at":"2026-06-13T10:29:08.190",":id":"row-bzcc-as85_mib8",":version":"rv-c4bv~rjuv-mnbd",":created_at":"2026-06-13T17:29:18.307Z",":updated_at":"2026-06-13T17:29:18.307Z"}},{"type":"Feature","geometry":{"type":"MultiLineString","coordinates":[[[-122.425365654,37.789133915],[-122.425508441,37.789843092]]]},"properties":{"objectid":"989","agency":null,"regulation":"Time limited","days":"M-F","hours":"800-1800","hrs_begin":"800","hrs_end":"1800","regdetails":null,"modified":null,"editor":null,"rpparea1":"G","rpparea2":null,"rpparea3":null,"fid_100":"5632","length_ft":"262","conflict":"0","enacted":null,"created_us":null,"created_da":null,"last_edite":null,"last_edi_1":null,"hrlimit":"2","created_user":null,"created_date":null,"last_edited_user":"MTA","last_edited_date":"2017-05-12 17:13:26-07:00","rpp_sym":"lapis lazuli, 2.5 pt, no dash","mtab_date":null,"mtab_motion":null,"mtab_reso_text":null,"sym_rpp2":"lapis lazuli, 2.5 pt, no dash | 2, M-F, 800-1800","globalid":null,"exceptions":"Yes. RPP holders are exempt from time limits.","from_time":"8am","to_time":"6pm","data_as_of":"2017-05-12T17:13:26.000","analysis_neighborhood":"Western Addition","supervisor_district":"2","data_loaded_at":"2026-06-13T10:29:08.190",":id":"row-8ruw_xejp~g9hn",":version":"rv-vv5s~jgus-ejc4",":created_at":"2026-06-13T17:29:18.307Z",":updated_at":"2026-06-13T17:29:18.307Z"}},{"type":"Feature","geometry":{"type":"MultiLineString","coordinates":[[[-122.443989644,37.789412483],[-122.442579841,37.789590741]]]},"properties":{"objectid":"5005","agency":null,"regulation":"Time limited","days":"M-F","hours":"800-1800","hrs_begin":"800","hrs_end":"1800","regdetails":null,"modified":null,"editor":null,"rpparea1":"G","rpparea2":null,"rpparea3":null,"fid_100":"5949","length_ft":"413","conflict":"0","enacted":null,"created_us":null,"created_da":null,"last_edite":null,"last_edi_1":null,"hrlimit":"2","created_user":null,"created_date":null,"last_edited_user":"MTA","last_edited_date":"2017-05-12 17:13:25-07:00","rpp_sym":"lapis lazuli, 2.5 pt, no dash","mtab_date":null,"mtab_motion":null,"mtab_reso_text":null,"sym_rpp2":"lapis lazuli, 2.5 pt, no dash | 2, M-F, 800-1800","globalid":null,"exceptions":"Yes. RPP holders are exempt from time limits.","from_time":"8am","to_time":"6pm","data_as_of":"2017-05-12T17:13:25.000","analysis_neighborhood":"Pacific Heights","supervisor_district":"2","data_loaded_at":"2026-06-13T10:29:08.190",":id":"row-vkz3~ajgc-3ebq",":version":"rv-rzb4-27qh.j3cj",":created_at":"2026-06-13T17:29:18.307Z",":updated_at":"2026-06-13T17:29:18.307Z"}},{"type":"Feature","geometry":{"type":"MultiLineString","coordinates":[[[-122.442341543,37.789620921],[-122.440949887,37.789796859]]]},"properties":{"objectid":"1645","agency":null,"regulation":"Time limited","days":"M-F","hours":"800-1800","hrs_begin":"800","hrs_end":"1800","regdetails":null,"modified":null,"editor":null,"rpparea1":"G","rpparea2":null,"rpparea3":null,"fid_100":"5951","length_ft":"407","conflict":"0","enacted":null,"created_us":null,"created_da":null,"last_edite":null,"last_edi_1":null,"hrlimit":"2","created_user":null,"created_date":null,"last_edited_user":"MTA","last_edited_date":"2017-05-12 17:13:02-07:00","rpp_sym":"lapis lazuli, 2.5 pt, no dash","mtab_date":null,"mtab_motion":null,"mtab_reso_text":null,"sym_rpp2":"lapis lazuli, 2.5 pt, no dash | 2, M-F, 800-1800","globalid":null,"exceptions":"Yes. RPP holders are exempt from time limits.","from_time":"8am","to_time":"6pm","data_as_of":"2017-05-12T17:13:02.000","analysis_neighborhood":"Pacific Heights","supervisor_district":"2","data_loaded_at":"2026-06-13T10:29:08.190",":id":"row-i4i9_73gh.63jd",":version":"rv-fwgt_y5y9-dy6a",":created_at":"2026-06-13T17:29:18.307Z",":updated_at":"2026-06-13T17:29:18.307Z"}},{"type":"Feature","geometry":{"type":"MultiLineString","coordinates":[[[-122.446619166,37.786862832],[-122.446529023,37.786417852]]]},"properties":{"objectid":"4287","agency":null,"regulation":"Time limited","days":"M-F","hours":"800-1800","hrs_begin":"800","hrs_end":"1800","regdetails":null,"modified":null,"editor":null,"rpparea1":"G","rpparea2":null,"rpparea3":null,"fid_100":"5994","length_ft":"164","conflict":"0","enacted":null,"created_us":null,"created_da":null,"last_edite":null,"last_edi_1":null,"hrlimit":"2","created_user":null,"created_date":null,"last_edited_user":"MTA","last_edited_date":"2017-05-12 17:13:25-07:00","rpp_sym":"lapis lazuli, 2.5 pt, no dash","mtab_date":null,"mtab_motion":null,"mtab_reso_text":null,"sym_rpp2":"lapis lazuli, 2.5 pt, no dash | 2, M-F, 800-1800","globalid":null,"exceptions":"Yes. RPP holders are exempt from time limits.","from_time":"8am","to_time":"6pm","data_as_of":"2017-05-12T17:13:25.000","analysis_neighborhood":"Presidio Heights","supervisor_district":"2","data_loaded_at":"2026-06-13T10:29:08.190",":id":"row-pgrg-wnur.5fkf",":version":"rv-qnr6-8a95~qzm4",":created_at":"2026-06-13T17:29:18.307Z",":updated_at":"2026-06-13T17:29:18.307Z"}},{"type":"Feature","geometry":{"type":"MultiLineString","coordinates":[[[-122.430215701,37.788318275],[-122.428811606,37.788496421],[-122.428819464,37.78849559]]]},"properties":{"objectid":"2166","agency":null,"regulation":"Time limited","days":"M-F","hours":"800-1800","hrs_begin":"800","hrs_end":"1800","regdetails":null,"modified":null,"editor":null,"rpparea1":"G","rpparea2":null,"rpparea3":null,"fid_100":"5584","length_ft":"413","conflict":"0","enacted":null,"created_us":null,"created_da":null,"last_edite":null,"last_edi_1":null,"hrlimit":"2","created_user":null,"created_date":null,"last_edited_user":"MTA","last_edited_date":"2017-05-12 17:13:02-07:00","rpp_sym":"lapis lazuli, 2.5 pt, no dash","mtab_date":null,"mtab_motion":null,"mtab_reso_text":null,"sym_rpp2":"lapis lazuli, 2.5 pt, no dash | 2, M-F, 800-1800","globalid":null,"exceptions":"Yes. RPP holders are exempt from time limits.","from_time":"8am","to_time":"6pm","data_as_of":"2017-05-12T17:13:02.000","analysis_neighborhood":"Pacific Heights","supervisor_district":"5","data_loaded_at":"2026-06-13T10:29:08.190",":id":"row-fkx7_c94e-t32v",":version":"rv-kiyg~kf5m-zrmd",":created_at":"2026-06-13T17:29:18.307Z",":updated_at":"2026-06-13T17:29:18.307Z"}},{"type":"Feature","geometry":{"type":"MultiLineString","coordinates":[[[-122.444348031,37.790226118],[-122.444209656,37.789540973]]]},"properties":{"objectid":"906","agency":null,"regulation":"Time limited","days":"M-F","hours":"800-1800","hrs_begin":"800","hrs_end":"1800","regdetails":null,"modified":null,"editor":null,"rpparea1":"G","rpparea2":null,"rpparea3":null,"fid_100":"5952","length_ft":"253","conflict":"0","enacted":null,"created_us":null,"created_da":null,"last_edite":null,"last_edi_1":null,"hrlimit":"2","created_user":null,"created_date":null,"last_edited_user":"MTA","last_edited_date":"2017-05-12 17:13:26-07:00","rpp_sym":"lapis lazuli, 2.5 pt, no dash","mtab_date":null,"mtab_motion":null,"mtab_reso_text":null,"sym_rpp2":"lapis lazuli, 2.5 pt, no dash | 2, M-F, 800-1800","globalid":null,"exceptions":"Yes. RPP holders are exempt from time limits.","from_time":"8am","to_time":"6pm","data_as_of":"2017-05-12T17:13:26.000","analysis_neighborhood":"Pacific Heights","supervisor_district":"2","data_loaded_at":"2026-06-13T10:29:08.190",":id":"row-djsd-9zg9-tqe2",":version":"rv-gspa~fgn2~2ii6",":created_at":"2026-06-13T17:29:18.307Z",":updated_at":"2026-06-13T17:29:18.307Z"}},{"type":"Feature","geometry":{"type":"MultiLineString","coordinates":[[[-122.430235291,37.795756751],[-122.430081564,37.795015564]]]},"properties":{"objectid":"86","agency":null,"regulation":"Time limited","days":"M-F","hours":"800-1800","hrs_begin":"800","hrs_end":"1800","regdetails":null,"modified":null,"editor":null,"rpparea1":"G","rpparea2":"K","rpparea3":null,"fid_100":"6080","length_ft":"274","conflict":"0","enacted":null,"created_us":null,"created_da":null,"last_edite":null,"last_edi_1":null,"hrlimit":"2","created_user":null,"created_date":null,"last_edited_user":"MTA","last_edited_date":"2017-05-12 17:13:24-07:00","rpp_sym":"lapis lazuli, 2.5 pt, no dash","mtab_date":null,"mtab_motion":null,"mtab_reso_text":null,"sym_rpp2":"lapis lazuli, 2.5 pt, no dash | 2, M-F, 800-1800","globalid":null,"exceptions":"Yes. RPP holders are exempt from time limits.","from_time":"8am","to_time":"6pm","data_as_of":"2017-05-12T17:13:24.000","analysis_neighborhood":"Pacific Heights","supervisor_district":"2","data_loaded_at":"2026-06-13T10:29:08.190",":id":"row-49yd_v8eh-nn5t",":version":"rv-aiuf~34eg.p2rk",":created_at":"2026-06-13T17:29:18.307Z",":updated_at":"2026-06-13T17:29:18.307Z"}},{"type":"Feature","geometry":{"type":"MultiLineString","coordinates":[[[-122.440293601,37.788169896],[-122.438916618,37.78834501]]]},"properties":{"objectid":"6332","agency":null,"regulation":"Time limited","days":"M-F","hours":"800-1800","hrs_begin":"800","hrs_end":"1800","regdetails":null,"modified":null,"editor":null,"rpparea1":"G","rpparea2":null,"rpparea3":null,"fid_100":"5713","length_ft":"403","conflict":"0","enacted":null,"created_us":null,"created_da":null,"last_edite":null,"last_edi_1":null,"hrlimit":"2","created_user":null,"created_date":null,"last_edited_user":"MTA","last_edited_date":"2017-05-12 17:13:15-07:00","rpp_sym":"lapis lazuli, 2.5 pt, no dash","mtab_date":null,"mtab_motion":null,"mtab_reso_text":null,"sym_rpp2":"lapis lazuli, 2.5 pt, no dash | 2, M-F, 800-1800","globalid":null,"exceptions":"Yes. RPP holders are exempt from time limits.","from_time":"8am","to_time":"6pm","data_as_of":"2017-05-12T17:13:15.000","analysis_neighborhood":"Pacific Heights","supervisor_district":"2","data_loaded_at":"2026-06-13T10:29:08.190",":id":"row-xdwi-jkme_zb4u",":version":"rv-ggd8-tcwk-cvpq",":created_at":"2026-06-13T17:29:18.307Z",":updated_at":"2026-06-13T17:29:18.307Z"}},{"type":"Feature","geometry":{"type":"MultiLineString","coordinates":[[[-122.427024314,37.788913232],[-122.427167983,37.789621864]]]},"properties":{"objectid":"5694","agency":null,"regulation":"Time limited","days":"M-F","hours":"800-1800","hrs_begin":"800","hrs_end":"1800","regdetails":null,"modified":null,"editor":null,"rpparea1":"G","rpparea2":null,"rpparea3":null,"fid_100":"5626","length_ft":"261","conflict":"0","enacted":null,"created_us":null,"created_da":null,"last_edite":null,"last_edi_1":null,"hrlimit":"2","created_user":null,"created_date":null,"last_edited_user":"MTA","last_edited_date":"2017-05-12 17:13:15-07:00","rpp_sym":"lapis lazuli, 2.5 pt, no dash","mtab_date":null,"mtab_motion":null,"mtab_reso_text":null,"sym_rpp2":"lapis lazuli, 2.5 pt, no dash | 2, M-F, 800-1800","globalid":null,"exceptions":"Yes. RPP holders are exempt from time limits.","from_time":"8am","to_time":"6pm","data_as_of":"2017-05-12T17:13:15.000","analysis_neighborhood":"Pacific Heights","supervisor_district":"2","data_loaded_at":"2026-06-13T10:29:08.190",":id":"row-r4wm.ui7x~gizp",":version":"rv-avhv.9t75.tchy",":created_at":"2026-06-13T17:29:18.307Z",":updated_at":"2026-06-13T17:29:18.307Z"}},{"type":"Feature","geometry":{"type":"MultiLineString","coordinates":[[[-122.431161627,37.792956707],[-122.429762985,37.793134274]]]},"properties":{"objectid":"6579","agency":null,"regulation":"Time limited","days":"M-F","hours":"800-1800","hrs_begin":"800","hrs_end":"1800","regdetails":null,"modified":null,"editor":null,"rpparea1":"G","rpparea2":null,"rpparea3":null,"fid_100":"5826","length_ft":"409","conflict":"0","enacted":null,"created_us":null,"created_da":null,"last_edite":null,"last_edi_1":null,"hrlimit":"2","created_user":null,"created_date":null,"last_edited_user":"MTA","last_edited_date":"2017-05-12 17:13:14-07:00","rpp_sym":"lapis lazuli, 2.5 pt, no dash","mtab_date":null,"mtab_motion":null,"mtab_reso_text":null,"sym_rpp2":"lapis lazuli, 2.5 pt, no dash | 2, M-F, 800-1800","globalid":null,"exceptions":"Yes. RPP holders are exempt from time limits.","from_time":"8am","to_time":"6pm","data_as_of":"2017-05-12T17:13:14.000","analysis_neighborhood":"Pacific Heights","supervisor_district":"2","data_loaded_at":"2026-06-13T10:29:08.190",":id":"row-tbdf_qeci.u67e",":version":"rv-c9bw.387g_d433",":created_at":"2026-06-13T17:29:18.307Z",":updated_at":"2026-06-13T17:29:18.307Z"}},{"type":"Feature","geometry":{"type":"MultiLineString","coordinates":[[[-122.443844736,37.787763573],[-122.443986908,37.78846622]]]},"properties":{"objectid":"5621","agency":null,"regulation":"Time limited","days":"M-F","hours":"800-1800","hrs_begin":"800","hrs_end":"1800","regdetails":null,"modified":null,"editor":null,"rpparea1":"G","rpparea2":null,"rpparea3":null,"fid_100":"5971","length_ft":"259","conflict":"0","enacted":null,"created_us":null,"created_da":null,"last_edite":null,"last_edi_1":null,"hrlimit":"2","created_user":null,"created_date":null,"last_edited_user":"MTA","last_edited_date":"2017-05-12 17:13:37-07:00","rpp_sym":"lapis lazuli, 2.5 pt, no dash","mtab_date":null,"mtab_motion":null,"mtab_reso_text":null,"sym_rpp2":"lapis lazuli, 2.5 pt, no dash | 2, M-F, 800-1800","globalid":null,"exceptions":"Yes. RPP holders are exempt from time limits.","from_time":"8am","to_time":"6pm","data_as_of":"2017-05-12T17:13:37.000","analysis_neighborhood":"Pacific Heights","supervisor_district":"2","data_loaded_at":"2026-06-13T10:29:08.190",":id":"row-zp66-r9ah.cg6z",":version":"rv-yd2q_j34v~kbw8",":created_at":"2026-06-13T17:29:18.307Z",":updated_at":"2026-06-13T17:29:18.307Z"}},{"type":"Feature","geometry":{"type":"MultiLineString","coordinates":[[[-122.428388533,37.794985346],[-122.428245537,37.794279301]]]},"properties":{"objectid":"1889","agency":null,"regulation":"Time limited","days":"M-F","hours":"800-1800","hrs_begin":"800","hrs_end":"1800","regdetails":null,"modified":null,"editor":null,"rpparea1":"G","rpparea2":"K","rpparea3":null,"fid_100":"5833","length_ft":"260","conflict":"0","enacted":null,"created_us":null,"created_da":null,"last_edite":null,"last_edi_1":null,"hrlimit":"2","created_user":null,"created_date":null,"last_edited_user":"MTA","last_edited_date":"2017-05-12 17:13:00-07:00","rpp_sym":"lapis lazuli, 2.5 pt, no dash","mtab_date":null,"mtab_motion":null,"mtab_reso_text":null,"sym_rpp2":"lapis lazuli, 2.5 pt, no dash | 2, M-F, 800-1800","globalid":null,"exceptions":"Yes. RPP holders are exempt from time limits.","from_time":"8am","to_time":"6pm","data_as_of":"2017-05-12T17:13:00.000","analysis_neighborhood":"Pacific Heights","supervisor_district":"2","data_loaded_at":"2026-06-13T10:29:08.190",":id":"row-jb6d_w6um-q32r",":version":"rv-ddys_uc67.mb9k",":created_at":"2026-06-13T17:29:18.307Z",":updated_at":"2026-06-13T17:29:18.307Z"}},{"type":"Feature","geometry":{"type":"MultiLineString","coordinates":[[[-122.438115004,37.793924772],[-122.436702791,37.794102613]]]},"properties":{"objectid":"4643","agency":null,"regulation":"Time limited","days":"M-F","hours":"800-1800","hrs_begin":"800","hrs_end":"1800","regdetails":null,"modified":null,"editor":null,"rpparea1":"G","rpparea2":"K","rpparea3":null,"fid_100":"6066","length_ft":"413","conflict":"0","enacted":null,"created_us":null,"created_da":null,"last_edite":null,"last_edi_1":null,"hrlimit":"2","created_user":null,"created_date":null,"last_edited_user":"MTA","last_edited_date":"2017-05-12 17:13:26-07:00","rpp_sym":"lapis lazuli, 2.5 pt, no dash","mtab_date":null,"mtab_motion":null,"mtab_reso_text":null,"sym_rpp2":"lapis lazuli, 2.5 pt, no dash | 2, M-F, 800-1800","globalid":null,"exceptions":"Yes. RPP holders are exempt from time limits.","from_time":"8am","to_time":"6pm","data_as_of":"2017-05-12T17:13:26.000","analysis_neighborhood":"Pacific Heights","supervisor_district":"2","data_loaded_at":"2026-06-13T10:29:08.190",":id":"row-5vwn-ugne~i5ze",":version":"rv-3eef.hick~mpue",":created_at":"2026-06-13T17:29:18.307Z",":updated_at":"2026-06-13T17:29:18.307Z"}},{"type":"Feature","geometry":{"type":"MultiLineString","coordinates":[[[-122.431838955,37.788112109],[-122.430483422,37.788284273]]]},"properties":{"objectid":"2948","agency":null,"regulation":"Time limited","days":"M-F","hours":"800-1800","hrs_begin":"800","hrs_end":"1800","regdetails":null,"modified":null,"editor":null,"rpparea1":"G","rpparea2":null,"rpparea3":null,"fid_100":"5582","length_ft":"397","conflict":"0","enacted":null,"created_us":null,"created_da":null,"last_edite":null,"last_edi_1":null,"hrlimit":"2","created_user":null,"created_date":null,"last_edited_user":"MTA","last_edited_date":"2017-05-12 17:13:10-07:00","rpp_sym":"lapis lazuli, 2.5 pt, no dash","mtab_date":null,"mtab_motion":null,"mtab_reso_text":null,"sym_rpp2":"lapis lazuli, 2.5 pt, no dash | 2, M-F, 800-1800","globalid":null,"exceptions":"Yes. RPP holders are exempt from time limits.","from_time":"8am","to_time":"6pm","data_as_of":"2017-05-12T17:13:10.000","analysis_neighborhood":"Pacific Heights","supervisor_district":"5","data_loaded_at":"2026-06-13T10:29:08.190",":id":"row-jqxe~f6d3_3qnb",":version":"rv-nfqq~ys62_fm5a",":created_at":"2026-06-13T17:29:18.307Z",":updated_at":"2026-06-13T17:29:18.307Z"}},{"type":"Feature","geometry":{"type":"MultiLineString","coordinates":[[[-122.427155561,37.788890663],[-122.427300485,37.789605476]]]},"properties":{"objectid":"4573","agency":null,"regulation":"Time limited","days":"M-F","hours":"800-1800","hrs_begin":"800","hrs_end":"1800","regdetails":null,"modified":null,"editor":null,"rpparea1":"G","rpparea2":null,"rpparea3":null,"fid_100":"5625","length_ft":"264","conflict":"0","enacted":null,"created_us":null,"created_da":null,"last_edite":null,"last_edi_1":null,"hrlimit":"2","created_user":null,"created_date":null,"last_edited_user":"MTA","last_edited_date":"2017-05-12 17:13:11-07:00","rpp_sym":"lapis lazuli, 2.5 pt, no dash","mtab_date":null,"mtab_motion":null,"mtab_reso_text":null,"sym_rpp2":"lapis lazuli, 2.5 pt, no dash | 2, M-F, 800-1800","globalid":null,"exceptions":"Yes. RPP holders are exempt from time limits.","from_time":"8am","to_time":"6pm","data_as_of":"2017-05-12T17:13:11.000","analysis_neighborhood":"Pacific Heights","supervisor_district":"5","data_loaded_at":"2026-06-13T10:29:08.190",":id":"row-ysca_i9u5~hu5d",":version":"rv-xnsa.me83.e52j",":created_at":"2026-06-13T17:29:18.307Z",":updated_at":"2026-06-13T17:29:18.307Z"}},{"type":"Feature","geometry":{"type":"MultiLineString","coordinates":[[[-122.429677224,37.793939479],[-122.428267805,37.794119561]]]},"properties":{"objectid":"4816","agency":null,"regulation":"Time limited","days":"M-F","hours":"800-1800","hrs_begin":"800","hrs_end":"1800","regdetails":null,"modified":null,"editor":null,"rpparea1":"G","rpparea2":null,"rpparea3":null,"fid_100":"5830","length_ft":"412","conflict":"0","enacted":null,"created_us":null,"created_da":null,"last_edite":null,"last_edi_1":null,"hrlimit":"2","created_user":null,"created_date":null,"last_edited_user":"MTA","last_edited_date":"2017-05-12 17:13:26-07:00","rpp_sym":"lapis lazuli, 2.5 pt, no dash","mtab_date":null,"mtab_motion":null,"mtab_reso_text":null,"sym_rpp2":"lapis lazuli, 2.5 pt, no dash | 2, M-F, 800-1800","globalid":null,"exceptions":"Yes. RPP holders are exempt from time limits.","from_time":"8am","to_time":"6pm","data_as_of":"2017-05-12T17:13:26.000","analysis_neighborhood":"Pacific Heights","supervisor_district":"2","data_loaded_at":"2026-06-13T10:29:08.190",":id":"row-tx98~nx49.fsm8",":version":"rv-ytit-i27s_8uaj",":created_at":"2026-06-13T17:29:18.307Z",":updated_at":"2026-06-13T17:29:18.307Z"}},{"type":"Feature","geometry":{"type":"MultiLineString","coordinates":[[[-122.435654325,37.789197795],[-122.435722723,37.789534107]]]},"properties":{"objectid":"2590","agency":null,"regulation":"Time limited","days":"M-F","hours":"800-1800","hrs_begin":"800","hrs_end":"1800","regdetails":null,"modified":null,"editor":null,"rpparea1":"G","rpparea2":null,"rpparea3":null,"fid_100":"5718","length_ft":"124","conflict":"0","enacted":null,"created_us":null,"created_da":null,"last_edite":null,"last_edi_1":null,"hrlimit":"2","created_user":null,"created_date":null,"last_edited_user":"MTA","last_edited_date":"2017-05-12 17:13:28-07:00","rpp_sym":"lapis lazuli, 2.5 pt, no dash","mtab_date":null,"mtab_motion":null,"mtab_reso_text":null,"sym_rpp2":"lapis lazuli, 2.5 pt, no dash | 2, M-F, 800-1800","globalid":null,"exceptions":"Yes. RPP holders are exempt from time limits.","from_time":"8am","to_time":"6pm","data_as_of":"2017-05-12T17:13:28.000","analysis_neighborhood":"Pacific Heights","supervisor_district":"2","data_loaded_at":"2026-06-13T10:29:08.190",":id":"row-akvh~gsgx_ynvz",":version":"rv-hbtd-iv52.g7mb",":created_at":"2026-06-13T17:29:18.307Z",":updated_at":"2026-06-13T17:29:18.307Z"}},{"type":"Feature","geometry":{"type":"MultiLineString","coordinates":[[[-122.428039915,37.794148023],[-122.426619787,37.794330078]]]},"properties":{"objectid":"7038","agency":null,"regulation":"Time limited","days":"M-F","hours":"800-1800","hrs_begin":"800","hrs_end":"1800","regdetails":null,"modified":null,"editor":null,"rpparea1":"G","rpparea2":null,"rpparea3":null,"fid_100":"5832","length_ft":"416","conflict":"0","enacted":null,"created_us":null,"created_da":null,"last_edite":null,"last_edi_1":null,"hrlimit":"2","created_user":null,"created_date":null,"last_edited_user":"MTA","last_edited_date":"2017-05-12 17:13:28-07:00","rpp_sym":"lapis lazuli, 2.5 pt, no dash","mtab_date":null,"mtab_motion":null,"mtab_reso_text":null,"sym_rpp2":"lapis lazuli, 2.5 pt, no dash | 2, M-F, 800-1800","globalid":null,"exceptions":"Yes. RPP holders are exempt from time limits.","from_time":"8am","to_time":"6pm","data_as_of":"2017-05-12T17:13:28.000","analysis_neighborhood":"Pacific Heights","supervisor_district":"2","data_loaded_at":"2026-06-13T10:29:08.190",":id":"row-r8rf.re39~cymr",":version":"rv-yj5z.ye2d.fxgz",":created_at":"2026-06-13T17:29:18.307Z",":updated_at":"2026-06-13T17:29:18.307Z"}},{"type":"Feature","geometry":{"type":"MultiLineString","coordinates":[[[-122.444162401,37.79029014],[-122.442767431,37.790467679]]]},"properties":{"objectid":"6952","agency":null,"regulation":"Time limited","days":"M-F","hours":"800-1800","hrs_begin":"800","hrs_end":"1800","regdetails":null,"modified":null,"editor":null,"rpparea1":"G","rpparea2":null,"rpparea3":null,"fid_100":"5945","length_ft":"408","conflict":"0","enacted":null,"created_us":null,"created_da":null,"last_edite":null,"last_edi_1":null,"hrlimit":"2","created_user":null,"created_date":null,"last_edited_user":"MTA","last_edited_date":"2017-05-12 17:13:12-07:00","rpp_sym":"lapis lazuli, 2.5 pt, no dash","mtab_date":null,"mtab_motion":null,"mtab_reso_text":null,"sym_rpp2":"lapis lazuli, 2.5 pt, no dash | 2, M-F, 800-1800","globalid":null,"exceptions":"Yes. RPP holders are exempt from time limits.","from_time":"8am","to_time":"6pm","data_as_of":"2017-05-12T17:13:12.000","analysis_neighborhood":"Pacific Heights","supervisor_district":"2","data_loaded_at":"2026-06-13T10:29:08.190",":id":"row-cjrv.8xmn_vgqf",":version":"rv-tbsj_r52u-577m",":created_at":"2026-06-13T17:29:18.307Z",":updated_at":"2026-06-13T17:29:18.307Z"}},{"type":"Feature","geometry":{"type":"MultiLineString","coordinates":[[[-122.444346891,37.791170638],[-122.442937343,37.791350033]]]},"properties":{"objectid":"2600","agency":null,"regulation":"Time limited","days":"M-F","hours":"800-1800","hrs_begin":"800","hrs_end":"1800","regdetails":null,"modified":null,"editor":null,"rpparea1":"G","rpparea2":null,"rpparea3":null,"fid_100":"5924","length_ft":"413","conflict":"0","enacted":null,"created_us":null,"created_da":null,"last_edite":null,"last_edi_1":null,"hrlimit":"3","created_user":null,"created_date":null,"last_edited_user":"MTA","last_edited_date":"2017-05-12 17:13:03-07:00","rpp_sym":"lapis lazuli, 2.5 pt, dash 3:1, interval 2","mtab_date":null,"mtab_motion":null,"mtab_reso_text":null,"sym_rpp2":"lapis lazuli, 2.5 pt, dash 3:1, interval 2 | 3, M-F, 800-1800","globalid":null,"exceptions":"Yes. RPP holders are exempt from time limits.","from_time":"8am","to_time":"6pm","data_as_of":"2017-05-12T17:13:03.000","analysis_neighborhood":"Pacific Heights","supervisor_district":"2","data_loaded_at":"2026-06-13T10:29:08.190",":id":"row-4j99.zf9p-z8dg",":version":"rv-2mv2-wszs.6928",":created_at":"2026-06-13T17:29:18.307Z",":updated_at":"2026-06-13T17:29:18.307Z"}},{"type":"Feature","geometry":{"type":"MultiLineString","coordinates":[[[-122.43333391,37.794329666],[-122.433196122,37.79364999]]]},"properties":{"objectid":"3903","agency":null,"regulation":"Time limited","days":"M-F","hours":"800-1800","hrs_begin":"800","hrs_end":"1800","regdetails":null,"modified":null,"editor":null,"rpparea1":"G","rpparea2":"K","rpparea3":null,"fid_100":"5811","length_ft":"251","conflict":"0","enacted":null,"created_us":null,"created_da":null,"last_edite":null,"last_edi_1":null,"hrlimit":"2","created_user":null,"created_date":null,"last_edited_user":"MTA","last_edited_date":"2017-05-12 17:13:13-07:00","rpp_sym":"lapis lazuli, 2.5 pt, no dash","mtab_date":null,"mtab_motion":null,"mtab_reso_text":null,"sym_rpp2":"lapis lazuli, 2.5 pt, no dash | 2, M-F, 800-1800","globalid":null,"exceptions":"Yes. RPP holders are exempt from time limits.","from_time":"8am","to_time":"6pm","data_as_of":"2017-05-12T17:13:13.000","analysis_neighborhood":"Pacific Heights","supervisor_district":"2","data_loaded_at":"2026-06-13T10:29:08.190",":id":"row-xdkb_2j63~h5f8",":version":"rv-yk2z-8ehe-vsht",":created_at":"2026-06-13T17:29:18.307Z",":updated_at":"2026-06-13T17:29:18.307Z"}},{"type":"Feature","geometry":{"type":"MultiLineString","coordinates":[[[-122.426348244,37.785942065],[-122.425008059,37.786109872]]]},"properties":{"objectid":"7470","agency":null,"regulation":"Time limited","days":"M-Su","hours":"800-2100","hrs_begin":"800","hrs_end":"2100","regdetails":null,"modified":"2015-01-08 16:00:00-08:00","editor":"Mark C. Dreger","rpparea1":"G","rpparea2":null,"rpparea3":null,"fid_100":"1252","length_ft":"392","conflict":"0","enacted":null,"created_us":null,"created_da":null,"last_edite":null,"last_edi_1":null,"hrlimit":"2","created_user":null,"created_date":null,"last_edited_user":"MTA","last_edited_date":"2017-05-12 17:17:27-07:00","rpp_sym":"malachite green, 2.5 pt, no dash","mtab_date":null,"mtab_motion":null,"mtab_reso_text":null,"sym_rpp2":"malachite green, 2.5 pt, no dash | 2, M-Su, 800-2100","globalid":null,"exceptions":"Yes. RPP holders are exempt from time limits.","from_time":"8am","to_time":"9pm","data_as_of":"2017-05-12T17:17:27.000","analysis_neighborhood":"Japantown","supervisor_district":"2","data_loaded_at":"2026-06-13T10:29:08.190",":id":"row-7b9s_974c~sihw",":version":"rv-4a94~7cyj-3v2j",":created_at":"2026-06-13T17:29:18.307Z",":updated_at":"2026-06-13T17:29:18.307Z"}},{"type":"Feature","geometry":{"type":"MultiLineString","coordinates":[[[-122.428804371,37.788697572],[-122.42894615,37.78939963]]]},"properties":{"objectid":"6200","agency":null,"regulation":"Time limited","days":"M-F","hours":"800-1800","hrs_begin":"800","hrs_end":"1800","regdetails":null,"modified":null,"editor":null,"rpparea1":"G","rpparea2":null,"rpparea3":null,"fid_100":"5614","length_ft":"259","conflict":"0","enacted":null,"created_us":null,"created_da":null,"last_edite":null,"last_edi_1":null,"hrlimit":"2","created_user":null,"created_date":null,"last_edited_user":"MTA","last_edited_date":"2017-05-12 17:13:37-07:00","rpp_sym":"lapis lazuli, 2.5 pt, no dash","mtab_date":null,"mtab_motion":null,"mtab_reso_text":null,"sym_rpp2":"lapis lazuli, 2.5 pt, no dash | 2, M-F, 800-1800","globalid":null,"exceptions":"Yes. RPP holders are exempt from time limits.","from_time":"8am","to_time":"6pm","data_as_of":"2017-05-12T17:13:37.000","analysis_neighborhood":"Pacific Heights","supervisor_district":"5","data_loaded_at":"2026-06-13T10:29:08.190",":id":"row-b9rk~jzrh~eqs7",":version":"rv-wsyh_9hrx-txwe",":created_at":"2026-06-13T17:29:18.307Z",":updated_at":"2026-06-13T17:29:18.307Z"}},{"type":"Feature","geometry":{"type":"MultiLineString","coordinates":[[[-122.431878572,37.795545258],[-122.431726372,37.794805883]]]},"properties":{"objectid":"1251","agency":null,"regulation":"Time limited","days":"M-F","hours":"800-1800","hrs_begin":"800","hrs_end":"1800","regdetails":null,"modified":null,"editor":null,"rpparea1":"G","rpparea2":"K","rpparea3":null,"fid_100":"6088","length_ft":"273","conflict":"0","enacted":null,"created_us":null,"created_da":null,"last_edite":null,"last_edi_1":null,"hrlimit":"2","created_user":null,"created_date":null,"last_edited_user":"MTA","last_edited_date":"2017-05-12 17:13:00-07:00","rpp_sym":"lapis lazuli, 2.5 pt, no dash","mtab_date":null,"mtab_motion":null,"mtab_reso_text":null,"sym_rpp2":"lapis lazuli, 2.5 pt, no dash | 2, M-F, 800-1800","globalid":null,"exceptions":"Yes. RPP holders are exempt from time limits.","from_time":"8am","to_time":"6pm","data_as_of":"2017-05-12T17:13:00.000","analysis_neighborhood":"Pacific Heights","supervisor_district":"2","data_loaded_at":"2026-06-13T10:29:08.190",":id":"row-bex8~xw87_2mdy",":version":"rv-94aq.pz2m-33s9",":created_at":"2026-06-13T17:29:18.307Z",":updated_at":"2026-06-13T17:29:18.307Z"}},{"type":"Feature","geometry":{"type":"MultiLineString","coordinates":[[[-122.431186671,37.792812362],[-122.431046901,37.792121195]]]},"properties":{"objectid":"521","agency":null,"regulation":"Time limited","days":"M-F","hours":"800-1800","hrs_begin":"800","hrs_end":"1800","regdetails":null,"modified":null,"editor":null,"rpparea1":"G","rpparea2":null,"rpparea3":null,"fid_100":"5870","length_ft":"255","conflict":"0","enacted":null,"created_us":null,"created_da":null,"last_edite":null,"last_edi_1":null,"hrlimit":"2","created_user":null,"created_date":null,"last_edited_user":"MTA","last_edited_date":"2017-05-12 17:13:37-07:00","rpp_sym":"lapis lazuli, 2.5 pt, no dash","mtab_date":null,"mtab_motion":null,"mtab_reso_text":null,"sym_rpp2":"lapis lazuli, 2.5 pt, no dash | 2, M-F, 800-1800","globalid":null,"exceptions":"Yes. RPP holders are exempt from time limits.","from_time":"8am","to_time":"6pm","data_as_of":"2017-05-12T17:13:37.000","analysis_neighborhood":"Pacific Heights","supervisor_district":"2","data_loaded_at":"2026-06-13T10:29:08.190",":id":"row-kqpk.uy5e.uaib",":version":"rv-777y-f8wg-meaf",":created_at":"2026-06-13T17:29:18.307Z",":updated_at":"2026-06-13T17:29:18.307Z"}},{"type":"Feature","geometry":{"type":"MultiLineString","coordinates":[[[-122.439960768,37.794512464],[-122.439808341,37.793757214]]]},"properties":{"objectid":"5736","agency":null,"regulation":"Time limited","days":"M-F","hours":"800-1800","hrs_begin":"800","hrs_end":"1800","regdetails":null,"modified":null,"editor":null,"rpparea1":"G","rpparea2":"K","rpparea3":null,"fid_100":"6064","length_ft":"279","conflict":"0","enacted":null,"created_us":null,"created_da":null,"last_edite":null,"last_edi_1":null,"hrlimit":"2","created_user":null,"created_date":null,"last_edited_user":"MTA","last_edited_date":"2017-05-12 17:13:35-07:00","rpp_sym":"lapis lazuli, 2.5 pt, no dash","mtab_date":null,"mtab_motion":null,"mtab_reso_text":null,"sym_rpp2":"lapis lazuli, 2.5 pt, no dash | 2, M-F, 800-1800","globalid":null,"exceptions":"Yes. RPP holders are exempt from time limits.","from_time":"8am","to_time":"6pm","data_as_of":"2017-05-12T17:13:35.000","analysis_neighborhood":"Pacific Heights","supervisor_district":"2","data_loaded_at":"2026-06-13T10:29:08.190",":id":"row-fafy_xzu5~tpuw",":version":"rv-p947_q4i9-5bz2",":created_at":"2026-06-13T17:29:18.307Z",":updated_at":"2026-06-13T17:29:18.307Z"}},{"type":"Feature","geometry":{"type":"MultiLineString","coordinates":[[[-122.424020094,37.791044756],[-122.42305748,37.791166447]]]},"properties":{"objectid":"2367","agency":null,"regulation":"Time limited","days":"M-Sa","hours":"800-2300","hrs_begin":"800","hrs_end":"2300","regdetails":"MON - FRI: 8AM - 11PM; SAT: 5PM - 11PM","modified":"2015-01-08 16:00:00-08:00","editor":"Mark C. Dreger","rpparea1":"C","rpparea2":"G","rpparea3":null,"fid_100":"5667","length_ft":"381","conflict":"0","enacted":null,"created_us":null,"created_da":null,"last_edite":null,"last_edi_1":null,"hrlimit":"2","created_user":null,"created_date":null,"last_edited_user":"RAYNELLCOOPER","last_edited_date":"2024-11-26 17:06:58-08:00","rpp_sym":"leaf green, 2.5 pt, no dash","mtab_date":null,"mtab_motion":null,"mtab_reso_text":null,"sym_rpp2":"leaf green, 2.5 pt, no dash | 2, M-Sa, 800-2300","globalid":null,"exceptions":"Yes. RPP holders are exempt from time limits.","from_time":"8am","to_time":"11pm","data_as_of":"2024-11-26T17:06:58.000","analysis_neighborhood":"Pacific Heights","supervisor_district":"2","data_loaded_at":"2026-06-13T10:29:08.190",":id":"row-v7st-n53m-hfed",":version":"rv-84g4.dyh6.9ceq",":created_at":"2026-06-13T17:29:18.307Z",":updated_at":"2026-06-13T17:29:18.307Z"}},{"type":"Feature","geometry":{"type":"MultiLineString","coordinates":[[[-122.444603523,37.783153393],[-122.444688857,37.783577092]]]},"properties":{"objectid":"1414","agency":null,"regulation":"Time limited","days":"M-F","hours":"800-1800","hrs_begin":"800","hrs_end":"1800","regdetails":null,"modified":null,"editor":null,"rpparea1":"G","rpparea2":null,"rpparea3":null,"fid_100":"6036","length_ft":"156","conflict":"0","enacted":null,"created_us":null,"created_da":null,"last_edite":null,"last_edi_1":null,"hrlimit":"2","created_user":null,"created_date":null,"last_edited_user":"MTA","last_edited_date":"2017-05-12 17:13:36-07:00","rpp_sym":"lapis lazuli, 2.5 pt, no dash","mtab_date":null,"mtab_motion":null,"mtab_reso_text":null,"sym_rpp2":"lapis lazuli, 2.5 pt, no dash | 2, M-F, 800-1800","globalid":null,"exceptions":"Yes. RPP holders are exempt from time limits.","from_time":"8am","to_time":"6pm","data_as_of":"2017-05-12T17:13:36.000","analysis_neighborhood":"Presidio Heights","supervisor_district":"2","data_loaded_at":"2026-06-13T10:29:08.190",":id":"row-ect9~fzqv-gcne",":version":"rv-ykqy_7ux7.77gz",":created_at":"2026-06-13T17:29:18.307Z",":updated_at":"2026-06-13T17:29:18.307Z"}},{"type":"Feature","geometry":{"type":"MultiLineString","coordinates":[[[-122.433172869,37.794578902],[-122.431775243,37.794757503]]]},"properties":{"objectid":"4297","agency":null,"regulation":"Time limited","days":"M-F","hours":"800-1800","hrs_begin":"800","hrs_end":"1800","regdetails":null,"modified":null,"editor":null,"rpparea1":"G","rpparea2":"K","rpparea3":null,"fid_100":"6087","length_ft":"409","conflict":"0","enacted":null,"created_us":null,"created_da":null,"last_edite":null,"last_edi_1":null,"hrlimit":"2","created_user":null,"created_date":null,"last_edited_user":"MTA","last_edited_date":"2017-05-12 17:13:10-07:00","rpp_sym":"lapis lazuli, 2.5 pt, no dash","mtab_date":null,"mtab_motion":null,"mtab_reso_text":null,"sym_rpp2":"lapis lazuli, 2.5 pt, no dash | 2, M-F, 800-1800","globalid":null,"exceptions":"Yes. RPP holders are exempt from time limits.","from_time":"8am","to_time":"6pm","data_as_of":"2017-05-12T17:13:10.000","analysis_neighborhood":"Pacific Heights","supervisor_district":"2","data_loaded_at":"2026-06-13T10:29:08.190",":id":"row-38fb.wh7b~tvhi",":version":"rv-ehub_wkr9_4zs4",":created_at":"2026-06-13T17:29:18.307Z",":updated_at":"2026-06-13T17:29:18.307Z"}},{"type":"Feature","geometry":{"type":"MultiLineString","coordinates":[[[-122.441618198,37.794303973],[-122.441464595,37.793545763]]]},"properties":{"objectid":"2423","agency":null,"regulation":"Time limited","days":"M-F","hours":"800-1800","hrs_begin":"800","hrs_end":"1800","regdetails":null,"modified":"2015-01-08 16:00:00-08:00","editor":"Mark C. Dreger","rpparea1":"G","rpparea2":"K","rpparea3":null,"fid_100":"6058","length_ft":"280","conflict":"0","enacted":null,"created_us":null,"created_da":null,"last_edite":null,"last_edi_1":null,"hrlimit":"3","created_user":null,"created_date":null,"last_edited_user":"MTA","last_edited_date":"2017-05-12 17:12:58-07:00","rpp_sym":"lapis lazuli, 2.5 pt, dash 3:1, interval 2","mtab_date":null,"mtab_motion":null,"mtab_reso_text":null,"sym_rpp2":"lapis lazuli, 2.5 pt, dash 3:1, interval 2 | 3, M-F, 800-1800","globalid":null,"exceptions":"Yes. RPP holders are exempt from time limits.","from_time":"8am","to_time":"6pm","data_as_of":"2017-05-12T17:12:58.000","analysis_neighborhood":"Pacific Heights","supervisor_district":"2","data_loaded_at":"2026-06-13T10:29:08.190",":id":"row-giwt~3exp-uspg",":version":"rv-ze6j_3ae5.eu72",":created_at":"2026-06-13T17:29:18.307Z",":updated_at":"2026-06-13T17:29:18.307Z"}},{"type":"Feature","geometry":{"type":"MultiLineString","coordinates":[[[-122.441040086,37.79064531],[-122.44090307,37.78996857]]]},"properties":{"objectid":"5081","agency":null,"regulation":"Time limited","days":"M-F","hours":"800-1800","hrs_begin":"800","hrs_end":"1800","regdetails":null,"modified":null,"editor":null,"rpparea1":"G","rpparea2":null,"rpparea3":null,"fid_100":"5787","length_ft":"250","conflict":"0","enacted":null,"created_us":null,"created_da":null,"last_edite":null,"last_edi_1":null,"hrlimit":"2","created_user":null,"created_date":null,"last_edited_user":"MTA","last_edited_date":"2017-05-12 17:13:27-07:00","rpp_sym":"lapis lazuli, 2.5 pt, no dash","mtab_date":null,"mtab_motion":null,"mtab_reso_text":null,"sym_rpp2":"lapis lazuli, 2.5 pt, no dash | 2, M-F, 800-1800","globalid":null,"exceptions":"Yes. RPP holders are exempt from time limits.","from_time":"8am","to_time":"6pm","data_as_of":"2017-05-12T17:13:27.000","analysis_neighborhood":"Pacific Heights","supervisor_district":"2","data_loaded_at":"2026-06-13T10:29:08.190",":id":"row-2qt2~w93a~76e7",":version":"rv-hq4f_2u3t~gett",":created_at":"2026-06-13T17:29:18.307Z",":updated_at":"2026-06-13T17:29:18.307Z"}},{"type":"Feature","geometry":{"type":"MultiLineString","coordinates":[[[-122.431493552,37.793653748],[-122.431356765,37.792976821]]]},"properties":{"objectid":"6269","agency":null,"regulation":"Time limited","days":"M-F","hours":"800-1800","hrs_begin":"800","hrs_end":"1800","regdetails":null,"modified":null,"editor":null,"rpparea1":"G","rpparea2":null,"rpparea3":null,"fid_100":"5819","length_ft":"250","conflict":"0","enacted":null,"created_us":null,"created_da":null,"last_edite":null,"last_edi_1":null,"hrlimit":"2","created_user":null,"created_date":null,"last_edited_user":"MTA","last_edited_date":"2017-05-12 17:13:14-07:00","rpp_sym":"lapis lazuli, 2.5 pt, no dash","mtab_date":null,"mtab_motion":null,"mtab_reso_text":null,"sym_rpp2":"lapis lazuli, 2.5 pt, no dash | 2, M-F, 800-1800","globalid":null,"exceptions":"Yes. RPP holders are exempt from time limits.","from_time":"8am","to_time":"6pm","data_as_of":"2017-05-12T17:13:14.000","analysis_neighborhood":"Pacific Heights","supervisor_district":"2","data_loaded_at":"2026-06-13T10:29:08.190",":id":"row-3uc3.5rak-sdyp",":version":"rv-zdv9~44sw-zz39",":created_at":"2026-06-13T17:29:18.307Z",":updated_at":"2026-06-13T17:29:18.307Z"}},{"type":"Feature","geometry":{"type":"MultiLineString","coordinates":[[[-122.435516388,37.789187178],[-122.435588173,37.789543714]]]},"properties":{"objectid":"7225","agency":null,"regulation":"Time limited","days":"M-F","hours":"800-1800","hrs_begin":"800","hrs_end":"1800","regdetails":null,"modified":null,"editor":null,"rpparea1":"G","rpparea2":null,"rpparea3":null,"fid_100":"5719","length_ft":"131","conflict":"0","enacted":null,"created_us":null,"created_da":null,"last_edite":null,"last_edi_1":null,"hrlimit":"2","created_user":null,"created_date":null,"last_edited_user":"MTA","last_edited_date":"2017-05-12 17:13:38-07:00","rpp_sym":"lapis lazuli, 2.5 pt, no dash","mtab_date":null,"mtab_motion":null,"mtab_reso_text":null,"sym_rpp2":"lapis lazuli, 2.5 pt, no dash | 2, M-F, 800-1800","globalid":null,"exceptions":"Yes. RPP holders are exempt from time limits.","from_time":"8am","to_time":"6pm","data_as_of":"2017-05-12T17:13:38.000","analysis_neighborhood":"Pacific Heights","supervisor_district":"2","data_loaded_at":"2026-06-13T10:29:08.190",":id":"row-78w5~2jgp.s34v",":version":"rv-vin6~5euj.mxgk",":created_at":"2026-06-13T17:29:18.307Z",":updated_at":"2026-06-13T17:29:18.307Z"}},{"type":"Feature","geometry":{"type":"MultiLineString","coordinates":[[[-122.446106762,37.784508884],[-122.444946315,37.784656607]]]},"properties":{"objectid":"3088","agency":null,"regulation":"Time limited","days":"M-F","hours":"800-1800","hrs_begin":"800","hrs_end":"1800","regdetails":null,"modified":null,"editor":null,"rpparea1":"G","rpparea2":null,"rpparea3":null,"fid_100":"6016","length_ft":"340","conflict":"0","enacted":null,"created_us":null,"created_da":null,"last_edite":null,"last_edi_1":null,"hrlimit":"2","created_user":null,"created_date":null,"last_edited_user":"MTA","last_edited_date":"2017-05-12 17:13:15-07:00","rpp_sym":"lapis lazuli, 2.5 pt, no dash","mtab_date":null,"mtab_motion":null,"mtab_reso_text":null,"sym_rpp2":"lapis lazuli, 2.5 pt, no dash | 2, M-F, 800-1800","globalid":null,"exceptions":"Yes. RPP holders are exempt from time limits.","from_time":"8am","to_time":"6pm","data_as_of":"2017-05-12T17:13:15.000","analysis_neighborhood":"Presidio Heights","supervisor_district":"2","data_loaded_at":"2026-06-13T10:29:08.190",":id":"row-wgyz.w3p4_6sx6",":version":"rv-7psg_xyjm~znzd",":created_at":"2026-06-13T17:29:18.307Z",":updated_at":"2026-06-13T17:29:18.307Z"}},{"type":"Feature","geometry":{"type":"MultiLineString","coordinates":[[[-122.43827646,37.794768675],[-122.436878144,37.794946477]]]},"properties":{"objectid":"6733","agency":null,"regulation":"Time limited","days":"M-F","hours":"800-1800","hrs_begin":"800","hrs_end":"1800","regdetails":null,"modified":null,"editor":null,"rpparea1":"G","rpparea2":"K","rpparea3":null,"fid_100":"6071","length_ft":"409","conflict":"0","enacted":null,"created_us":null,"created_da":null,"last_edite":null,"last_edi_1":null,"hrlimit":"2","created_user":null,"created_date":null,"last_edited_user":"MTA","last_edited_date":"2017-05-12 17:13:37-07:00","rpp_sym":"lapis lazuli, 2.5 pt, no dash","mtab_date":null,"mtab_motion":null,"mtab_reso_text":null,"sym_rpp2":"lapis lazuli, 2.5 pt, no dash | 2, M-F, 800-1800","globalid":null,"exceptions":"Yes. RPP holders are exempt from time limits.","from_time":"8am","to_time":"6pm","data_as_of":"2017-05-12T17:13:37.000","analysis_neighborhood":"Pacific Heights","supervisor_district":"2","data_loaded_at":"2026-06-13T10:29:08.190",":id":"row-d3vc_9gu5-r5j2",":version":"rv-e6nk.bbp9.4p3f",":created_at":"2026-06-13T17:29:18.307Z",":updated_at":"2026-06-13T17:29:18.307Z"}},{"type":"Feature","geometry":{"type":"MultiLineString","coordinates":[[[-122.424542222,37.793691387],[-122.423797629,37.793785993]]]},"properties":{"objectid":"2988","agency":null,"regulation":"Time limited","days":"M-Sa","hours":"800-2300","hrs_begin":"800","hrs_end":"2300","regdetails":"MON - FRI: 8AM - 11PM; SAT: 5PM - 11PM","modified":"2015-01-08 16:00:00-08:00","editor":"Mark C. Dreger","rpparea1":"C","rpparea2":"G","rpparea3":null,"fid_100":"5852","length_ft":"218","conflict":"0","enacted":null,"created_us":null,"created_da":null,"last_edite":null,"last_edi_1":null,"hrlimit":"2","created_user":null,"created_date":null,"last_edited_user":"MTA","last_edited_date":"2017-05-12 17:19:20-07:00","rpp_sym":"leaf green, 2.5 pt, no dash","mtab_date":null,"mtab_motion":null,"mtab_reso_text":null,"sym_rpp2":"leaf green, 2.5 pt, no dash | 2, M-Sa, 800-2300","globalid":null,"exceptions":"Yes. RPP holders are exempt from time limits.","from_time":"8am","to_time":"11pm","data_as_of":"2017-05-12T17:19:20.000","analysis_neighborhood":"Pacific Heights","supervisor_district":"2","data_loaded_at":"2026-06-13T10:29:08.190",":id":"row-hn8f_6ggn_pwc6",":version":"rv-myek.qibr.7qwj",":created_at":"2026-06-13T17:29:18.307Z",":updated_at":"2026-06-13T17:29:18.307Z"}},{"type":"Feature","geometry":{"type":"MultiLineString","coordinates":[[[-122.445806601,37.790080851],[-122.444408079,37.79025887]]]},"properties":{"objectid":"5234","agency":null,"regulation":"Time limited","days":"M-F","hours":"800-1800","hrs_begin":"800","hrs_end":"1800","regdetails":null,"modified":null,"editor":null,"rpparea1":"G","rpparea2":null,"rpparea3":null,"fid_100":"5943","length_ft":"409","conflict":"0","enacted":null,"created_us":null,"created_da":null,"last_edite":null,"last_edi_1":null,"hrlimit":"2","created_user":null,"created_date":null,"last_edited_user":"MTA","last_edited_date":"2017-05-12 17:13:10-07:00","rpp_sym":"lapis lazuli, 2.5 pt, no dash","mtab_date":null,"mtab_motion":null,"mtab_reso_text":null,"sym_rpp2":"lapis lazuli, 2.5 pt, no dash | 2, M-F, 800-1800","globalid":null,"exceptions":"Yes. RPP holders are exempt from time limits.","from_time":"8am","to_time":"6pm","data_as_of":"2017-05-12T17:13:10.000","analysis_neighborhood":"Pacific Heights","supervisor_district":"2","data_loaded_at":"2026-06-13T10:29:08.190",":id":"row-ftbh.z4wc~eph8",":version":"rv-cqwu-gywy~2thg",":created_at":"2026-06-13T17:29:18.307Z",":updated_at":"2026-06-13T17:29:18.307Z"}},{"type":"Feature","geometry":{"type":"MultiLineString","coordinates":[[[-122.43662288,37.786684583],[-122.435241763,37.78686093]]]},"properties":{"objectid":"5428","agency":null,"regulation":"Time limited","days":"M-F","hours":"800-1800","hrs_begin":"800","hrs_end":"1800","regdetails":null,"modified":null,"editor":null,"rpparea1":"G","rpparea2":null,"rpparea3":null,"fid_100":"5694","length_ft":"404","conflict":"0","enacted":null,"created_us":null,"created_da":null,"last_edite":null,"last_edi_1":null,"hrlimit":"2","created_user":null,"created_date":null,"last_edited_user":"MTA","last_edited_date":"2017-05-12 17:13:10-07:00","rpp_sym":"lapis lazuli, 2.5 pt, no dash","mtab_date":null,"mtab_motion":null,"mtab_reso_text":null,"sym_rpp2":"lapis lazuli, 2.5 pt, no dash | 2, M-F, 800-1800","globalid":null,"exceptions":"Yes. RPP holders are exempt from time limits.","from_time":"8am","to_time":"6pm","data_as_of":"2017-05-12T17:13:10.000","analysis_neighborhood":"Pacific Heights","supervisor_district":"5","data_loaded_at":"2026-06-13T10:29:08.190",":id":"row-qwze.ism3-7zu9",":version":"rv-6rg5_tfp4~yuhi",":created_at":"2026-06-13T17:29:18.307Z",":updated_at":"2026-06-13T17:29:18.307Z"}},{"type":"Feature","geometry":{"type":"MultiLineString","coordinates":[[[-122.445290333,37.787534308],[-122.443891838,37.787712219]]]},"properties":{"objectid":"5785","agency":null,"regulation":"Time limited","days":"M-F","hours":"800-1800","hrs_begin":"800","hrs_end":"1800","regdetails":null,"modified":null,"editor":null,"rpparea1":"G","rpparea2":null,"rpparea3":null,"fid_100":"5988","length_ft":"409","conflict":"0","enacted":null,"created_us":null,"created_da":null,"last_edite":null,"last_edi_1":null,"hrlimit":"2","created_user":null,"created_date":null,"last_edited_user":"MTA","last_edited_date":"2017-05-12 17:13:00-07:00","rpp_sym":"lapis lazuli, 2.5 pt, no dash","mtab_date":null,"mtab_motion":null,"mtab_reso_text":null,"sym_rpp2":"lapis lazuli, 2.5 pt, no dash | 2, M-F, 800-1800","globalid":null,"exceptions":"Yes. RPP holders are exempt from time limits.","from_time":"8am","to_time":"6pm","data_as_of":"2017-05-12T17:13:00.000","analysis_neighborhood":"Pacific Heights","supervisor_district":"2","data_loaded_at":"2026-06-13T10:29:08.190",":id":"row-89qx-fum9~b3vx",":version":"rv-2qvf-8rmh-3mkm",":created_at":"2026-06-13T17:29:18.307Z",":updated_at":"2026-06-13T17:29:18.307Z"}},{"type":"Feature","geometry":{"type":"MultiLineString","coordinates":[[[-122.429860175,37.794833805],[-122.428454691,37.795013471]]]},"properties":{"objectid":"5765","agency":null,"regulation":"Time limited","days":"M-F","hours":"800-1800","hrs_begin":"800","hrs_end":"1800","regdetails":null,"modified":null,"editor":null,"rpparea1":"G","rpparea2":"K","rpparea3":null,"fid_100":"5827","length_ft":"411","conflict":"0","enacted":null,"created_us":null,"created_da":null,"last_edite":null,"last_edi_1":null,"hrlimit":"2","created_user":null,"created_date":null,"last_edited_user":"MTA","last_edited_date":"2017-05-12 17:13:25-07:00","rpp_sym":"lapis lazuli, 2.5 pt, no dash","mtab_date":null,"mtab_motion":null,"mtab_reso_text":null,"sym_rpp2":"lapis lazuli, 2.5 pt, no dash | 2, M-F, 800-1800","globalid":null,"exceptions":"Yes. RPP holders are exempt from time limits.","from_time":"8am","to_time":"6pm","data_as_of":"2017-05-12T17:13:25.000","analysis_neighborhood":"Pacific Heights","supervisor_district":"2","data_loaded_at":"2026-06-13T10:29:08.190",":id":"row-znhq_b8c5_au7y",":version":"rv-bkm2_3am3-zz8s",":created_at":"2026-06-13T17:29:18.307Z",":updated_at":"2026-06-13T17:29:18.307Z"}},{"type":"Feature","geometry":{"type":"MultiLineString","coordinates":[[[-122.436819137,37.787615024],[-122.435433885,37.787791026]]]},"properties":{"objectid":"6522","agency":null,"regulation":"Time limited","days":"M-F","hours":"800-1800","hrs_begin":"800","hrs_end":"1800","regdetails":null,"modified":null,"editor":null,"rpparea1":"G","rpparea2":null,"rpparea3":null,"fid_100":"5729","length_ft":"405","conflict":"0","enacted":null,"created_us":null,"created_da":null,"last_edite":null,"last_edi_1":null,"hrlimit":"2","created_user":null,"created_date":null,"last_edited_user":"MTA","last_edited_date":"2017-05-12 17:13:23-07:00","rpp_sym":"lapis lazuli, 2.5 pt, no dash","mtab_date":null,"mtab_motion":null,"mtab_reso_text":null,"sym_rpp2":"lapis lazuli, 2.5 pt, no dash | 2, M-F, 800-1800","globalid":null,"exceptions":"Yes. RPP holders are exempt from time limits.","from_time":"8am","to_time":"6pm","data_as_of":"2017-05-12T17:13:23.000","analysis_neighborhood":"Pacific Heights","supervisor_district":"2","data_loaded_at":"2026-06-13T10:29:08.190",":id":"row-42qe_nbqc~huhp",":version":"rv-t32e_s6q6.sx67",":created_at":"2026-06-13T17:29:18.307Z",":updated_at":"2026-06-13T17:29:18.307Z"}},{"type":"Feature","geometry":{"type":"MultiLineString","coordinates":[[[-122.425070234,37.788023549],[-122.42371485,37.788196472]]]},"properties":{"objectid":"77","agency":null,"regulation":"Time limited","days":"M-F","hours":"800-1800","hrs_begin":"800","hrs_end":"1800","regdetails":null,"modified":null,"editor":null,"rpparea1":"G","rpparea2":null,"rpparea3":null,"fid_100":"5590","length_ft":"397","conflict":"0","enacted":null,"created_us":null,"created_da":null,"last_edite":null,"last_edi_1":null,"hrlimit":"2","created_user":null,"created_date":null,"last_edited_user":"MTA","last_edited_date":"2017-05-12 17:13:15-07:00","rpp_sym":"lapis lazuli, 2.5 pt, no dash","mtab_date":null,"mtab_motion":null,"mtab_reso_text":null,"sym_rpp2":"lapis lazuli, 2.5 pt, no dash | 2, M-F, 800-1800","globalid":null,"exceptions":"Yes. RPP holders are exempt from time limits.","from_time":"8am","to_time":"6pm","data_as_of":"2017-05-12T17:13:15.000","analysis_neighborhood":"Western Addition","supervisor_district":"2","data_loaded_at":"2026-06-13T10:29:08.190",":id":"row-75nu_eahn.ng94",":version":"rv-tx2v_x9d9-tzz3",":created_at":"2026-06-13T17:29:18.307Z",":updated_at":"2026-06-13T17:29:18.307Z"}},{"type":"Feature","geometry":{"type":"MultiLineString","coordinates":[[[-122.440852701,37.790829303],[-122.439443232,37.791008647]]]},"properties":{"objectid":"2121","agency":null,"regulation":"Time limited","days":"M-F","hours":"800-1800","hrs_begin":"800","hrs_end":"1800","regdetails":null,"modified":null,"editor":null,"rpparea1":"G","rpparea2":null,"rpparea3":null,"fid_100":"5779","length_ft":"412","conflict":"0","enacted":null,"created_us":null,"created_da":null,"last_edite":null,"last_edi_1":null,"hrlimit":"2","created_user":null,"created_date":null,"last_edited_user":"MTA","last_edited_date":"2017-05-12 17:13:35-07:00","rpp_sym":"lapis lazuli, 2.5 pt, no dash","mtab_date":null,"mtab_motion":null,"mtab_reso_text":null,"sym_rpp2":"lapis lazuli, 2.5 pt, no dash | 2, M-F, 800-1800","globalid":null,"exceptions":"Yes. RPP holders are exempt from time limits.","from_time":"8am","to_time":"6pm","data_as_of":"2017-05-12T17:13:35.000","analysis_neighborhood":"Pacific Heights","supervisor_district":"2","data_loaded_at":"2026-06-13T10:29:08.190",":id":"row-z6ys_p9f4-nrz7",":version":"rv-kqf3-v2it.hrzi",":created_at":"2026-06-13T17:29:18.307Z",":updated_at":"2026-06-13T17:29:18.307Z"}},{"type":"Feature","geometry":{"type":"MultiLineString","coordinates":[[[-122.418757077,37.789744612],[-122.418683169,37.789379553]]]},"properties":{"objectid":"948","agency":null,"regulation":"Time limited","days":"M-Sa","hours":"800-2100","hrs_begin":"800","hrs_end":"2100","regdetails":null,"modified":null,"editor":null,"rpparea1":"C","rpparea2":"G","rpparea3":null,"fid_100":"4811","length_ft":"135","conflict":"0","enacted":null,"created_us":null,"created_da":null,"last_edite":null,"last_edi_1":null,"hrlimit":"2","created_user":null,"created_date":null,"last_edited_user":"MTA","last_edited_date":"2017-05-12 17:17:30-07:00","rpp_sym":"black, 2.5 pt, no dash","mtab_date":null,"mtab_motion":null,"mtab_reso_text":null,"sym_rpp2":"black, 2.5 pt, no dash | 2, M-Sa, 800-2100","globalid":null,"exceptions":"Yes. RPP holders are exempt from time limits.","from_time":"8am","to_time":"9pm","data_as_of":"2017-05-12T17:17:30.000","analysis_neighborhood":"Nob Hill","supervisor_district":"3","data_loaded_at":"2026-06-13T10:29:08.190",":id":"row-vnsi~7gua_dq3p",":version":"rv-9t2p.36g3-8fsi",":created_at":"2026-06-13T17:29:18.307Z",":updated_at":"2026-06-13T17:29:18.307Z"}},{"type":"Feature","geometry":{"type":"MultiLineString","coordinates":[[[-122.44236184,37.789726117],[-122.440955793,37.789903923]]]},"properties":{"objectid":"3804","agency":null,"regulation":"Time limited","days":"M-F","hours":"800-1800","hrs_begin":"800","hrs_end":"1800","regdetails":null,"modified":null,"editor":null,"rpparea1":"G","rpparea2":null,"rpparea3":null,"fid_100":"5950","length_ft":"411","conflict":"0","enacted":null,"created_us":null,"created_da":null,"last_edite":null,"last_edi_1":null,"hrlimit":"2","created_user":null,"created_date":null,"last_edited_user":"MTA","last_edited_date":"2017-05-12 17:13:39-07:00","rpp_sym":"lapis lazuli, 2.5 pt, no dash","mtab_date":null,"mtab_motion":null,"mtab_reso_text":null,"sym_rpp2":"lapis lazuli, 2.5 pt, no dash | 2, M-F, 800-1800","globalid":null,"exceptions":"Yes. RPP holders are exempt from time limits.","from_time":"8am","to_time":"6pm","data_as_of":"2017-05-12T17:13:39.000","analysis_neighborhood":"Pacific Heights","supervisor_district":"2","data_loaded_at":"2026-06-13T10:29:08.190",":id":"row-8iix_yfq7~6a54",":version":"rv-zhmw-mrsp.uee6",":created_at":"2026-06-13T17:29:18.307Z",":updated_at":"2026-06-13T17:29:18.307Z"}},{"type":"Feature","geometry":{"type":"MultiLineString","coordinates":[[[-122.438272415,37.786473941],[-122.436878916,37.786651889]]]},"properties":{"objectid":"4335","agency":null,"regulation":"Time limited","days":"M-F","hours":"800-1800","hrs_begin":"800","hrs_end":"1800","regdetails":null,"modified":null,"editor":null,"rpparea1":"G","rpparea2":null,"rpparea3":null,"fid_100":"5695","length_ft":"408","conflict":"0","enacted":null,"created_us":null,"created_da":null,"last_edite":null,"last_edi_1":null,"hrlimit":"2","created_user":null,"created_date":null,"last_edited_user":"MTA","last_edited_date":"2017-05-12 17:13:11-07:00","rpp_sym":"lapis lazuli, 2.5 pt, no dash","mtab_date":null,"mtab_motion":null,"mtab_reso_text":null,"sym_rpp2":"lapis lazuli, 2.5 pt, no dash | 2, M-F, 800-1800","globalid":null,"exceptions":"Yes. RPP holders are exempt from time limits.","from_time":"8am","to_time":"6pm","data_as_of":"2017-05-12T17:13:11.000","analysis_neighborhood":"Pacific Heights","supervisor_district":"5","data_loaded_at":"2026-06-13T10:29:08.190",":id":"row-xdbp_w3ck.rmeq",":version":"rv-ceh9-ihen~z42b",":created_at":"2026-06-13T17:29:18.307Z",":updated_at":"2026-06-13T17:29:18.307Z"}}]}